Godot Engine v4.7.2.stable.official.ed1daf0bf - https://godotengine.org

[   0% ] [90m[1mfirst_scan_filesystem[22m | Started 项目初始化 (5 steps)[39m[0m
[   0% ] [90m[1mfirst_scan_filesystem[22m | 正在扫描文件结构……[39m[0m
[  16% ] [90m[1mfirst_scan_filesystem[22m | 正在加载全局类名……[39m[0m
[  33% ] [90m[1mfirst_scan_filesystem[22m | 正在校验 GDExtension……[39m[0m
[  50% ] [90m[1mfirst_scan_filesystem[22m | 正在创建自动加载脚本……[39m[0m
[  66% ] [90m[1mfirst_scan_filesystem[22m | 正在初始化插件……[39m[0m
[  83% ] [90m[1mfirst_scan_filesystem[22m | 正在启动文件扫描……[39m[0m
[92m[ DONE ][39m [1mfirst_scan_filesystem[22m
[0m
[   0% ] [90m[1msavepack[22m | Started 打包中 (102 steps)[39m[0m
[   1% ] [90m[1msavepack[22m | 正在保存文件：res://.godot/imported/puzzle-good.wav-e26293176055d6492a351c09d1b938a9.sample[39m[0m
[   1% ] [90m[1msavepack[22m | 正在保存文件：res://InheritanceTasks/Audio/action-story-v3/puzzle-good.wav.import[39m[0m
[   1% ] [90m[1msavepack[22m | 正在保存文件：res://.godot/imported/puzzle-miss.wav-25b99f8db599058d71d6ad271aec389b.sample[39m[0m
[   1% ] [90m[1msavepack[22m | 正在保存文件：res://InheritanceTasks/Audio/action-story-v3/puzzle-miss.wav.import[39m[0m
[   1% ] [90m[1msavepack[22m | 正在保存文件：res://InheritanceTasks/Audio/action-story-v3/sources.json[39m[0m
[   1% ] [90m[1msavepack[22m | 正在保存文件：res://.godot/imported/bow.wav-974da8b8c9cc578fd9ca4312c46bbd4b.sample[39m[0m
[   1% ] [90m[1msavepack[22m | 正在保存文件：res://InheritanceTasks/Audio/rhythm-v2/bow.wav.import[39m[0m
[   1% ] [90m[1msavepack[22m | 正在保存文件：res://.godot/imported/calibration.ogg-7ab191aec3caaffb115d02700d1d9cd6.oggvorbisstr[39m[0m
[   1% ] [90m[1msavepack[22m | 正在保存文件：res://InheritanceTasks/Audio/rhythm-v2/calibration.ogg.import[39m[0m
[   1% ] [90m[1msavepack[22m | 正在保存文件：res://.godot/imported/confirm.wav-0564bcfc424a4ef9eb946ad73c35a6bb.sample[39m[0m
[   1% ] [90m[1msavepack[22m | 正在保存文件：res://InheritanceTasks/Audio/rhythm-v2/confirm.wav.import[39m[0m
[   1% ] [90m[1msavepack[22m | 正在保存文件：res://.godot/imported/count.wav-33ab986d785f336036715d113df47ef8.sample[39m[0m
[   1% ] [90m[1msavepack[22m | 正在保存文件：res://InheritanceTasks/Audio/rhythm-v2/count.wav.import[39m[0m
[   1% ] [90m[1msavepack[22m | 正在保存文件：res://.godot/imported/dance.wav-0178916863674c27376dd6ecd02ec1e6.sample[39m[0m
[   1% ] [90m[1msavepack[22m | 正在保存文件：res://InheritanceTasks/Audio/rhythm-v2/dance.wav.import[39m[0m
[   1% ] [90m[1msavepack[22m | 正在保存文件：res://.godot/imported/drum.wav-bb46a45cf96dc2a726e94578b1bcd837.sample[39m[0m
[   1% ] [90m[1msavepack[22m | 正在保存文件：res://InheritanceTasks/Audio/rhythm-v2/drum.wav.import[39m[0m
[   1% ] [90m[1msavepack[22m | 正在保存文件：res://.godot/imported/gu_pen_ge-lesson.ogg-bf55d4010b4bdd58d12aa836d192b5ed.oggvorbisstr[39m[0m
[   1% ] [90m[1msavepack[22m | 正在保存文件：res://InheritanceTasks/Audio/rhythm-v2/gu_pen_ge-lesson.ogg.import[39m[0m
[   1% ] [90m[1msavepack[22m | 正在保存文件：res://.godot/imported/gu_pen_ge-mix.ogg-7c9239672b88e00fb6709a3c179ff9e3.oggvorbisstr[39m[0m
[   1% ] [90m[1msavepack[22m | 正在保存文件：res://InheritanceTasks/Audio/rhythm-v2/gu_pen_ge-mix.ogg.import[39m[0m
[   1% ] [90m[1msavepack[22m | 正在保存文件：res://.godot/imported/gu_pen_ge-sample.ogg-66e091e6d8e985e3a682aec27e91471d.oggvorbisstr[39m[0m
[   1% ] [90m[1msavepack[22m | 正在保存文件：res://InheritanceTasks/Audio/rhythm-v2/gu_pen_ge-sample.ogg.import[39m[0m
[   1% ] [90m[1msavepack[22m | 正在保存文件：res://.godot/imported/han_ju-lesson.ogg-984c21b638346ba43ac16b30285dc8d9.oggvorbisstr[39m[0m
[   1% ] [90m[1msavepack[22m | 正在保存文件：res://InheritanceTasks/Audio/rhythm-v2/han_ju-lesson.ogg.import[39m[0m
[   1% ] [90m[1msavepack[22m | 正在保存文件：res://.godot/imported/han_ju-mix.ogg-e44790fba4e9f05c98802f82f172df5f.oggvorbisstr[39m[0m
[   1% ] [90m[1msavepack[22m | 正在保存文件：res://InheritanceTasks/Audio/rhythm-v2/han_ju-mix.ogg.import[39m[0m
[   1% ] [90m[1msavepack[22m | 正在保存文件：res://.godot/imported/han_ju-sample.ogg-0fe604e3975bcd0a3c6bb71d04358eee.oggvorbisstr[39m[0m
[   1% ] [90m[1msavepack[22m | 正在保存文件：res://InheritanceTasks/Audio/rhythm-v2/han_ju-sample.ogg.import[39m[0m
[   1% ] [90m[1msavepack[22m | 正在保存文件：res://.godot/imported/jingzhou_hua_gu_xi-lesson.ogg-245896403f20f642f36b05394117a649.oggvorbisstr[39m[0m
[   1% ] [90m[1msavepack[22m | 正在保存文件：res://InheritanceTasks/Audio/rhythm-v2/jingzhou_hua_gu_xi-lesson.ogg.import[39m[0m
[   1% ] [90m[1msavepack[22m | 正在保存文件：res://.godot/imported/jingzhou_hua_gu_xi-mix.ogg-ec56adc490073e8156db205ffd3e901d.oggvorbisstr[39m[0m
[   1% ] [90m[1msavepack[22m | 正在保存文件：res://InheritanceTasks/Audio/rhythm-v2/jingzhou_hua_gu_xi-mix.ogg.import[39m[0m
[   1% ] [90m[1msavepack[22m | 正在保存文件：res://.godot/imported/jingzhou_hua_gu_xi-sample.ogg-3e7f8337459adcde557214316ff8ad60.oggvorbisstr[39m[0m
[   1% ] [90m[1msavepack[22m | 正在保存文件：res://InheritanceTasks/Audio/rhythm-v2/jingzhou_hua_gu_xi-sample.ogg.import[39m[0m
[   1% ] [90m[1msavepack[22m | 正在保存文件：res://.godot/imported/laohekou_si_xian-lesson.ogg-283446662dc1d11300d5c3a6d7c5352d.oggvorbisstr[39m[0m
[   1% ] [90m[1msavepack[22m | 正在保存文件：res://InheritanceTasks/Audio/rhythm-v2/laohekou_si_xian-lesson.ogg.import[39m[0m
[   1% ] [90m[1msavepack[22m | 正在保存文件：res://.godot/imported/laohekou_si_xian-mix.ogg-85964af55621aeea9d18ab1bb9d99e9e.oggvorbisstr[39m[0m
[   1% ] [90m[1msavepack[22m | 正在保存文件：res://InheritanceTasks/Audio/rhythm-v2/laohekou_si_xian-mix.ogg.import[39m[0m
[   2% ] [90m[1msavepack[22m | 正在保存文件：res://.godot/imported/laohekou_si_xian-sample.ogg-bf56ab398188b24b5810bf36c693a74b.oggvorbisstr[39m[0m
[   2% ] [90m[1msavepack[22m | 正在保存文件：res://InheritanceTasks/Audio/rhythm-v2/laohekou_si_xian-sample.ogg.import[39m[0m
[   2% ] [90m[1msavepack[22m | 正在保存文件：res://InheritanceTasks/Audio/rhythm-v2/manifest.json[39m[0m
[   2% ] [90m[1msavepack[22m | 正在保存文件：res://.godot/imported/pluck.wav-3e50a6120bca5514966793480efff330.sample[39m[0m
[   2% ] [90m[1msavepack[22m | 正在保存文件：res://InheritanceTasks/Audio/rhythm-v2/pluck.wav.import[39m[0m
[   2% ] [90m[1msavepack[22m | 正在保存文件：res://.godot/imported/sing.wav-38bd7c2a3dd629322711e1c14094e96a.sample[39m[0m
[   2% ] [90m[1msavepack[22m | 正在保存文件：res://InheritanceTasks/Audio/rhythm-v2/sing.wav.import[39m[0m
[   2% ] [90m[1msavepack[22m | 正在保存文件：res://.godot/imported/switch.wav-e587201802d9bab7d5410550eb87f6e9.sample[39m[0m
[   2% ] [90m[1msavepack[22m | 正在保存文件：res://InheritanceTasks/Audio/rhythm-v2/switch.wav.import[39m[0m
[   2% ] [90m[1msavepack[22m | 正在保存文件：res://.godot/imported/ti_qin_xi-lesson.ogg-b23a8a72683c5c62ff674cda83afd5f3.oggvorbisstr[39m[0m
[   2% ] [90m[1msavepack[22m | 正在保存文件：res://InheritanceTasks/Audio/rhythm-v2/ti_qin_xi-lesson.ogg.import[39m[0m
[   2% ] [90m[1msavepack[22m | 正在保存文件：res://.godot/imported/ti_qin_xi-mix.ogg-717261da230d42c8e119391d62c18f57.oggvorbisstr[39m[0m
[   2% ] [90m[1msavepack[22m | 正在保存文件：res://InheritanceTasks/Audio/rhythm-v2/ti_qin_xi-mix.ogg.import[39m[0m
[   2% ] [90m[1msavepack[22m | 正在保存文件：res://.godot/imported/ti_qin_xi-sample.ogg-d6c701954fe2d523abfc68bce1769ac1.oggvorbisstr[39m[0m
[   2% ] [90m[1msavepack[22m | 正在保存文件：res://InheritanceTasks/Audio/rhythm-v2/ti_qin_xi-sample.ogg.import[39m[0m
[   2% ] [90m[1msavepack[22m | 正在保存文件：res://.godot/imported/tujia_saye_erhe-lesson.ogg-dfdcc9c572ed404216b55d487b04f037.oggvorbisstr[39m[0m
[   2% ] [90m[1msavepack[22m | 正在保存文件：res://InheritanceTasks/Audio/rhythm-v2/tujia_saye_erhe-lesson.ogg.import[39m[0m
[   2% ] [90m[1msavepack[22m | 正在保存文件：res://.godot/imported/tujia_saye_erhe-mix.ogg-7973b7701c2387bc0ae20abc802d1f7c.oggvorbisstr[39m[0m
[   2% ] [90m[1msavepack[22m | 正在保存文件：res://InheritanceTasks/Audio/rhythm-v2/tujia_saye_erhe-mix.ogg.import[39m[0m
[   2% ] [90m[1msavepack[22m | 正在保存文件：res://.godot/imported/tujia_saye_erhe-sample.ogg-534c9b3161d7cb595317703034edd6af.oggvorbisstr[39m[0m
[   2% ] [90m[1msavepack[22m | 正在保存文件：res://InheritanceTasks/Audio/rhythm-v2/tujia_saye_erhe-sample.ogg.import[39m[0m
[   2% ] [90m[1msavepack[22m | 正在保存文件：res://InheritanceTasks/Audio/rhythm-v3/baseline-v2/gu_pen_ge.json[39m[0m
[   2% ] [90m[1msavepack[22m | 正在保存文件：res://InheritanceTasks/Audio/rhythm-v3/baseline-v2/han_ju.json[39m[0m
[   2% ] [90m[1msavepack[22m | 正在保存文件：res://InheritanceTasks/Audio/rhythm-v3/baseline-v2/jingzhou_hua_gu_xi.json[39m[0m
[   2% ] [90m[1msavepack[22m | 正在保存文件：res://InheritanceTasks/Audio/rhythm-v3/baseline-v2/laohekou_si_xian.json[39m[0m
[   2% ] [90m[1msavepack[22m | 正在保存文件：res://InheritanceTasks/Audio/rhythm-v3/baseline-v2/ti_qin_xi.json[39m[0m
[   2% ] [90m[1msavepack[22m | 正在保存文件：res://InheritanceTasks/Audio/rhythm-v3/baseline-v2/tujia_saye_erhe.json[39m[0m
[   2% ] [90m[1msavepack[22m | 正在保存文件：res://.godot/imported/gu_pen_ge-lesson-1.ogg-ebd382a8aa8a5d7ff77aed2129c61270.oggvorbisstr[39m[0m
[   2% ] [90m[1msavepack[22m | 正在保存文件：res://InheritanceTasks/Audio/rhythm-v3/gu_pen_ge-lesson-1.ogg.import[39m[0m
[   2% ] [90m[1msavepack[22m | 正在保存文件：res://.godot/imported/gu_pen_ge-lesson-2.ogg-9efdcf78b90656d7a8deac06ac72e376.oggvorbisstr[39m[0m
[   2% ] [90m[1msavepack[22m | 正在保存文件：res://InheritanceTasks/Audio/rhythm-v3/gu_pen_ge-lesson-2.ogg.import[39m[0m
[   3% ] [90m[1msavepack[22m | 正在保存文件：res://.godot/imported/han_ju-lesson-1.ogg-96af598eab438b96fa8d01e66c713791.oggvorbisstr[39m[0m
[   3% ] [90m[1msavepack[22m | 正在保存文件：res://InheritanceTasks/Audio/rhythm-v3/han_ju-lesson-1.ogg.import[39m[0m
[   3% ] [90m[1msavepack[22m | 正在保存文件：res://.godot/imported/han_ju-lesson-2.ogg-98a3a62e5cee9bf729ca5de59e30cff8.oggvorbisstr[39m[0m
[   3% ] [90m[1msavepack[22m | 正在保存文件：res://InheritanceTasks/Audio/rhythm-v3/han_ju-lesson-2.ogg.import[39m[0m
[   3% ] [90m[1msavepack[22m | 正在保存文件：res://.godot/imported/jingzhou_hua_gu_xi-lesson-1.ogg-b011cc7ff9cec50c0b7b468fd2299b12.oggvorbisstr[39m[0m
[   3% ] [90m[1msavepack[22m | 正在保存文件：res://InheritanceTasks/Audio/rhythm-v3/jingzhou_hua_gu_xi-lesson-1.ogg.import[39m[0m
[   3% ] [90m[1msavepack[22m | 正在保存文件：res://.godot/imported/jingzhou_hua_gu_xi-lesson-2.ogg-d1d1708e6a3b2581216eb2adaaade117.oggvorbisstr[39m[0m
[   3% ] [90m[1msavepack[22m | 正在保存文件：res://InheritanceTasks/Audio/rhythm-v3/jingzhou_hua_gu_xi-lesson-2.ogg.import[39m[0m
[   3% ] [90m[1msavepack[22m | 正在保存文件：res://.godot/imported/jingzhou_hua_gu_xi-lesson-3.ogg-80b0a893c8b7810518a450f84c082ca4.oggvorbisstr[39m[0m
[   3% ] [90m[1msavepack[22m | 正在保存文件：res://InheritanceTasks/Audio/rhythm-v3/jingzhou_hua_gu_xi-lesson-3.ogg.import[39m[0m
[   3% ] [90m[1msavepack[22m | 正在保存文件：res://.godot/imported/laohekou_si_xian-lesson-1.ogg-890aaa29dba9e296118b1f3481a33dff.oggvorbisstr[39m[0m
[   3% ] [90m[1msavepack[22m | 正在保存文件：res://InheritanceTasks/Audio/rhythm-v3/laohekou_si_xian-lesson-1.ogg.import[39m[0m
[   3% ] [90m[1msavepack[22m | 正在保存文件：res://.godot/imported/laohekou_si_xian-lesson-2.ogg-4b65827146fc01433d8bd221cab0834a.oggvorbisstr[39m[0m
[   3% ] [90m[1msavepack[22m | 正在保存文件：res://InheritanceTasks/Audio/rhythm-v3/laohekou_si_xian-lesson-2.ogg.import[39m[0m
[   3% ] [90m[1msavepack[22m | 正在保存文件：res://.godot/imported/laohekou_si_xian-lesson-3.ogg-7bbaf0d6a6961415e9c1a322b32e136b.oggvorbisstr[39m[0m
[   3% ] [90m[1msavepack[22m | 正在保存文件：res://InheritanceTasks/Audio/rhythm-v3/laohekou_si_xian-lesson-3.ogg.import[39m[0m
[   3% ] [90m[1msavepack[22m | 正在保存文件：res://InheritanceTasks/Audio/rhythm-v3/manifest.json[39m[0m
[   3% ] [90m[1msavepack[22m | 正在保存文件：res://.godot/imported/ti_qin_xi-lesson-1.ogg-db7a040c3d7f14d070316342b8bff41b.oggvorbisstr[39m[0m
[   3% ] [90m[1msavepack[22m | 正在保存文件：res://InheritanceTasks/Audio/rhythm-v3/ti_qin_xi-lesson-1.ogg.import[39m[0m
[   3% ] [90m[1msavepack[22m | 正在保存文件：res://.godot/imported/ti_qin_xi-lesson-2.ogg-6834b795791486e612ab3d22096b6e25.oggvorbisstr[39m[0m
[   3% ] [90m[1msavepack[22m | 正在保存文件：res://InheritanceTasks/Audio/rhythm-v3/ti_qin_xi-lesson-2.ogg.import[39m[0m
[   3% ] [90m[1msavepack[22m | 正在保存文件：res://.godot/imported/ti_qin_xi-lesson-3.ogg-7ab9ccc0942b93ba93254b59b79194cf.oggvorbisstr[39m[0m
[   3% ] [90m[1msavepack[22m | 正在保存文件：res://InheritanceTasks/Audio/rhythm-v3/ti_qin_xi-lesson-3.ogg.import[39m[0m
[   3% ] [90m[1msavepack[22m | 正在保存文件：res://.godot/imported/tujia_saye_erhe-lesson-1.ogg-2bf062fba15ee6b350bd33293d3d2ed7.oggvorbisstr[39m[0m
[   3% ] [90m[1msavepack[22m | 正在保存文件：res://InheritanceTasks/Audio/rhythm-v3/tujia_saye_erhe-lesson-1.ogg.import[39m[0m
[   3% ] [90m[1msavepack[22m | 正在保存文件：res://.godot/imported/tujia_saye_erhe-lesson-2.ogg-81c2ce39aeb62f30dc14244bee29a30a.oggvorbisstr[39m[0m
[   3% ] [90m[1msavepack[22m | 正在保存文件：res://InheritanceTasks/Audio/rhythm-v3/tujia_saye_erhe-lesson-2.ogg.import[39m[0m
[   3% ] [90m[1msavepack[22m | 正在保存文件：res://.godot/imported/tujia_saye_erhe-lesson-3.ogg-e38bcfcb209da9a0beaa1ec16ce8262e.oggvorbisstr[39m[0m
[   3% ] [90m[1msavepack[22m | 正在保存文件：res://InheritanceTasks/Audio/rhythm-v3/tujia_saye_erhe-lesson-3.ogg.import[39m[0m
[   3% ] [90m[1msavepack[22m | 正在保存文件：res://.godot/imported/tujia_saye_erhe-lesson-4.ogg-5a821997aae475fa5859ea301829f821.oggvorbisstr[39m[0m
[   3% ] [90m[1msavepack[22m | 正在保存文件：res://InheritanceTasks/Audio/rhythm-v3/tujia_saye_erhe-lesson-4.ogg.import[39m[0m
[   3% ] [90m[1msavepack[22m | 正在保存文件：res://InheritanceTasks/Audio/rhythm-v4/previous/han_ju.json[39m[0m
[   3% ] [90m[1msavepack[22m | 正在保存文件：res://InheritanceTasks/Audio/rhythm-v4/previous/jingzhou_hua_gu_xi.json[39m[0m
[   3% ] [90m[1msavepack[22m | 正在保存文件：res://InheritanceTasks/Audio/rhythm-v4/previous/laohekou_si_xian.json[39m[0m
[   4% ] [90m[1msavepack[22m | 正在保存文件：res://InheritanceTasks/Audio/rhythm-v4/previous/ti_qin_xi.json[39m[0m
[   4% ] [90m[1msavepack[22m | 正在保存文件：res://InheritanceTasks/Audio/rhythm-v4/previous/tujia_saye_erhe.json[39m[0m
[   4% ] [90m[1msavepack[22m | 正在保存文件：res://.godot/imported/bow-lesson-0.ogg-e75bbce057fef348c5aa9acc34a469ec.oggvorbisstr[39m[0m
[   4% ] [90m[1msavepack[22m | 正在保存文件：res://InheritanceTasks/Audio/rhythm-v4/bow-lesson-0.ogg.import[39m[0m
[   4% ] [90m[1msavepack[22m | 正在保存文件：res://.godot/imported/bow-lesson-1.ogg-45858aa209717965e2ce607dd1ce6cbf.oggvorbisstr[39m[0m
[   4% ] [90m[1msavepack[22m | 正在保存文件：res://InheritanceTasks/Audio/rhythm-v4/bow-lesson-1.ogg.import[39m[0m
[   4% ] [90m[1msavepack[22m | 正在保存文件：res://.godot/imported/bow-lesson-2.ogg-eb6d9b5f9e951840f798b3f158142146.oggvorbisstr[39m[0m
[   4% ] [90m[1msavepack[22m | 正在保存文件：res://InheritanceTasks/Audio/rhythm-v4/bow-lesson-2.ogg.import[39m[0m
[   4% ] [90m[1msavepack[22m | 正在保存文件：res://.godot/imported/bow-recorded.wav-79bdf48aeb96ed7bf36f05f4a8fe147a.sample[39m[0m
[   4% ] [90m[1msavepack[22m | 正在保存文件：res://InheritanceTasks/Audio/rhythm-v4/bow-recorded.wav.import[39m[0m
[   4% ] [90m[1msavepack[22m | 正在保存文件：res://.godot/imported/dance-lesson-0.ogg-d3ed8ce5bd1bddf63c1c0238bd454564.oggvorbisstr[39m[0m
[   4% ] [90m[1msavepack[22m | 正在保存文件：res://InheritanceTasks/Audio/rhythm-v4/dance-lesson-0.ogg.import[39m[0m
[   4% ] [90m[1msavepack[22m | 正在保存文件：res://.godot/imported/dance-lesson-1.ogg-547011c737b62af76f919efd9d13d1ce.oggvorbisstr[39m[0m
[   4% ] [90m[1msavepack[22m | 正在保存文件：res://InheritanceTasks/Audio/rhythm-v4/dance-lesson-1.ogg.import[39m[0m
[   4% ] [90m[1msavepack[22m | 正在保存文件：res://.godot/imported/han_ju-continuous.ogg-451822d624d19141c616d37c1a2f922a.oggvorbisstr[39m[0m
[   4% ] [90m[1msavepack[22m | 正在保存文件：res://InheritanceTasks/Audio/rhythm-v4/han_ju-continuous.ogg.import[39m[0m
[   4% ] [90m[1msavepack[22m | 正在保存文件：res://.godot/imported/jingzhou_hua_gu_xi-continuous.ogg-9eab8c2917839673d017c8b17efe6fa0.oggvorbisstr[39m[0m
[   4% ] [90m[1msavepack[22m | 正在保存文件：res://InheritanceTasks/Audio/rhythm-v4/jingzhou_hua_gu_xi-continuous.ogg.import[39m[0m
[   4% ] [90m[1msavepack[22m | 正在保存文件：res://.godot/imported/laohekou_si_xian-continuous.ogg-39cd1760a69a45f4bafa313107c6560c.oggvorbisstr[39m[0m
[   4% ] [90m[1msavepack[22m | 正在保存文件：res://InheritanceTasks/Audio/rhythm-v4/laohekou_si_xian-continuous.ogg.import[39m[0m
[   4% ] [90m[1msavepack[22m | 正在保存文件：res://InheritanceTasks/Audio/rhythm-v4/manifest.json[39m[0m
[   4% ] [90m[1msavepack[22m | 正在保存文件：res://.godot/imported/pluck-lesson-0.ogg-30fba92953794431efdfda040a57e3c3.oggvorbisstr[39m[0m
[   4% ] [90m[1msavepack[22m | 正在保存文件：res://InheritanceTasks/Audio/rhythm-v4/pluck-lesson-0.ogg.import[39m[0m
[   4% ] [90m[1msavepack[22m | 正在保存文件：res://.godot/imported/pluck-lesson-1.ogg-13e7163aabe92f0d3c4ddb8f5305fd26.oggvorbisstr[39m[0m
[   4% ] [90m[1msavepack[22m | 正在保存文件：res://InheritanceTasks/Audio/rhythm-v4/pluck-lesson-1.ogg.import[39m[0m
[   4% ] [90m[1msavepack[22m | 正在保存文件：res://.godot/imported/sing-lesson-0.ogg-628b47466c3d2db077f66e769bc7b24f.oggvorbisstr[39m[0m
[   4% ] [90m[1msavepack[22m | 正在保存文件：res://InheritanceTasks/Audio/rhythm-v4/sing-lesson-0.ogg.import[39m[0m
[   4% ] [90m[1msavepack[22m | 正在保存文件：res://InheritanceTasks/AudioNative/models/crepe_tiny.onnx[39m[0m
[   4% ] [90m[1msavepack[22m | 正在保存文件：res://常量数据结构.gdc[39m[0m
[   4% ] [90m[1msavepack[22m | 正在保存文件：res://.godot/exported/133200997/export-8b03550a1e82db90fe95208a9e9dbb82-main_menu.scn[39m[0m
[   4% ] [90m[1msavepack[22m | 正在保存文件：res://main_menu.gdc[39m[0m
[   5% ] [90m[1msavepack[22m | 正在保存文件：res://.godot/exported/133200997/export-6da88add2300567ee0a94f2aeadd3e4f-main_map.scn[39m[0m
[   5% ] [90m[1msavepack[22m | 正在保存文件：res://main_map.gdc[39m[0m
[   5% ] [90m[1msavepack[22m | 正在保存文件：res://.godot/imported/icon.svg-218a8f2b3041327d8a5756f3a245f83b.ctex[39m[0m
[   5% ] [90m[1msavepack[22m | 正在保存文件：res://icon.svg.import[39m[0m
[   5% ] [90m[1msavepack[22m | 正在保存文件：res://.gutconfig.json[39m[0m
[   5% ] [90m[1msavepack[22m | 正在保存文件：res://.godot/exported/133200997/export-b3e7572ca412bf91cf8544dcf9a295ea-市基类.scn[39m[0m
[   5% ] [90m[1msavepack[22m | 正在保存文件：res://地图/市基类.gdc[39m[0m
[   5% ] [90m[1msavepack[22m | 正在保存文件：res://.godot/exported/133200997/export-19e495317bb2b11f7aa1f4496cdc106e-map_section.scn[39m[0m
[   5% ] [90m[1msavepack[22m | 正在保存文件：res://地图/map_section.gdc[39m[0m
[   5% ] [90m[1msavepack[22m | 正在保存文件：res://.godot/exported/133200997/export-2033d5bb8d17e7423a95ab47b0ee1aec-map.scn[39m[0m
[   5% ] [90m[1msavepack[22m | 正在保存文件：res://地图/map.gdc[39m[0m
[   5% ] [90m[1msavepack[22m | 正在保存文件：res://UI/Shared/main_ui.gdc[39m[0m
[   5% ] [90m[1msavepack[22m | 正在保存文件：res://UI/Shared/main_hud_layout.gdc[39m[0m
[   5% ] [90m[1msavepack[22m | 正在保存文件：res://UI/Shared/feiyi_detail_content.gdc[39m[0m
[   5% ] [90m[1msavepack[22m | 正在保存文件：res://UI/Shared/board_panel_layout.gdc[39m[0m
[   5% ] [90m[1msavepack[22m | 正在保存文件：res://UI/Shared/board_modal_guard.gdc[39m[0m
[   5% ] [90m[1msavepack[22m | 正在保存文件：res://UI/Shared/board_exit_confirmation.gdc[39m[0m
[   5% ] [90m[1msavepack[22m | 正在保存文件：res://UI/Shared/board_dice_presenter.gdc[39m[0m
[   5% ] [90m[1msavepack[22m | 正在保存文件：res://UI/Settings/settings_panel.gdc[39m[0m
[   5% ] [90m[1msavepack[22m | 正在保存文件：res://UI/Settings/game_settings.gdc[39m[0m
[   6% ] [90m[1msavepack[22m | 正在保存文件：res://UI/GameGuide/manual_topic.gdc[39m[0m
[   6% ] [90m[1msavepack[22m | 正在保存文件：res://UI/GameGuide/manual_section.gdc[39m[0m
[   6% ] [90m[1msavepack[22m | 正在保存文件：res://UI/GameGuide/manual_catalog.gdc[39m[0m
[   6% ] [90m[1msavepack[22m | 正在保存文件：res://UI/GameGuide/guide_open_context.gdc[39m[0m
[   6% ] [90m[1msavepack[22m | 正在保存文件：res://UI/GameGuide/guide_flow_demo.gdc[39m[0m
[   6% ] [90m[1msavepack[22m | 正在保存文件：res://.godot/exported/133200997/export-fa13c975757576caa429d04aa88e81ca-digital_game_guide.scn[39m[0m
[   6% ] [90m[1msavepack[22m | 正在保存文件：res://UI/GameGuide/digital_game_guide.gdc[39m[0m
[   6% ] [90m[1msavepack[22m | 正在保存文件：res://UI/GameGuide/generated/manual_catalog.json[39m[0m
[   6% ] [90m[1msavepack[22m | 正在保存文件：res://.godot/exported/133200997/export-1450834e1ca65035f3acee460c454e53-minigame_gallery.scn[39m[0m
[   6% ] [90m[1msavepack[22m | 正在保存文件：res://UI/GameGuide/components/minigame_gallery.gdc[39m[0m
[   6% ] [90m[1msavepack[22m | 正在保存文件：res://UI/GameGuide/components/manual_media_block.gdc[39m[0m
[   6% ] [90m[1msavepack[22m | 正在保存文件：res://UI/GameGuide/components/guide_visual_demo.gdc[39m[0m
[   6% ] [90m[1msavepack[22m | 正在保存文件：res://UI/GameGuide/components/guide_feiyi_detail.gdc[39m[0m
[   6% ] [90m[1msavepack[22m | 正在保存文件：res://.godot/exported/133200997/export-49bb6fed2322bd47994f35a59a3a0a1f-stateful_card.scn[39m[0m
[   6% ] [90m[1msavepack[22m | 正在保存文件：res://UI/Frontend/stateful_card.gdc[39m[0m
[   6% ] [90m[1msavepack[22m | 正在保存文件：res://.godot/exported/133200997/export-484e323b779355710e54e724bbf77c52-roster_player_card.scn[39m[0m
[   6% ] [90m[1msavepack[22m | 正在保存文件：res://UI/Frontend/roster_player_card.gdc[39m[0m
[   6% ] [90m[1msavepack[22m | 正在保存文件：res://.godot/exported/133200997/export-f5015ddb49f13693b4629bbe81aea78e-roster_page.scn[39m[0m
[   6% ] [90m[1msavepack[22m | 正在保存文件：res://UI/Frontend/roster_page.gdc[39m[0m
[   6% ] [90m[1msavepack[22m | 正在保存文件：res://.godot/exported/133200997/export-5c50cbefdb0feb65a1a3dd333322e4d0-player_setup_page.scn[39m[0m
[   7% ] [90m[1msavepack[22m | 正在保存文件：res://UI/Frontend/player_setup_page.gdc[39m[0m
[   7% ] [90m[1msavepack[22m | 正在保存文件：res://.godot/exported/133200997/export-409ec3b57519fe02758f0ba106e47338-number_stepper.scn[39m[0m
[   7% ] [90m[1msavepack[22m | 正在保存文件：res://UI/Frontend/number_stepper.gdc[39m[0m
[   7% ] [90m[1msavepack[22m | 正在保存文件：res://UI/Frontend/frontend_ui_preferences.gdc[39m[0m
[   7% ] [90m[1msavepack[22m | 正在保存文件：res://.godot/exported/133200997/export-18ce6b0578c37ca8bd198f6f71f2c18e-frontend_theme.res[39m[0m
[   7% ] [90m[1msavepack[22m | 正在保存文件：res://UI/Frontend/frontend_theme.gdc[39m[0m
[   7% ] [90m[1msavepack[22m | 正在保存文件：res://UI/Frontend/frontend_style.gdc[39m[0m
[   7% ] [90m[1msavepack[22m | 正在保存文件：res://UI/Frontend/frontend_session_launcher.gdc[39m[0m
[   7% ] [90m[1msavepack[22m | 正在保存文件：res://UI/Frontend/frontend_screen_stack.gdc[39m[0m
[   7% ] [90m[1msavepack[22m | 正在保存文件：res://UI/Frontend/frontend_screen.gdc[39m[0m
[   7% ] [90m[1msavepack[22m | 正在保存文件：res://.godot/exported/133200997/export-fb4a237c3e471e34cf67d7a83ff45ca4-frontend_page.scn[39m[0m
[   7% ] [90m[1msavepack[22m | 正在保存文件：res://Tutorial/tutorial_overlay.gdc[39m[0m
[   7% ] [90m[1msavepack[22m | 正在保存文件：res://Tutorial/tutorial_definition.gdc[39m[0m
[   7% ] [90m[1msavepack[22m | 正在保存文件：res://Tutorial/tutorial_controller.gdc[39m[0m
[   7% ] [90m[1msavepack[22m | 正在保存文件：res://.godot/imported/tangsu_example.png-3fb420c44539ffbd9bb5a0b55283350c.ctex[39m[0m
[   7% ] [90m[1msavepack[22m | 正在保存文件：res://Tutorial/tangsu_example.png.import[39m[0m
[   7% ] [90m[1msavepack[22m | 正在保存文件：res://.godot/imported/boat-good.wav-187a339a670d4a482b4b5096ba90bc3e.sample[39m[0m
[   7% ] [90m[1msavepack[22m | 正在保存文件：res://InheritanceTasks/Audio/action-story-v3/boat-good.wav.import[39m[0m
[   7% ] [90m[1msavepack[22m | 正在保存文件：res://.godot/imported/boat-miss.wav-fe00795c19e7f6a7f339c4f96ff6f1a3.sample[39m[0m
[   7% ] [90m[1msavepack[22m | 正在保存文件：res://InheritanceTasks/Audio/action-story-v3/boat-miss.wav.import[39m[0m
[   7% ] [90m[1msavepack[22m | 正在保存文件：res://.godot/imported/cart-good.wav-6ada2addc69a1b2296246d3808e80c0e.sample[39m[0m
[   7% ] [90m[1msavepack[22m | 正在保存文件：res://InheritanceTasks/Audio/action-story-v3/cart-good.wav.import[39m[0m
[   7% ] [90m[1msavepack[22m | 正在保存文件：res://.godot/imported/cart-miss.wav-7599fca16b3f4ddae15ec77daedb70bb.sample[39m[0m
[   7% ] [90m[1msavepack[22m | 正在保存文件：res://InheritanceTasks/Audio/action-story-v3/cart-miss.wav.import[39m[0m
[   8% ] [90m[1msavepack[22m | 正在保存文件：res://.godot/imported/paper-good.wav-8770fb87bb160d610fb86e460a8d7fad.sample[39m[0m
[   8% ] [90m[1msavepack[22m | 正在保存文件：res://InheritanceTasks/Audio/action-story-v3/paper-good.wav.import[39m[0m
[   8% ] [90m[1msavepack[22m | 正在保存文件：res://.godot/imported/paper-miss.wav-83da1637b31e0135a1b8a9f85eb0f66c.sample[39m[0m
[   8% ] [90m[1msavepack[22m | 正在保存文件：res://InheritanceTasks/Audio/action-story-v3/paper-miss.wav.import[39m[0m
[   8% ] [90m[1msavepack[22m | 正在保存文件：res://AI/ai_choice_policy.gdc[39m[0m
[   8% ] [90m[1msavepack[22m | 正在保存文件：res://AI/ai_decision_trace.gdc[39m[0m
[   8% ] [90m[1msavepack[22m | 正在保存文件：res://AI/ai_goal_planner.gdc[39m[0m
[   8% ] [90m[1msavepack[22m | 正在保存文件：res://AI/ai_observation.gdc[39m[0m
[   8% ] [90m[1msavepack[22m | 正在保存文件：res://AI/ai_policy.gdc[39m[0m
[   8% ] [90m[1msavepack[22m | 正在保存文件：res://AI/ai_profile.gdc[39m[0m
[   8% ] [90m[1msavepack[22m | 正在保存文件：res://AI/ai_session_controller.gdc[39m[0m
[   8% ] [90m[1msavepack[22m | 正在保存文件：res://AI/ai_world_adapter.gdc[39m[0m
[   8% ] [90m[1msavepack[22m | 正在保存文件：res://AI/computer_inheritance_service.gdc[39m[0m
[   8% ] [90m[1msavepack[22m | 正在保存文件：res://AI/food_shop_visit.gdc[39m[0m
[   8% ] [90m[1msavepack[22m | 正在保存文件：res://AI/game_action.gdc[39m[0m
[   8% ] [90m[1msavepack[22m | 正在保存文件：res://AI/heritage_score_rules.gdc[39m[0m
[   8% ] [90m[1msavepack[22m | 正在保存文件：res://AI/private_decision_handoff.gdc[39m[0m
[   8% ] [90m[1msavepack[22m | 正在保存文件：res://.godot/imported/back.png-4197f1d04cf8b0c3c087ff6092875706.ctex[39m[0m
[   8% ] [90m[1msavepack[22m | 正在保存文件：res://arts/1x/back.png.import[39m[0m
[   8% ] [90m[1msavepack[22m | 正在保存文件：res://.godot/imported/backgroung.png-3fefaa7383a8ba02132ffdd7ec98df48.ctex[39m[0m
[   8% ] [90m[1msavepack[22m | 正在保存文件：res://arts/1x/backgroung.png.import[39m[0m
[   8% ] [90m[1msavepack[22m | 正在保存文件：res://.godot/imported/close.png-08935b716dbfdecf411627b3dc679ceb.ctex[39m[0m
[   8% ] [90m[1msavepack[22m | 正在保存文件：res://arts/1x/close.png.import[39m[0m
[   8% ] [90m[1msavepack[22m | 正在保存文件：res://.godot/imported/column（左上）.png-858e3bd9b7fec5cb0acea2fbe4c8e4bd.ctex[39m[0m
[   8% ] [90m[1msavepack[22m | 正在保存文件：res://arts/1x/column（左上）.png.import[39m[0m
[   9% ] [90m[1msavepack[22m | 正在保存文件：res://.godot/imported/left.png-c78a270684fd5a600dbcf8137728247b.ctex[39m[0m
[   9% ] [90m[1msavepack[22m | 正在保存文件：res://arts/1x/left.png.import[39m[0m
[   9% ] [90m[1msavepack[22m | 正在保存文件：res://.godot/imported/navigation.png-c04b4360c37b8465a0d6213c17c6d232.ctex[39m[0m
[   9% ] [90m[1msavepack[22m | 正在保存文件：res://arts/1x/navigation.png.import[39m[0m
[   9% ] [90m[1msavepack[22m | 正在保存文件：res://.godot/imported/right.png-f1d14f79c27283b674e4ef8a82d44e45.ctex[39m[0m
[   9% ] [90m[1msavepack[22m | 正在保存文件：res://arts/1x/right.png.import[39m[0m
[   9% ] [90m[1msavepack[22m | 正在保存文件：res://.godot/imported/roll.png-0010a04106eaffd03d245fb3d938566d.ctex[39m[0m
[   9% ] [90m[1msavepack[22m | 正在保存文件：res://arts/1x/roll.png.import[39m[0m
[   9% ] [90m[1msavepack[22m | 正在保存文件：res://.godot/imported/图层 10 (2).png-ca1c578d9eee5f176891cec2d334b052.ctex[39m[0m
[   9% ] [90m[1msavepack[22m | 正在保存文件：res://arts/1x/图层 10 (2).png.import[39m[0m
[   9% ] [90m[1msavepack[22m | 正在保存文件：res://.godot/imported/图层 10 (3).png-a00f21db139216406240f8258eca0f6e.ctex[39m[0m
[   9% ] [90m[1msavepack[22m | 正在保存文件：res://arts/1x/图层 10 (3).png.import[39m[0m
[   9% ] [90m[1msavepack[22m | 正在保存文件：res://.godot/imported/图层 10.png-20ba6dc4ff2c0e93c71fede552f53020.ctex[39m[0m
[   9% ] [90m[1msavepack[22m | 正在保存文件：res://arts/1x/图层 10.png.import[39m[0m
[   9% ] [90m[1msavepack[22m | 正在保存文件：res://.godot/imported/成就.png-ad955fc88e4251abf5cd1b8f54c06308.ctex[39m[0m
[   9% ] [90m[1msavepack[22m | 正在保存文件：res://arts/1x/成就.png.import[39m[0m
[   9% ] [90m[1msavepack[22m | 正在保存文件：res://.godot/imported/资源 7.png-078d7f5d299a4e538a7ade5c83b23c25.ctex[39m[0m
[   9% ] [90m[1msavepack[22m | 正在保存文件：res://arts/1x/资源 7.png.import[39m[0m
[   9% ] [90m[1msavepack[22m | 正在保存文件：res://.godot/imported/资源 8.png-df45e44529206de9d164a86361e3aa4f.ctex[39m[0m
[   9% ] [90m[1msavepack[22m | 正在保存文件：res://arts/1x/资源 8.png.import[39m[0m
[   9% ] [90m[1msavepack[22m | 正在保存文件：res://.godot/imported/资源 9.png-bec8b8b13d75d69da3170115dd1a5cc8.ctex[39m[0m
[   9% ] [90m[1msavepack[22m | 正在保存文件：res://arts/1x/资源 9.png.import[39m[0m
[   9% ] [90m[1msavepack[22m | 正在保存文件：res://.godot/imported/资源 10.png-3213f35e487a302ed7be4d6a3049e600.ctex[39m[0m
[   9% ] [90m[1msavepack[22m | 正在保存文件：res://arts/1x/资源 10.png.import[39m[0m
[   9% ] [90m[1msavepack[22m | 正在保存文件：res://.godot/imported/资源 11.png-b251c54f0250e4301fb6ebadfaa18d97.ctex[39m[0m
[   9% ] [90m[1msavepack[22m | 正在保存文件：res://arts/1x/资源 11.png.import[39m[0m
[   9% ] [90m[1msavepack[22m | 正在保存文件：res://.godot/imported/资源 16.png-34a54070d782cb792477cd141debbba7.ctex[39m[0m
[   9% ] [90m[1msavepack[22m | 正在保存文件：res://arts/1x/资源 16.png.import[39m[0m
[   9% ] [90m[1msavepack[22m | 正在保存文件：res://.godot/imported/资源 17.png-70c3f72eee777e26333c10f530ac0365.ctex[39m[0m
[   9% ] [90m[1msavepack[22m | 正在保存文件：res://arts/1x/资源 17.png.import[39m[0m
[   9% ] [90m[1msavepack[22m | 正在保存文件：res://.godot/imported/资源 18.png-c068b26c280031e53e8fdabfa500e60d.ctex[39m[0m
[   9% ] [90m[1msavepack[22m | 正在保存文件：res://arts/1x/资源 18.png.import[39m[0m
[   9% ] [90m[1msavepack[22m | 正在保存文件：res://.godot/imported/资源 19.png-0bd39878b253849e6df5edd96b43c1e7.ctex[39m[0m
[   9% ] [90m[1msavepack[22m | 正在保存文件：res://arts/1x/资源 19.png.import[39m[0m
[   9% ] [90m[1msavepack[22m | 正在保存文件：res://.godot/imported/资源 20.png-c435a19ef8aacdff8276964b26859dcc.ctex[39m[0m
[   9% ] [90m[1msavepack[22m | 正在保存文件：res://arts/1x/资源 20.png.import[39m[0m
[   9% ] [90m[1msavepack[22m | 正在保存文件：res://.godot/imported/资源 21.png-a45ebe346968d6b8ff7d69f25e637188.ctex[39m[0m
[   9% ] [90m[1msavepack[22m | 正在保存文件：res://arts/1x/资源 21.png.import[39m[0m
[  10% ] [90m[1msavepack[22m | 正在保存文件：res://.godot/imported/资源 22.png-5fc193b77c418f689a0dfefddaa8c9f6.ctex[39m[0m
[  10% ] [90m[1msavepack[22m | 正在保存文件：res://arts/1x/资源 22.png.import[39m[0m
[  10% ] [90m[1msavepack[22m | 正在保存文件：res://.godot/imported/资源 23.png-e78dba97c7b90f79f1dfe9d16bf1750a.ctex[39m[0m
[  10% ] [90m[1msavepack[22m | 正在保存文件：res://arts/1x/资源 23.png.import[39m[0m
[  10% ] [90m[1msavepack[22m | 正在保存文件：res://.godot/imported/资源 25.png-a7f85e52b3f85873f375acd97a28d766.ctex[39m[0m
[  10% ] [90m[1msavepack[22m | 正在保存文件：res://arts/1x/资源 25.png.import[39m[0m
[  10% ] [90m[1msavepack[22m | 正在保存文件：res://.godot/imported/资源 26.png-af1f2e7ea2de1e494fee07744d37f92f.ctex[39m[0m
[  10% ] [90m[1msavepack[22m | 正在保存文件：res://arts/1x/资源 26.png.import[39m[0m
[  10% ] [90m[1msavepack[22m | 正在保存文件：res://.godot/imported/资源 27.png-f51d170eb84774db75bf7e5df803079d.ctex[39m[0m
[  10% ] [90m[1msavepack[22m | 正在保存文件：res://arts/1x/资源 27.png.import[39m[0m
[  10% ] [90m[1msavepack[22m | 正在保存文件：res://.godot/imported/资源 28.png-ce14440f546db721552af5dec7f2c65b.ctex[39m[0m
[  10% ] [90m[1msavepack[22m | 正在保存文件：res://arts/1x/资源 28.png.import[39m[0m
[  10% ] [90m[1msavepack[22m | 正在保存文件：res://.godot/imported/资源 33.png-c4dbce0aed1a31c23d6d346e6b553593.ctex[39m[0m
[  10% ] [90m[1msavepack[22m | 正在保存文件：res://arts/1x/资源 33.png.import[39m[0m
[  10% ] [90m[1msavepack[22m | 正在保存文件：res://.godot/imported/资源 48.png-1baf3f904246b5a78c91617239fb9423.ctex[39m[0m
[  10% ] [90m[1msavepack[22m | 正在保存文件：res://arts/1x/资源 48.png.import[39m[0m
[  10% ] [90m[1msavepack[22m | 正在保存文件：res://.godot/imported/资源 50.png-27267bc392b75636a6231509fd7fd711.ctex[39m[0m
[  10% ] [90m[1msavepack[22m | 正在保存文件：res://arts/1x/资源 50.png.import[39m[0m
[  10% ] [90m[1msavepack[22m | 正在保存文件：res://.godot/imported/资源 51.png-374593ef2e1acf7b1e52bc7caa86aae1.ctex[39m[0m
[  10% ] [90m[1msavepack[22m | 正在保存文件：res://arts/1x/资源 51.png.import[39m[0m
[  10% ] [90m[1msavepack[22m | 正在保存文件：res://.godot/imported/资源 54.png-c5af29aef9546a33f78ca5616925152f.ctex[39m[0m
[  10% ] [90m[1msavepack[22m | 正在保存文件：res://arts/1x/资源 54.png.import[39m[0m
[  10% ] [90m[1msavepack[22m | 正在保存文件：res://.godot/imported/frame.png-f83aa694cd16b66d80d5c4c5896299cd.ctex[39m[0m
[  10% ] [90m[1msavepack[22m | 正在保存文件：res://arts/branding-v2/source/frame.png.import[39m[0m
[  10% ] [90m[1msavepack[22m | 正在保存文件：res://.godot/imported/wordmark.png-1b1e7a9494a456e833e5db41d5779a61.ctex[39m[0m
[  10% ] [90m[1msavepack[22m | 正在保存文件：res://arts/branding-v2/source/wordmark.png.import[39m[0m
[  10% ] [90m[1msavepack[22m | 正在保存文件：res://.godot/imported/logo-combined.png-7f75438cab80fba4c3cb9c02c73c6817.ctex[39m[0m
[  10% ] [90m[1msavepack[22m | 正在保存文件：res://arts/branding-v2/logo-combined.png.import[39m[0m
[  10% ] [90m[1msavepack[22m | 正在保存文件：res://arts/branding-v2/manifest.json[39m[0m
[  10% ] [90m[1msavepack[22m | 正在保存文件：res://.godot/imported/SourceHanSansSC-Bold.otf-e8bf3199f64e75b602d116bf172fac7d.fontdata[39m[0m
[  10% ] [90m[1msavepack[22m | 正在保存文件：res://arts/ui-main-v1/fonts/SourceHanSansSC-Bold.otf.import[39m[0m
[  10% ] [90m[1msavepack[22m | 正在保存文件：res://.godot/imported/SourceHanSansSC-Regular.otf-c39cc6e1746cac7e484043468879f2d0.fontdata[39m[0m
[  10% ] [90m[1msavepack[22m | 正在保存文件：res://arts/ui-main-v1/fonts/SourceHanSansSC-Regular.otf.import[39m[0m
[  10% ] [90m[1msavepack[22m | 正在保存文件：res://.godot/imported/SourceHanSerifSC-SemiBold.otf-bdbba1ae9e44bd9c3712ea9eb7c863af.fontdata[39m[0m
[  10% ] [90m[1msavepack[22m | 正在保存文件：res://arts/ui-main-v1/fonts/SourceHanSerifSC-SemiBold.otf.import[39m[0m
[  10% ] [90m[1msavepack[22m | 正在保存文件：res://.godot/imported/back.png-cea56ca6bcefab61a5ef63ce8c3c17b0.ctex[39m[0m
[  10% ] [90m[1msavepack[22m | 正在保存文件：res://arts/ui-main-v1/back.png.import[39m[0m
[  11% ] [90m[1msavepack[22m | 正在保存文件：res://.godot/imported/balance_banner.png-245f7f43146961e5db66a2cb87042a0c.ctex[39m[0m
[  11% ] [90m[1msavepack[22m | 正在保存文件：res://arts/ui-main-v1/balance_banner.png.import[39m[0m
[  11% ] [90m[1msavepack[22m | 正在保存文件：res://.godot/imported/card.png-b51d85af286a48f24023ce285568c910.ctex[39m[0m
[  11% ] [90m[1msavepack[22m | 正在保存文件：res://arts/ui-main-v1/card.png.import[39m[0m
[  11% ] [90m[1msavepack[22m | 正在保存文件：res://.godot/imported/chapter.png-77125c475527987f6d3d0587b2d5df9c.ctex[39m[0m
[  11% ] [90m[1msavepack[22m | 正在保存文件：res://arts/ui-main-v1/chapter.png.import[39m[0m
[  11% ] [90m[1msavepack[22m | 正在保存文件：res://.godot/imported/chapter_selected.png-53624a82c9af277f726b92383622e477.ctex[39m[0m
[  11% ] [90m[1msavepack[22m | 正在保存文件：res://arts/ui-main-v1/chapter_selected.png.import[39m[0m
[  11% ] [90m[1msavepack[22m | 正在保存文件：res://.godot/imported/close.png-a3b2e4bb92a177f7afe7d895b1156b58.ctex[39m[0m
[  11% ] [90m[1msavepack[22m | 正在保存文件：res://arts/ui-main-v1/close.png.import[39m[0m
[  11% ] [90m[1msavepack[22m | 正在保存文件：res://.godot/imported/content.png-91bd8f0b3cfee4cb1af434cd0c72cee0.ctex[39m[0m
[  11% ] [90m[1msavepack[22m | 正在保存文件：res://arts/ui-main-v1/content.png.import[39m[0m
[  11% ] [90m[1msavepack[22m | 正在保存文件：res://.godot/imported/danger_hover.png-66735a5458b6ead1fc39b428ea950b0d.ctex[39m[0m
[  11% ] [90m[1msavepack[22m | 正在保存文件：res://arts/ui-main-v1/danger_hover.png.import[39m[0m
[  11% ] [90m[1msavepack[22m | 正在保存文件：res://.godot/imported/danger_normal.png-7ed104b2f8aca994a13f45c6183c8b9a.ctex[39m[0m
[  11% ] [90m[1msavepack[22m | 正在保存文件：res://arts/ui-main-v1/danger_normal.png.import[39m[0m
[  11% ] [90m[1msavepack[22m | 正在保存文件：res://.godot/imported/danger_pressed.png-c93e1baa29652606346b97398fce6e24.ctex[39m[0m
[  11% ] [90m[1msavepack[22m | 正在保存文件：res://arts/ui-main-v1/danger_pressed.png.import[39m[0m
[  11% ] [90m[1msavepack[22m | 正在保存文件：res://.godot/imported/detail_card_frame.png-f0c648091e4cb70dcc65b77b56de8dc2.ctex[39m[0m
[  11% ] [90m[1msavepack[22m | 正在保存文件：res://arts/ui-main-v1/detail_card_frame.png.import[39m[0m
[  11% ] [90m[1msavepack[22m | 正在保存文件：res://.godot/imported/detail_header.png-2ee4869c6c836404b8143ad71763fd59.ctex[39m[0m
[  11% ] [90m[1msavepack[22m | 正在保存文件：res://arts/ui-main-v1/detail_header.png.import[39m[0m
[  11% ] [90m[1msavepack[22m | 正在保存文件：res://.godot/imported/detail_strip.png-567b46b55741fa632c3bfaf259fed1fd.ctex[39m[0m
[  11% ] [90m[1msavepack[22m | 正在保存文件：res://arts/ui-main-v1/detail_strip.png.import[39m[0m
[  11% ] [90m[1msavepack[22m | 正在保存文件：res://.godot/imported/dice_1.png-98cc524c5ca9857c19f48a3ab6ea9a67.ctex[39m[0m
[  11% ] [90m[1msavepack[22m | 正在保存文件：res://arts/ui-main-v1/dice_1.png.import[39m[0m
[  11% ] [90m[1msavepack[22m | 正在保存文件：res://.godot/imported/dice_2.png-dff03010b93282350f61b51ea929b33d.ctex[39m[0m
[  11% ] [90m[1msavepack[22m | 正在保存文件：res://arts/ui-main-v1/dice_2.png.import[39m[0m
[  11% ] [90m[1msavepack[22m | 正在保存文件：res://.godot/imported/dice_3.png-e40c2cad744f1eb5552879ff6a3fb503.ctex[39m[0m
[  11% ] [90m[1msavepack[22m | 正在保存文件：res://arts/ui-main-v1/dice_3.png.import[39m[0m
[  11% ] [90m[1msavepack[22m | 正在保存文件：res://.godot/imported/dice_4.png-de390131dbbb921cc31f27135781f56e.ctex[39m[0m
[  11% ] [90m[1msavepack[22m | 正在保存文件：res://arts/ui-main-v1/dice_4.png.import[39m[0m
[  11% ] [90m[1msavepack[22m | 正在保存文件：res://.godot/imported/dice_5.png-a35eec8bcfe4df5b1fe1de5227520c7e.ctex[39m[0m
[  11% ] [90m[1msavepack[22m | 正在保存文件：res://arts/ui-main-v1/dice_5.png.import[39m[0m
[  11% ] [90m[1msavepack[22m | 正在保存文件：res://.godot/imported/dice_6.png-5d665df5c96c1e6884caec9c24b0a5fb.ctex[39m[0m
[  11% ] [90m[1msavepack[22m | 正在保存文件：res://arts/ui-main-v1/dice_6.png.import[39m[0m
[  11% ] [90m[1msavepack[22m | 正在保存文件：res://.godot/imported/dice_landing_ring.png-26246948c7856cbc2f274c513bb95840.ctex[39m[0m
[  11% ] [90m[1msavepack[22m | 正在保存文件：res://arts/ui-main-v1/dice_landing_ring.png.import[39m[0m
[  11% ] [90m[1msavepack[22m | 正在保存文件：res://.godot/imported/dice_shadow.png-a3adf80553d9b126b571f1d2654254d2.ctex[39m[0m
[  11% ] [90m[1msavepack[22m | 正在保存文件：res://arts/ui-main-v1/dice_shadow.png.import[39m[0m
[  12% ] [90m[1msavepack[22m | 正在保存文件：res://.godot/imported/energy.png-df34f18c080bd561c093b02ba63e19a1.ctex[39m[0m
[  12% ] [90m[1msavepack[22m | 正在保存文件：res://arts/ui-main-v1/energy.png.import[39m[0m
[  12% ] [90m[1msavepack[22m | 正在保存文件：res://.godot/imported/guide.png-d3a9d0b60dd7c3b728f52f66b7ba6efc.ctex[39m[0m
[  12% ] [90m[1msavepack[22m | 正在保存文件：res://arts/ui-main-v1/guide.png.import[39m[0m
[  12% ] [90m[1msavepack[22m | 正在保存文件：res://.godot/imported/guide_content.png-c982d805dd8801e48aea4367889ba798.ctex[39m[0m
[  12% ] [90m[1msavepack[22m | 正在保存文件：res://arts/ui-main-v1/guide_content.png.import[39m[0m
[  12% ] [90m[1msavepack[22m | 正在保存文件：res://.godot/imported/guide_panel.png-995734c0cf74af39986b6ca091eaccc5.ctex[39m[0m
[  12% ] [90m[1msavepack[22m | 正在保存文件：res://arts/ui-main-v1/guide_panel.png.import[39m[0m
[  12% ] [90m[1msavepack[22m | 正在保存文件：res://.godot/imported/guide_sidebar.png-0e33f9f0a71f2f6efc39532459d03872.ctex[39m[0m
[  12% ] [90m[1msavepack[22m | 正在保存文件：res://arts/ui-main-v1/guide_sidebar.png.import[39m[0m
[  12% ] [90m[1msavepack[22m | 正在保存文件：res://.godot/imported/home.png-69da6d11a07a4f82e087201cb130ebf2.ctex[39m[0m
[  12% ] [90m[1msavepack[22m | 正在保存文件：res://arts/ui-main-v1/home.png.import[39m[0m
[  12% ] [90m[1msavepack[22m | 正在保存文件：res://.godot/imported/hud_action.png-46bbbee6fb030c6dede95c9bc575f276.ctex[39m[0m
[  12% ] [90m[1msavepack[22m | 正在保存文件：res://arts/ui-main-v1/hud_action.png.import[39m[0m
[  12% ] [90m[1msavepack[22m | 正在保存文件：res://.godot/imported/hud_action_disabled.png-c0bfd4953fccfda74c909554f3235936.ctex[39m[0m
[  12% ] [90m[1msavepack[22m | 正在保存文件：res://arts/ui-main-v1/hud_action_disabled.png.import[39m[0m
[  12% ] [90m[1msavepack[22m | 正在保存文件：res://.godot/imported/hud_background.png-fb87bb830820c586308d4fb5d4865d26.ctex[39m[0m
[  12% ] [90m[1msavepack[22m | 正在保存文件：res://arts/ui-main-v1/hud_background.png.import[39m[0m
[  12% ] [90m[1msavepack[22m | 正在保存文件：res://.godot/imported/hud_bottom.png-f0453a91c6496a206b7560ed6e836942.ctex[39m[0m
[  12% ] [90m[1msavepack[22m | 正在保存文件：res://arts/ui-main-v1/hud_bottom.png.import[39m[0m
[  12% ] [90m[1msavepack[22m | 正在保存文件：res://.godot/imported/hud_bottom_content.png-56642eeb888dda81b1ac0cb368688f56.ctex[39m[0m
[  12% ] [90m[1msavepack[22m | 正在保存文件：res://arts/ui-main-v1/hud_bottom_content.png.import[39m[0m
[  12% ] [90m[1msavepack[22m | 正在保存文件：res://.godot/imported/hud_card_slot.png-fd6d1fde59ee11b096e435c266fd4d7b.ctex[39m[0m
[  12% ] [90m[1msavepack[22m | 正在保存文件：res://arts/ui-main-v1/hud_card_slot.png.import[39m[0m
[  12% ] [90m[1msavepack[22m | 正在保存文件：res://.godot/imported/hud_left.png-a750aabc071ba4ad44942716b4bcb9ec.ctex[39m[0m
[  12% ] [90m[1msavepack[22m | 正在保存文件：res://arts/ui-main-v1/hud_left.png.import[39m[0m
[  12% ] [90m[1msavepack[22m | 正在保存文件：res://.godot/imported/hud_map_frame.png-51a719187362a985109e64965c301102.ctex[39m[0m
[  12% ] [90m[1msavepack[22m | 正在保存文件：res://arts/ui-main-v1/hud_map_frame.png.import[39m[0m
[  12% ] [90m[1msavepack[22m | 正在保存文件：res://.godot/imported/hud_name.png-e475bcc2ebb7dc8c4f9311f19b81b0b9.ctex[39m[0m
[  12% ] [90m[1msavepack[22m | 正在保存文件：res://arts/ui-main-v1/hud_name.png.import[39m[0m
[  12% ] [90m[1msavepack[22m | 正在保存文件：res://.godot/imported/hud_portrait_frame.png-8019883bc3f5ddf94c1697ed96909748.ctex[39m[0m
[  12% ] [90m[1msavepack[22m | 正在保存文件：res://arts/ui-main-v1/hud_portrait_frame.png.import[39m[0m
[  12% ] [90m[1msavepack[22m | 正在保存文件：res://.godot/imported/hud_profession.png-ffaec800d47d8d3780c03e3816ccc61d.ctex[39m[0m
[  12% ] [90m[1msavepack[22m | 正在保存文件：res://arts/ui-main-v1/hud_profession.png.import[39m[0m
[  12% ] [90m[1msavepack[22m | 正在保存文件：res://.godot/imported/hud_resource.png-ea7cd586206a89a59aae2436fd140553.ctex[39m[0m
[  12% ] [90m[1msavepack[22m | 正在保存文件：res://arts/ui-main-v1/hud_resource.png.import[39m[0m
[  12% ] [90m[1msavepack[22m | 正在保存文件：res://.godot/imported/hud_right.png-68eaab7dcd1ba26c209aa6a9e4f99e18.ctex[39m[0m
[  12% ] [90m[1msavepack[22m | 正在保存文件：res://arts/ui-main-v1/hud_right.png.import[39m[0m
[  13% ] [90m[1msavepack[22m | 正在保存文件：res://.godot/imported/hud_score.png-3940e61c84c6aa7f0216644fe6e7464b.ctex[39m[0m
[  13% ] [90m[1msavepack[22m | 正在保存文件：res://arts/ui-main-v1/hud_score.png.import[39m[0m
[  13% ] [90m[1msavepack[22m | 正在保存文件：res://.godot/imported/hud_top.png-f847905f4d5976cf29b053d7fcb44e09.ctex[39m[0m
[  13% ] [90m[1msavepack[22m | 正在保存文件：res://arts/ui-main-v1/hud_top.png.import[39m[0m
[  13% ] [90m[1msavepack[22m | 正在保存文件：res://.godot/imported/loading_logo.png-db7b321e753f7243689c829d0cc8802d.ctex[39m[0m
[  13% ] [90m[1msavepack[22m | 正在保存文件：res://arts/ui-main-v1/loading_logo.png.import[39m[0m
[  13% ] [90m[1msavepack[22m | 正在保存文件：res://.godot/imported/logo.png-6c324a521387aa6cc0454fa38b3ec0e8.ctex[39m[0m
[  13% ] [90m[1msavepack[22m | 正在保存文件：res://arts/ui-main-v1/logo.png.import[39m[0m
[  13% ] [90m[1msavepack[22m | 正在保存文件：res://arts/ui-main-v1/manifest.json[39m[0m
[  13% ] [90m[1msavepack[22m | 正在保存文件：res://.godot/imported/map_current.png-ae22483b451cb4fae3a7519f5b283f7b.ctex[39m[0m
[  13% ] [90m[1msavepack[22m | 正在保存文件：res://arts/ui-main-v1/map_current.png.import[39m[0m
[  13% ] [90m[1msavepack[22m | 正在保存文件：res://.godot/imported/map_reachable.png-b74b6e0064ac0472eaefc55ddb7eee6a.ctex[39m[0m
[  13% ] [90m[1msavepack[22m | 正在保存文件：res://arts/ui-main-v1/map_reachable.png.import[39m[0m
[  13% ] [90m[1msavepack[22m | 正在保存文件：res://.godot/imported/map_route.png-038026a75cd53bcf029fe0d40a4cb716.ctex[39m[0m
[  13% ] [90m[1msavepack[22m | 正在保存文件：res://arts/ui-main-v1/map_route.png.import[39m[0m
[  13% ] [90m[1msavepack[22m | 正在保存文件：res://.godot/imported/map_target.png-989f15134f54b481b2579161cd2c1905.ctex[39m[0m
[  13% ] [90m[1msavepack[22m | 正在保存文件：res://arts/ui-main-v1/map_target.png.import[39m[0m
[  13% ] [90m[1msavepack[22m | 正在保存文件：res://.godot/imported/money.png-d94be8c59a25d8bb990f094abd54ea83.ctex[39m[0m
[  13% ] [90m[1msavepack[22m | 正在保存文件：res://arts/ui-main-v1/money.png.import[39m[0m
[  13% ] [90m[1msavepack[22m | 正在保存文件：res://.godot/imported/panel.png-63754466182bac9fa108bc3b45546769.ctex[39m[0m
[  13% ] [90m[1msavepack[22m | 正在保存文件：res://arts/ui-main-v1/panel.png.import[39m[0m
[  13% ] [90m[1msavepack[22m | 正在保存文件：res://.godot/imported/pause.png-b5dbbb77f1ebfb1792e8abc959b9f6a1.ctex[39m[0m
[  13% ] [90m[1msavepack[22m | 正在保存文件：res://arts/ui-main-v1/pause.png.import[39m[0m
[  13% ] [90m[1msavepack[22m | 正在保存文件：res://.godot/imported/primary_disabled.png-5e74d5442bad9f82c30ac26542e5dc8a.ctex[39m[0m
[  13% ] [90m[1msavepack[22m | 正在保存文件：res://arts/ui-main-v1/primary_disabled.png.import[39m[0m
[  13% ] [90m[1msavepack[22m | 正在保存文件：res://.godot/imported/primary_hover.png-d2d70e75e4c4703f0d0856a038755e19.ctex[39m[0m
[  13% ] [90m[1msavepack[22m | 正在保存文件：res://arts/ui-main-v1/primary_hover.png.import[39m[0m
[  13% ] [90m[1msavepack[22m | 正在保存文件：res://.godot/imported/primary_normal.png-301dac5d1e89e085a8ca3a52ececea15.ctex[39m[0m
[  13% ] [90m[1msavepack[22m | 正在保存文件：res://arts/ui-main-v1/primary_normal.png.import[39m[0m
[  13% ] [90m[1msavepack[22m | 正在保存文件：res://.godot/imported/primary_pressed.png-abce55c436f006f8ea1279b94f75e8e1.ctex[39m[0m
[  13% ] [90m[1msavepack[22m | 正在保存文件：res://arts/ui-main-v1/primary_pressed.png.import[39m[0m
[  13% ] [90m[1msavepack[22m | 正在保存文件：res://.godot/imported/refresh.png-28006af5af3b55b1d34bc4e01282b48e.ctex[39m[0m
[  13% ] [90m[1msavepack[22m | 正在保存文件：res://arts/ui-main-v1/refresh.png.import[39m[0m
[  13% ] [90m[1msavepack[22m | 正在保存文件：res://.godot/imported/ring_event.png-7950840cfbe96e8945f65182fb88c2a6.ctex[39m[0m
[  13% ] [90m[1msavepack[22m | 正在保存文件：res://arts/ui-main-v1/ring_event.png.import[39m[0m
[  13% ] [90m[1msavepack[22m | 正在保存文件：res://.godot/imported/ring_heritage.png-c3f88f225b9670ca5b81272b6cd5d45e.ctex[39m[0m
[  13% ] [90m[1msavepack[22m | 正在保存文件：res://arts/ui-main-v1/ring_heritage.png.import[39m[0m
[  14% ] [90m[1msavepack[22m | 正在保存文件：res://.godot/imported/ring_research.png-c1e242bd358929d12137d647c6328820.ctex[39m[0m
[  14% ] [90m[1msavepack[22m | 正在保存文件：res://arts/ui-main-v1/ring_research.png.import[39m[0m
[  14% ] [90m[1msavepack[22m | 正在保存文件：res://.godot/imported/ring_scenery.png-d324fb9c61d0eb738ba0bc847d8465f2.ctex[39m[0m
[  14% ] [90m[1msavepack[22m | 正在保存文件：res://arts/ui-main-v1/ring_scenery.png.import[39m[0m
[  14% ] [90m[1msavepack[22m | 正在保存文件：res://.godot/imported/ring_shop.png-eab812b711f1905443992f4a977b16b0.ctex[39m[0m
[  14% ] [90m[1msavepack[22m | 正在保存文件：res://arts/ui-main-v1/ring_shop.png.import[39m[0m
[  14% ] [90m[1msavepack[22m | 正在保存文件：res://.godot/imported/ring_work.png-b72b91b51c154f346be72f1cc9993e4e.ctex[39m[0m
[  14% ] [90m[1msavepack[22m | 正在保存文件：res://arts/ui-main-v1/ring_work.png.import[39m[0m
[  14% ] [90m[1msavepack[22m | 正在保存文件：res://.godot/imported/secondary_disabled.png-fe3cb1e9dc838f62d5ab456ebcb5b4bc.ctex[39m[0m
[  14% ] [90m[1msavepack[22m | 正在保存文件：res://arts/ui-main-v1/secondary_disabled.png.import[39m[0m
[  14% ] [90m[1msavepack[22m | 正在保存文件：res://.godot/imported/secondary_hover.png-a0810035529e40b67258286c5f452ad9.ctex[39m[0m
[  14% ] [90m[1msavepack[22m | 正在保存文件：res://arts/ui-main-v1/secondary_hover.png.import[39m[0m
[  14% ] [90m[1msavepack[22m | 正在保存文件：res://.godot/imported/secondary_normal.png-dad4442473dc8bb27ff6cbf71721ecba.ctex[39m[0m
[  14% ] [90m[1msavepack[22m | 正在保存文件：res://arts/ui-main-v1/secondary_normal.png.import[39m[0m
[  14% ] [90m[1msavepack[22m | 正在保存文件：res://.godot/imported/secondary_pressed.png-726028f91519f383f93ddfd3a127a1a7.ctex[39m[0m
[  14% ] [90m[1msavepack[22m | 正在保存文件：res://arts/ui-main-v1/secondary_pressed.png.import[39m[0m
[  14% ] [90m[1msavepack[22m | 正在保存文件：res://.godot/imported/shop_header.png-a245a19e1e5604a9031875e81f88959b.ctex[39m[0m
[  14% ] [90m[1msavepack[22m | 正在保存文件：res://arts/ui-main-v1/shop_header.png.import[39m[0m
[  14% ] [90m[1msavepack[22m | 正在保存文件：res://.godot/imported/美美与共.jpg-ee999e3762100b5599232ac1679445a8.ctex[39m[0m
[  14% ] [90m[1msavepack[22m | 正在保存文件：res://arts/事件卡/数字版/beta-0.2.1/美美与共.jpg.import[39m[0m
[  14% ] [90m[1msavepack[22m | 正在保存文件：res://.godot/imported/事件牌（牌面）(1)_38_数字版_v2.png-e639e63b51a81bdcf00fc35ef3319b6f.ctex[39m[0m
[  14% ] [90m[1msavepack[22m | 正在保存文件：res://arts/事件卡/数字版/事件牌（牌面）(1)_38_数字版_v2.png.import[39m[0m
[  14% ] [90m[1msavepack[22m | 正在保存文件：res://.godot/imported/事件牌（牌面）(1)_57_数字版_v2.png-109359da93a592371f7c255f085f9532.ctex[39m[0m
[  14% ] [90m[1msavepack[22m | 正在保存文件：res://arts/事件卡/数字版/事件牌（牌面）(1)_57_数字版_v2.png.import[39m[0m
[  14% ] [90m[1msavepack[22m | 正在保存文件：res://.godot/imported/事件牌（牌面）(1)_72_数字版_v2.png-0587be9837ce0022b6cb72eedcb2f76e.ctex[39m[0m
[  14% ] [90m[1msavepack[22m | 正在保存文件：res://arts/事件卡/数字版/事件牌（牌面）(1)_72_数字版_v2.png.import[39m[0m
[  14% ] [90m[1msavepack[22m | 正在保存文件：res://.godot/imported/事件牌（牌面）(1)_76_数字版_v2.png-7394b9a335f115aa93e51f5bf671affe.ctex[39m[0m
[  14% ] [90m[1msavepack[22m | 正在保存文件：res://arts/事件卡/数字版/事件牌（牌面）(1)_76_数字版_v2.png.import[39m[0m
[  14% ] [90m[1msavepack[22m | 正在保存文件：res://.godot/imported/事件牌（牌背）.png-523aef06a54a2ba6074b625ee28bc4cd.ctex[39m[0m
[  14% ] [90m[1msavepack[22m | 正在保存文件：res://arts/事件卡/事件牌（牌背）.png.import[39m[0m
[  14% ] [90m[1msavepack[22m | 正在保存文件：res://.godot/imported/事件牌（牌面）(1)_02.jpg-626d979f0e12c5c1ab2ccb0fdb2b74ff.ctex[39m[0m
[  14% ] [90m[1msavepack[22m | 正在保存文件：res://arts/事件卡/事件牌（牌面）(1)_02.jpg.import[39m[0m
[  14% ] [90m[1msavepack[22m | 正在保存文件：res://.godot/imported/事件牌（牌面）(1)_04.jpg-515376bf7ddbc943ec8e7b495a8c4f9f.ctex[39m[0m
[  14% ] [90m[1msavepack[22m | 正在保存文件：res://arts/事件卡/事件牌（牌面）(1)_04.jpg.import[39m[0m
[  14% ] [90m[1msavepack[22m | 正在保存文件：res://.godot/imported/事件牌（牌面）(1)_06.jpg-d6bfda3352f04c60e8e2c0dd6bd8e76a.ctex[39m[0m
[  14% ] [90m[1msavepack[22m | 正在保存文件：res://arts/事件卡/事件牌（牌面）(1)_06.jpg.import[39m[0m
[  14% ] [90m[1msavepack[22m | 正在保存文件：res://.godot/imported/事件牌（牌面）(1)_08.jpg-f6ddfc224a642ad70dd264fab5e6306f.ctex[39m[0m
[  14% ] [90m[1msavepack[22m | 正在保存文件：res://arts/事件卡/事件牌（牌面）(1)_08.jpg.import[39m[0m
[  15% ] [90m[1msavepack[22m | 正在保存文件：res://.godot/imported/事件牌（牌面）(1)_10.jpg-424742f5c11292991eef0281299a74e1.ctex[39m[0m
[  15% ] [90m[1msavepack[22m | 正在保存文件：res://arts/事件卡/事件牌（牌面）(1)_10.jpg.import[39m[0m
[  15% ] [90m[1msavepack[22m | 正在保存文件：res://.godot/imported/事件牌（牌面）(1)_10_v2.png-a39e0c4d3b07e4db1f65c7e9418c1e60.ctex[39m[0m
[  15% ] [90m[1msavepack[22m | 正在保存文件：res://arts/事件卡/事件牌（牌面）(1)_10_v2.png.import[39m[0m
[  15% ] [90m[1msavepack[22m | 正在保存文件：res://.godot/imported/事件牌（牌面）(1)_12.jpg-7bf1e7ae3ed2ff483bf63747c37c31f0.ctex[39m[0m
[  15% ] [90m[1msavepack[22m | 正在保存文件：res://arts/事件卡/事件牌（牌面）(1)_12.jpg.import[39m[0m
[  15% ] [90m[1msavepack[22m | 正在保存文件：res://.godot/imported/事件牌（牌面）(1)_14.jpg-2ae72bf48eefbb748988522594ffbc92.ctex[39m[0m
[  15% ] [90m[1msavepack[22m | 正在保存文件：res://arts/事件卡/事件牌（牌面）(1)_14.jpg.import[39m[0m
[  15% ] [90m[1msavepack[22m | 正在保存文件：res://.godot/imported/事件牌（牌面）(1)_16.jpg-5341f60b9b9ab0241c1ab192352c9f3a.ctex[39m[0m
[  15% ] [90m[1msavepack[22m | 正在保存文件：res://arts/事件卡/事件牌（牌面）(1)_16.jpg.import[39m[0m
[  15% ] [90m[1msavepack[22m | 正在保存文件：res://.godot/imported/事件牌（牌面）(1)_18.jpg-13de309be6f58d6a93eebeb6df2f108e.ctex[39m[0m
[  15% ] [90m[1msavepack[22m | 正在保存文件：res://arts/事件卡/事件牌（牌面）(1)_18.jpg.import[39m[0m
[  15% ] [90m[1msavepack[22m | 正在保存文件：res://.godot/imported/事件牌（牌面）(1)_20.jpg-4a92535fcc18ca3f1ebf235306217571.ctex[39m[0m
[  15% ] [90m[1msavepack[22m | 正在保存文件：res://arts/事件卡/事件牌（牌面）(1)_20.jpg.import[39m[0m
[  15% ] [90m[1msavepack[22m | 正在保存文件：res://.godot/imported/事件牌（牌面）(1)_32.jpg-a7497e9c8e9213eaff9e18c8eeb11218.ctex[39m[0m
[  15% ] [90m[1msavepack[22m | 正在保存文件：res://arts/事件卡/事件牌（牌面）(1)_32.jpg.import[39m[0m
[  15% ] [90m[1msavepack[22m | 正在保存文件：res://.godot/imported/事件牌（牌面）(1)_33.jpg-e3df71c8651357bf538b9a5f166970d6.ctex[39m[0m
[  15% ] [90m[1msavepack[22m | 正在保存文件：res://arts/事件卡/事件牌（牌面）(1)_33.jpg.import[39m[0m
[  15% ] [90m[1msavepack[22m | 正在保存文件：res://.godot/imported/事件牌（牌面）(1)_34.jpg-c4ae547d7f0fcd6b5f5d2ae445861e86.ctex[39m[0m
[  15% ] [90m[1msavepack[22m | 正在保存文件：res://arts/事件卡/事件牌（牌面）(1)_34.jpg.import[39m[0m
[  15% ] [90m[1msavepack[22m | 正在保存文件：res://.godot/imported/事件牌（牌面）(1)_35.jpg-69678c6db68e264a2249b910b8255bd2.ctex[39m[0m
[  15% ] [90m[1msavepack[22m | 正在保存文件：res://arts/事件卡/事件牌（牌面）(1)_35.jpg.import[39m[0m
[  15% ] [90m[1msavepack[22m | 正在保存文件：res://.godot/imported/事件牌（牌面）(1)_36.jpg-0ec3c5538129c26b099d0fe0efa5feed.ctex[39m[0m
[  15% ] [90m[1msavepack[22m | 正在保存文件：res://arts/事件卡/事件牌（牌面）(1)_36.jpg.import[39m[0m
[  15% ] [90m[1msavepack[22m | 正在保存文件：res://.godot/imported/事件牌（牌面）(1)_37.jpg-2c598df3eb50f7517f4ee0a3f3648aa7.ctex[39m[0m
[  15% ] [90m[1msavepack[22m | 正在保存文件：res://arts/事件卡/事件牌（牌面）(1)_37.jpg.import[39m[0m
[  15% ] [90m[1msavepack[22m | 正在保存文件：res://.godot/imported/事件牌（牌面）(1)_38.jpg-09a932d85512a9b25b59dfdc32610ec3.ctex[39m[0m
[  15% ] [90m[1msavepack[22m | 正在保存文件：res://arts/事件卡/事件牌（牌面）(1)_38.jpg.import[39m[0m
[  15% ] [90m[1msavepack[22m | 正在保存文件：res://.godot/imported/事件牌（牌面）(1)_39.jpg-850f39312bec76be88199ea44158fec1.ctex[39m[0m
[  15% ] [90m[1msavepack[22m | 正在保存文件：res://arts/事件卡/事件牌（牌面）(1)_39.jpg.import[39m[0m
[  15% ] [90m[1msavepack[22m | 正在保存文件：res://.godot/imported/事件牌（牌面）(1)_40.jpg-b496bd5174b02d8267b7a802e0c22f34.ctex[39m[0m
[  15% ] [90m[1msavepack[22m | 正在保存文件：res://arts/事件卡/事件牌（牌面）(1)_40.jpg.import[39m[0m
[  15% ] [90m[1msavepack[22m | 正在保存文件：res://.godot/imported/事件牌（牌面）(1)_41.jpg-eec8464abc67f8975c20851d17715937.ctex[39m[0m
[  15% ] [90m[1msavepack[22m | 正在保存文件：res://arts/事件卡/事件牌（牌面）(1)_41.jpg.import[39m[0m
[  15% ] [90m[1msavepack[22m | 正在保存文件：res://.godot/imported/事件牌（牌面）(1)_52.jpg-0021441389eb59cc6c7358fd29aa3489.ctex[39m[0m
[  15% ] [90m[1msavepack[22m | 正在保存文件：res://arts/事件卡/事件牌（牌面）(1)_52.jpg.import[39m[0m
[  15% ] [90m[1msavepack[22m | 正在保存文件：res://.godot/imported/事件牌（牌面）(1)_53.jpg-e85015dfb8d1f72c778b2b7f0a21a729.ctex[39m[0m
[  15% ] [90m[1msavepack[22m | 正在保存文件：res://arts/事件卡/事件牌（牌面）(1)_53.jpg.import[39m[0m
[  16% ] [90m[1msavepack[22m | 正在保存文件：res://.godot/imported/事件牌（牌面）(1)_54.jpg-8df1d2c50ed3913d6fddb6f0e760639b.ctex[39m[0m
[  16% ] [90m[1msavepack[22m | 正在保存文件：res://arts/事件卡/事件牌（牌面）(1)_54.jpg.import[39m[0m
[  16% ] [90m[1msavepack[22m | 正在保存文件：res://.godot/imported/事件牌（牌面）(1)_55.jpg-b45c024f5edfe6e8da62b06d43b7b865.ctex[39m[0m
[  16% ] [90m[1msavepack[22m | 正在保存文件：res://arts/事件卡/事件牌（牌面）(1)_55.jpg.import[39m[0m
[  16% ] [90m[1msavepack[22m | 正在保存文件：res://.godot/imported/事件牌（牌面）(1)_56.jpg-638dc2800056b5b7384b5fc3a481b842.ctex[39m[0m
[  16% ] [90m[1msavepack[22m | 正在保存文件：res://arts/事件卡/事件牌（牌面）(1)_56.jpg.import[39m[0m
[  16% ] [90m[1msavepack[22m | 正在保存文件：res://.godot/imported/事件牌（牌面）(1)_56_v2.png-725ff15aea4972445327580cfcbe350a.ctex[39m[0m
[  16% ] [90m[1msavepack[22m | 正在保存文件：res://arts/事件卡/事件牌（牌面）(1)_56_v2.png.import[39m[0m
[  16% ] [90m[1msavepack[22m | 正在保存文件：res://.godot/imported/事件牌（牌面）(1)_57.jpg-b539dda051d27c6bbbd4a67443bdcac3.ctex[39m[0m
[  16% ] [90m[1msavepack[22m | 正在保存文件：res://arts/事件卡/事件牌（牌面）(1)_57.jpg.import[39m[0m
[  16% ] [90m[1msavepack[22m | 正在保存文件：res://.godot/imported/事件牌（牌面）(1)_58.jpg-bec5d9db13e2724bb55b9290e229a78a.ctex[39m[0m
[  16% ] [90m[1msavepack[22m | 正在保存文件：res://arts/事件卡/事件牌（牌面）(1)_58.jpg.import[39m[0m
[  16% ] [90m[1msavepack[22m | 正在保存文件：res://.godot/imported/事件牌（牌面）(1)_59.jpg-85652f7639f7daed62b96eb5dbc00ca6.ctex[39m[0m
[  16% ] [90m[1msavepack[22m | 正在保存文件：res://arts/事件卡/事件牌（牌面）(1)_59.jpg.import[39m[0m
[  16% ] [90m[1msavepack[22m | 正在保存文件：res://.godot/imported/事件牌（牌面）(1)_60.jpg-a65c3e1d79a3dc411c9e22521df51925.ctex[39m[0m
[  16% ] [90m[1msavepack[22m | 正在保存文件：res://arts/事件卡/事件牌（牌面）(1)_60.jpg.import[39m[0m
[  16% ] [90m[1msavepack[22m | 正在保存文件：res://.godot/imported/事件牌（牌面）(1)_60_v2.png-98abfa6cb62648b03d06948694d9585b.ctex[39m[0m
[  16% ] [90m[1msavepack[22m | 正在保存文件：res://arts/事件卡/事件牌（牌面）(1)_60_v2.png.import[39m[0m
[  16% ] [90m[1msavepack[22m | 正在保存文件：res://.godot/imported/事件牌（牌面）(1)_61.jpg-9d5261d6c76bba934d8dcf951c761bd7.ctex[39m[0m
[  16% ] [90m[1msavepack[22m | 正在保存文件：res://arts/事件卡/事件牌（牌面）(1)_61.jpg.import[39m[0m
[  16% ] [90m[1msavepack[22m | 正在保存文件：res://.godot/imported/事件牌（牌面）(1)_72.jpg-6a9b75b53232d4251dff51b0ddeb9cbb.ctex[39m[0m
[  16% ] [90m[1msavepack[22m | 正在保存文件：res://arts/事件卡/事件牌（牌面）(1)_72.jpg.import[39m[0m
[  16% ] [90m[1msavepack[22m | 正在保存文件：res://.godot/imported/事件牌（牌面）(1)_73.jpg-ec9c6e689f11c01e823db492511da8c1.ctex[39m[0m
[  16% ] [90m[1msavepack[22m | 正在保存文件：res://arts/事件卡/事件牌（牌面）(1)_73.jpg.import[39m[0m
[  16% ] [90m[1msavepack[22m | 正在保存文件：res://.godot/imported/事件牌（牌面）(1)_74.jpg-3dfc0dad6091f84c35e606f5e7935eb7.ctex[39m[0m
[  16% ] [90m[1msavepack[22m | 正在保存文件：res://arts/事件卡/事件牌（牌面）(1)_74.jpg.import[39m[0m
[  16% ] [90m[1msavepack[22m | 正在保存文件：res://.godot/imported/事件牌（牌面）(1)_75.jpg-e35b7d619b82d7aa7042c529c17959a2.ctex[39m[0m
[  16% ] [90m[1msavepack[22m | 正在保存文件：res://arts/事件卡/事件牌（牌面）(1)_75.jpg.import[39m[0m
[  16% ] [90m[1msavepack[22m | 正在保存文件：res://.godot/imported/事件牌（牌面）(1)_76.jpg-fac8a4f6093134c4daba242ab7882ff7.ctex[39m[0m
[  16% ] [90m[1msavepack[22m | 正在保存文件：res://arts/事件卡/事件牌（牌面）(1)_76.jpg.import[39m[0m
[  16% ] [90m[1msavepack[22m | 正在保存文件：res://.godot/imported/事件牌（牌面）(1)_77.jpg-7004fd4ea2ec5a23ad102edccff44e77.ctex[39m[0m
[  16% ] [90m[1msavepack[22m | 正在保存文件：res://arts/事件卡/事件牌（牌面）(1)_77.jpg.import[39m[0m
[  16% ] [90m[1msavepack[22m | 正在保存文件：res://.godot/imported/事件牌（牌面）(1)_78.jpg-b54e8441cfef10ffe2c35074b0f32b0e.ctex[39m[0m
[  16% ] [90m[1msavepack[22m | 正在保存文件：res://arts/事件卡/事件牌（牌面）(1)_78.jpg.import[39m[0m
[  16% ] [90m[1msavepack[22m | 正在保存文件：res://.godot/imported/事件牌（牌面）(1)_79.jpg-f84e2c7aaf2fd5afe7803dd3c9a5affd.ctex[39m[0m
[  16% ] [90m[1msavepack[22m | 正在保存文件：res://arts/事件卡/事件牌（牌面）(1)_79.jpg.import[39m[0m
[  16% ] [90m[1msavepack[22m | 正在保存文件：res://.godot/imported/事件牌（牌面）(1)_80.jpg-9f8afcfb3692e1935d3dd91a9dc7c28e.ctex[39m[0m
[  16% ] [90m[1msavepack[22m | 正在保存文件：res://arts/事件卡/事件牌（牌面）(1)_80.jpg.import[39m[0m
[  16% ] [90m[1msavepack[22m | 正在保存文件：res://.godot/imported/事件牌（牌面）(1)_81.jpg-ea5e338f57e348a35abe8f886ae0a40a.ctex[39m[0m
[  16% ] [90m[1msavepack[22m | 正在保存文件：res://arts/事件卡/事件牌（牌面）(1)_81.jpg.import[39m[0m
[  17% ] [90m[1msavepack[22m | 正在保存文件：res://.godot/imported/任务卡（牌背）.png-cd84dfb74225e85fdf916a97601b0b60.ctex[39m[0m
[  17% ] [90m[1msavepack[22m | 正在保存文件：res://arts/任务卡/任务卡（牌背）.png.import[39m[0m
[  17% ] [90m[1msavepack[22m | 正在保存文件：res://.godot/imported/画板 1.png-c7071e1e579b9916552b8d9756c7a6df.ctex[39m[0m
[  17% ] [90m[1msavepack[22m | 正在保存文件：res://arts/任务卡/画板 1.png.import[39m[0m
[  17% ] [90m[1msavepack[22m | 正在保存文件：res://.godot/imported/画板 4.png-d4d12c08bf93b7ee08dc2d762fbaa893.ctex[39m[0m
[  17% ] [90m[1msavepack[22m | 正在保存文件：res://arts/任务卡/画板 4.png.import[39m[0m
[  17% ] [90m[1msavepack[22m | 正在保存文件：res://.godot/imported/画板 5.png-5b6aac94ebfa037cdbd98e702ca25fc1.ctex[39m[0m
[  17% ] [90m[1msavepack[22m | 正在保存文件：res://arts/任务卡/画板 5.png.import[39m[0m
[  17% ] [90m[1msavepack[22m | 正在保存文件：res://.godot/imported/画板 6.png-fed034bfd364792ea440385a2ebae861.ctex[39m[0m
[  17% ] [90m[1msavepack[22m | 正在保存文件：res://arts/任务卡/画板 6.png.import[39m[0m
[  17% ] [90m[1msavepack[22m | 正在保存文件：res://.godot/imported/画板 7.png-3b211b983f8aec50cb2f0cba58f37086.ctex[39m[0m
[  17% ] [90m[1msavepack[22m | 正在保存文件：res://arts/任务卡/画板 7.png.import[39m[0m
[  17% ] [90m[1msavepack[22m | 正在保存文件：res://.godot/imported/画板 8.png-1c11f88681ceee7982cdbb9aef92ce42.ctex[39m[0m
[  17% ] [90m[1msavepack[22m | 正在保存文件：res://arts/任务卡/画板 8.png.import[39m[0m
[  17% ] [90m[1msavepack[22m | 正在保存文件：res://.godot/imported/画板 9.png-43476efaf8c37fa730a338d6c275cffb.ctex[39m[0m
[  17% ] [90m[1msavepack[22m | 正在保存文件：res://arts/任务卡/画板 9.png.import[39m[0m
[  17% ] [90m[1msavepack[22m | 正在保存文件：res://.godot/imported/画板 11.png-45360c5a4279d21cc7f538037bea42e7.ctex[39m[0m
[  17% ] [90m[1msavepack[22m | 正在保存文件：res://arts/任务卡/画板 11.png.import[39m[0m
[  17% ] [90m[1msavepack[22m | 正在保存文件：res://.godot/imported/画板 14.png-50123b8ee0e458176a2a0a0f106a20b2.ctex[39m[0m
[  17% ] [90m[1msavepack[22m | 正在保存文件：res://arts/任务卡/画板 14.png.import[39m[0m
[  17% ] [90m[1msavepack[22m | 正在保存文件：res://.godot/imported/画板 15.png-0fead09ca4f56bd44a8a24a674ff528d.ctex[39m[0m
[  17% ] [90m[1msavepack[22m | 正在保存文件：res://arts/任务卡/画板 15.png.import[39m[0m
[  17% ] [90m[1msavepack[22m | 正在保存文件：res://.godot/imported/画板 16.png-ea45909123de5f915e926665f26b71c9.ctex[39m[0m
[  17% ] [90m[1msavepack[22m | 正在保存文件：res://arts/任务卡/画板 16.png.import[39m[0m
[  17% ] [90m[1msavepack[22m | 正在保存文件：res://.godot/imported/画板 17.png-a543d1b9bb25ee12ea529d71a8840ec4.ctex[39m[0m
[  17% ] [90m[1msavepack[22m | 正在保存文件：res://arts/任务卡/画板 17.png.import[39m[0m
[  17% ] [90m[1msavepack[22m | 正在保存文件：res://.godot/imported/画板 18.png-98fa24fef8e67e9ace4c0c24e217c58c.ctex[39m[0m
[  17% ] [90m[1msavepack[22m | 正在保存文件：res://arts/任务卡/画板 18.png.import[39m[0m
[  17% ] [90m[1msavepack[22m | 正在保存文件：res://.godot/imported/画板 19 拷贝.png-a71abf21dfeaac1a020e43865e64acba.ctex[39m[0m
[  17% ] [90m[1msavepack[22m | 正在保存文件：res://arts/任务卡/画板 19 拷贝.png.import[39m[0m
[  17% ] [90m[1msavepack[22m | 正在保存文件：res://.godot/imported/画板 19.png-55d223bd1b8077da326108d134930425.ctex[39m[0m
[  17% ] [90m[1msavepack[22m | 正在保存文件：res://arts/任务卡/画板 19.png.import[39m[0m
[  17% ] [90m[1msavepack[22m | 正在保存文件：res://.godot/imported/地图.png-5830cd088935e0c00b90bd1d799b5358.ctex[39m[0m
[  17% ] [90m[1msavepack[22m | 正在保存文件：res://arts/地图/地图.png.import[39m[0m
[  17% ] [90m[1msavepack[22m | 正在保存文件：res://.godot/imported/地图完整版.png-b57bd9d758e253683f8c6009596f57bc.ctex[39m[0m
[  17% ] [90m[1msavepack[22m | 正在保存文件：res://arts/地图/地图完整版.png.import[39m[0m
[  17% ] [90m[1msavepack[22m | 正在保存文件：res://.godot/imported/地块.png-741f1a4a4a2eba2d6ba58f494c624eb7.ctex[39m[0m
[  17% ] [90m[1msavepack[22m | 正在保存文件：res://arts/地图/地块.png.import[39m[0m
[  18% ] [90m[1msavepack[22m | 正在保存文件：res://.godot/imported/成就卡（牌背）.png-802996ae64f9a297fe95092965742add.ctex[39m[0m
[  18% ] [90m[1msavepack[22m | 正在保存文件：res://arts/成就卡/成就卡（牌背）.png.import[39m[0m
[  18% ] [90m[1msavepack[22m | 正在保存文件：res://.godot/imported/成就卡（牌面）1.png-2e85b8ee4932f5f2abffb02b15e272d9.ctex[39m[0m
[  18% ] [90m[1msavepack[22m | 正在保存文件：res://arts/成就卡/成就卡（牌面）1.png.import[39m[0m
[  18% ] [90m[1msavepack[22m | 正在保存文件：res://.godot/imported/成就卡（牌面）2.png-148dec991b12fec2e03a73b488b5ebe7.ctex[39m[0m
[  18% ] [90m[1msavepack[22m | 正在保存文件：res://arts/成就卡/成就卡（牌面）2.png.import[39m[0m
[  18% ] [90m[1msavepack[22m | 正在保存文件：res://.godot/imported/成就卡（牌面）3.png-00b0abcf20f295f24339be045fa49646.ctex[39m[0m
[  18% ] [90m[1msavepack[22m | 正在保存文件：res://arts/成就卡/成就卡（牌面）3.png.import[39m[0m
[  18% ] [90m[1msavepack[22m | 正在保存文件：res://.godot/imported/成就卡（牌面）4.png-e6b792addede97c7816aa288d9b60c26.ctex[39m[0m
[  18% ] [90m[1msavepack[22m | 正在保存文件：res://arts/成就卡/成就卡（牌面）4.png.import[39m[0m
[  18% ] [90m[1msavepack[22m | 正在保存文件：res://.godot/imported/成就卡（牌面）5.png-ced182abe16daeb0e6a1dc262610ada2.ctex[39m[0m
[  18% ] [90m[1msavepack[22m | 正在保存文件：res://arts/成就卡/成就卡（牌面）5.png.import[39m[0m
[  18% ] [90m[1msavepack[22m | 正在保存文件：res://.godot/imported/成就卡（牌面）6.png-9b0adc8ee7f455c40b2278db7e751e86.ctex[39m[0m
[  18% ] [90m[1msavepack[22m | 正在保存文件：res://arts/成就卡/成就卡（牌面）6.png.import[39m[0m
[  18% ] [90m[1msavepack[22m | 正在保存文件：res://.godot/imported/back.png-34a6e98569d4111f45522d5c4db95231.ctex[39m[0m
[  18% ] [90m[1msavepack[22m | 正在保存文件：res://arts/控件/back.png.import[39m[0m
[  18% ] [90m[1msavepack[22m | 正在保存文件：res://.godot/imported/backgroung.png-a61c95964ca9d55b2b6b21d4bd77c58c.ctex[39m[0m
[  18% ] [90m[1msavepack[22m | 正在保存文件：res://arts/控件/backgroung.png.import[39m[0m
[  18% ] [90m[1msavepack[22m | 正在保存文件：res://.godot/imported/close.png-875053e14f7e962c478da96eb63c3c58.ctex[39m[0m
[  18% ] [90m[1msavepack[22m | 正在保存文件：res://arts/控件/close.png.import[39m[0m
[  18% ] [90m[1msavepack[22m | 正在保存文件：res://.godot/imported/close_round_button.svg-fd2482a13a1a9f3ed29986b3e4702068.ctex[39m[0m
[  18% ] [90m[1msavepack[22m | 正在保存文件：res://arts/控件/close_round_button.svg.import[39m[0m
[  18% ] [90m[1msavepack[22m | 正在保存文件：res://.godot/imported/guide_round_button.svg-bc143122901deaf8d5cad4b4388b9992.ctex[39m[0m
[  18% ] [90m[1msavepack[22m | 正在保存文件：res://arts/控件/guide_round_button.svg.import[39m[0m
[  18% ] [90m[1msavepack[22m | 正在保存文件：res://.godot/imported/left.png-f2de76bb9c18bd5e20da7ecd946c02fb.ctex[39m[0m
[  18% ] [90m[1msavepack[22m | 正在保存文件：res://arts/控件/left.png.import[39m[0m
[  18% ] [90m[1msavepack[22m | 正在保存文件：res://.godot/imported/pause_round_button.svg-1e6f0bcb742ec45d7f9bdff70b365bbd.ctex[39m[0m
[  18% ] [90m[1msavepack[22m | 正在保存文件：res://arts/控件/pause_round_button.svg.import[39m[0m
[  18% ] [90m[1msavepack[22m | 正在保存文件：res://.godot/imported/right.png-5ea0d81ce70d57a73705773765287a0c.ctex[39m[0m
[  18% ] [90m[1msavepack[22m | 正在保存文件：res://arts/控件/right.png.import[39m[0m
[  18% ] [90m[1msavepack[22m | 正在保存文件：res://.godot/imported/图层 4.png-00d30ed9d0edf602c1dd5b65583252c8.ctex[39m[0m
[  18% ] [90m[1msavepack[22m | 正在保存文件：res://arts/控件/图层 4.png.import[39m[0m
[  18% ] [90m[1msavepack[22m | 正在保存文件：res://.godot/imported/图层 10 (2).png-cf9de119a15ab26e5594dd7e497b6d43.ctex[39m[0m
[  18% ] [90m[1msavepack[22m | 正在保存文件：res://arts/控件/图层 10 (2).png.import[39m[0m
[  18% ] [90m[1msavepack[22m | 正在保存文件：res://.godot/imported/图层 10 (3).png-c594ee5aa7cfc24175947f6cf8d3d418.ctex[39m[0m
[  18% ] [90m[1msavepack[22m | 正在保存文件：res://arts/控件/图层 10 (3).png.import[39m[0m
[  18% ] [90m[1msavepack[22m | 正在保存文件：res://.godot/imported/图层 10.png-888e03d7da9b263f3c4b4a6b31bc52bf.ctex[39m[0m
[  18% ] [90m[1msavepack[22m | 正在保存文件：res://arts/控件/图层 10.png.import[39m[0m
[  19% ] [90m[1msavepack[22m | 正在保存文件：res://.godot/imported/底边.png-cc351498ab4a509d3662e11136549de7.ctex[39m[0m
[  19% ] [90m[1msavepack[22m | 正在保存文件：res://arts/控件/底边.png.import[39m[0m
[  19% ] [90m[1msavepack[22m | 正在保存文件：res://.godot/imported/资源 33.png-4e6d1f7216296bc2800af9fc770544ea.ctex[39m[0m
[  19% ] [90m[1msavepack[22m | 正在保存文件：res://arts/控件/资源 33.png.import[39m[0m
[  19% ] [90m[1msavepack[22m | 正在保存文件：res://.godot/imported/资源 34.png-f994dd6a388a1d831d2d931ff9da5071.ctex[39m[0m
[  19% ] [90m[1msavepack[22m | 正在保存文件：res://arts/控件/资源 34.png.import[39m[0m
[  19% ] [90m[1msavepack[22m | 正在保存文件：res://.godot/imported/资源 35.png-a20ced80787904406c9b10b384ef5b20.ctex[39m[0m
[  19% ] [90m[1msavepack[22m | 正在保存文件：res://arts/控件/资源 35.png.import[39m[0m
[  19% ] [90m[1msavepack[22m | 正在保存文件：res://.godot/imported/资源 36.png-110ed4f6db07de263027f3f1587e4bf8.ctex[39m[0m
[  19% ] [90m[1msavepack[22m | 正在保存文件：res://arts/控件/资源 36.png.import[39m[0m
[  19% ] [90m[1msavepack[22m | 正在保存文件：res://.godot/imported/资源 38.png-71408c3bedf609afa319ce8bf16498e3.ctex[39m[0m
[  19% ] [90m[1msavepack[22m | 正在保存文件：res://arts/控件/资源 38.png.import[39m[0m
[  19% ] [90m[1msavepack[22m | 正在保存文件：res://.godot/imported/资源 39.png-51dcd542163a0712a47d8d9e991d475e.ctex[39m[0m
[  19% ] [90m[1msavepack[22m | 正在保存文件：res://arts/控件/资源 39.png.import[39m[0m
[  19% ] [90m[1msavepack[22m | 正在保存文件：res://.godot/imported/资源 43.png-b74c9e871835f7f48c5dfe4bc37b4b75.ctex[39m[0m
[  19% ] [90m[1msavepack[22m | 正在保存文件：res://arts/控件/资源 43.png.import[39m[0m
[  19% ] [90m[1msavepack[22m | 正在保存文件：res://.godot/imported/资源 44.png-ab267136198fd8408ddc144fdb8af862.ctex[39m[0m
[  19% ] [90m[1msavepack[22m | 正在保存文件：res://arts/控件/资源 44.png.import[39m[0m
[  19% ] [90m[1msavepack[22m | 正在保存文件：res://.godot/imported/资源 45.png-f651d13fecf04223cd3eb36b29dc4411.ctex[39m[0m
[  19% ] [90m[1msavepack[22m | 正在保存文件：res://arts/控件/资源 45.png.import[39m[0m
[  19% ] [90m[1msavepack[22m | 正在保存文件：res://.godot/imported/资源 46.png-aeb3075c854a5b27c1c54f4e392ab0a7.ctex[39m[0m
[  19% ] [90m[1msavepack[22m | 正在保存文件：res://arts/控件/资源 46.png.import[39m[0m
[  19% ] [90m[1msavepack[22m | 正在保存文件：res://.godot/imported/资源 47.png-29c688d398b480872b1c792ea1ce9233.ctex[39m[0m
[  19% ] [90m[1msavepack[22m | 正在保存文件：res://arts/控件/资源 47.png.import[39m[0m
[  19% ] [90m[1msavepack[22m | 正在保存文件：res://.godot/imported/资源 48.png-3410387d00cacf995abdb7798c361a98.ctex[39m[0m
[  19% ] [90m[1msavepack[22m | 正在保存文件：res://arts/控件/资源 48.png.import[39m[0m
[  19% ] [90m[1msavepack[22m | 正在保存文件：res://.godot/imported/资源 49.png-5fd8d458061901554aada56c5a2befe4.ctex[39m[0m
[  19% ] [90m[1msavepack[22m | 正在保存文件：res://arts/控件/资源 49.png.import[39m[0m
[  19% ] [90m[1msavepack[22m | 正在保存文件：res://.godot/imported/资源 50.png-6fdae7384326bf5ffc493120481d1732.ctex[39m[0m
[  19% ] [90m[1msavepack[22m | 正在保存文件：res://arts/控件/资源 50.png.import[39m[0m
[  19% ] [90m[1msavepack[22m | 正在保存文件：res://.godot/imported/资源 51.png-96856c06f8914512b105c05008567d34.ctex[39m[0m
[  19% ] [90m[1msavepack[22m | 正在保存文件：res://arts/控件/资源 51.png.import[39m[0m
[  19% ] [90m[1msavepack[22m | 正在保存文件：res://.godot/imported/资源 54.png-666103d4c2355d073311267e481b827b.ctex[39m[0m
[  19% ] [90m[1msavepack[22m | 正在保存文件：res://arts/控件/资源 54.png.import[39m[0m
[  19% ] [90m[1msavepack[22m | 正在保存文件：res://.godot/imported/资源 56.png-2c77cbbcd6d8b71826f806442b473b46.ctex[39m[0m
[  19% ] [90m[1msavepack[22m | 正在保存文件：res://arts/控件/资源 56.png.import[39m[0m
[  19% ] [90m[1msavepack[22m | 正在保存文件：res://.godot/imported/对局全景.png-67b057e8082b0f5cc24551ccfc85191d.ctex[39m[0m
[  19% ] [90m[1msavepack[22m | 正在保存文件：res://arts/游戏指南/实机截图/ui-20260915/对局全景.png.import[39m[0m
[  20% ] [90m[1msavepack[22m | 正在保存文件：res://.godot/imported/事件选择.png-165709fed45f3d12231b591af9a8b5cf.ctex[39m[0m
[  20% ] [90m[1msavepack[22m | 正在保存文件：res://arts/游戏指南/实机截图/v1/事件选择.png.import[39m[0m
[  20% ] [90m[1msavepack[22m | 正在保存文件：res://.godot/imported/人数设置.png-9d1a7e68cf6d1d9ef70708126059b93b.ctex[39m[0m
[  20% ] [90m[1msavepack[22m | 正在保存文件：res://arts/游戏指南/实机截图/v1/人数设置.png.import[39m[0m
[  20% ] [90m[1msavepack[22m | 正在保存文件：res://.godot/imported/对局全景.png-5052100ef4fea8d6b85964abc978f99e.ctex[39m[0m
[  20% ] [90m[1msavepack[22m | 正在保存文件：res://arts/游戏指南/实机截图/v1/对局全景.png.import[39m[0m
[  20% ] [90m[1msavepack[22m | 正在保存文件：res://.godot/imported/模式选择.png-7e2b30b26dd918f893beaf74bd0ded22.ctex[39m[0m
[  20% ] [90m[1msavepack[22m | 正在保存文件：res://arts/游戏指南/实机截图/v1/模式选择.png.import[39m[0m
[  20% ] [90m[1msavepack[22m | 正在保存文件：res://.godot/imported/玩家设置.png-a99777cc01dcb24c4cec0f24866314c8.ctex[39m[0m
[  20% ] [90m[1msavepack[22m | 正在保存文件：res://arts/游戏指南/实机截图/v1/玩家设置.png.import[39m[0m
[  20% ] [90m[1msavepack[22m | 正在保存文件：res://.godot/imported/计分详情.png-96ae7e02e4a3efc1b15fc983ff1da0bb.ctex[39m[0m
[  20% ] [90m[1msavepack[22m | 正在保存文件：res://arts/游戏指南/实机截图/v1/计分详情.png.import[39m[0m
[  20% ] [90m[1msavepack[22m | 正在保存文件：res://.godot/imported/阵容总览.png-20e0fd6474c7fcd50a20a316251f77b6.ctex[39m[0m
[  20% ] [90m[1msavepack[22m | 正在保存文件：res://arts/游戏指南/实机截图/v1/阵容总览.png.import[39m[0m
[  20% ] [90m[1msavepack[22m | 正在保存文件：res://.godot/imported/非遗研究所.png-d44c80135451d0918fa35964e8d32adc.ctex[39m[0m
[  20% ] [90m[1msavepack[22m | 正在保存文件：res://arts/游戏指南/实机截图/v1/非遗研究所.png.import[39m[0m
[  20% ] [90m[1msavepack[22m | 正在保存文件：res://.godot/imported/食物商店.png-09c4a595f8ed6a368cf23052c88ffe11.ctex[39m[0m
[  20% ] [90m[1msavepack[22m | 正在保存文件：res://arts/游戏指南/实机截图/v1/食物商店.png.import[39m[0m
[  20% ] [90m[1msavepack[22m | 正在保存文件：res://.godot/imported/信息操作近景.png-2808cbfc9e5ee812863c514b382f2f1a.ctex[39m[0m
[  20% ] [90m[1msavepack[22m | 正在保存文件：res://arts/游戏指南/实机截图/v2/信息操作近景.png.import[39m[0m
[  20% ] [90m[1msavepack[22m | 正在保存文件：res://.godot/imported/初始资源近景.png-3ffcc583f2f32f77741ffe2b1390f9ff.ctex[39m[0m
[  20% ] [90m[1msavepack[22m | 正在保存文件：res://arts/游戏指南/实机截图/v2/初始资源近景.png.import[39m[0m
[  20% ] [90m[1msavepack[22m | 正在保存文件：res://.godot/imported/地图与提示近景.png-5cedc3f6cc682f3ef837fe6993ca8603.ctex[39m[0m
[  20% ] [90m[1msavepack[22m | 正在保存文件：res://arts/游戏指南/实机截图/v2/地图与提示近景.png.import[39m[0m
[  20% ] [90m[1msavepack[22m | 正在保存文件：res://.godot/imported/地图近景.png-8d8e33f5e59dba58227330ac7ee3a288.ctex[39m[0m
[  20% ] [90m[1msavepack[22m | 正在保存文件：res://arts/游戏指南/实机截图/v2/地图近景.png.import[39m[0m
[  20% ] [90m[1msavepack[22m | 正在保存文件：res://.godot/imported/手牌计分近景.png-9dd9fbaec5c33e0d0b9370b1d7bf09b2.ctex[39m[0m
[  20% ] [90m[1msavepack[22m | 正在保存文件：res://arts/游戏指南/实机截图/v2/手牌计分近景.png.import[39m[0m
[  20% ] [90m[1msavepack[22m | 正在保存文件：res://.godot/imported/玩家信息近景.png-d8a4a989af5972b4716cc5e6dcedd972.ctex[39m[0m
[  20% ] [90m[1msavepack[22m | 正在保存文件：res://arts/游戏指南/实机截图/v2/玩家信息近景.png.import[39m[0m
[  20% ] [90m[1msavepack[22m | 正在保存文件：res://.godot/imported/阶段信息近景.png-63c680e0d970bc33c51a54c821a5f6a1.ctex[39m[0m
[  20% ] [90m[1msavepack[22m | 正在保存文件：res://arts/游戏指南/实机截图/v2/阶段信息近景.png.import[39m[0m
[  20% ] [90m[1msavepack[22m | 正在保存文件：res://.godot/imported/事件公开-沉浸体验.png-30e094fd6f059f474547041129a31548.ctex[39m[0m
[  20% ] [90m[1msavepack[22m | 正在保存文件：res://arts/游戏指南/实机截图/v3/事件公开-沉浸体验.png.import[39m[0m
[  20% ] [90m[1msavepack[22m | 正在保存文件：res://.godot/imported/事件移动-地图选点.png-96c977a23a208454d92a7eea5bd24144.ctex[39m[0m
[  20% ] [90m[1msavepack[22m | 正在保存文件：res://arts/游戏指南/实机截图/v3/事件移动-地图选点.png.import[39m[0m
[  20% ] [90m[1msavepack[22m | 正在保存文件：res://.godot/imported/初始积分点与精力.png-d34ba4e06a61259b8cc7be830e4077b7.ctex[39m[0m
[  20% ] [90m[1msavepack[22m | 正在保存文件：res://arts/游戏指南/实机截图/v3/初始积分点与精力.png.import[39m[0m
[  21% ] [90m[1msavepack[22m | 正在保存文件：res://.godot/imported/快速上手-起点至非遗点路线.png-061fa37a162509f23614e36537f18baa.ctex[39m[0m
[  21% ] [90m[1msavepack[22m | 正在保存文件：res://arts/游戏指南/实机截图/v3/快速上手-起点至非遗点路线.png.import[39m[0m
[  21% ] [90m[1msavepack[22m | 正在保存文件：res://.godot/imported/移动阶段-实际路线标注.png-21b757baf4772dde7d42576f84d02974.ctex[39m[0m
[  21% ] [90m[1msavepack[22m | 正在保存文件：res://arts/游戏指南/实机截图/v3/移动阶段-实际路线标注.png.import[39m[0m
[  21% ] [90m[1msavepack[22m | 正在保存文件：res://.godot/imported/移动阶段-蓝色可达路线.png-1598f158562437a4ebe9a51f517bc79d.ctex[39m[0m
[  21% ] [90m[1msavepack[22m | 正在保存文件：res://arts/游戏指南/实机截图/v3/移动阶段-蓝色可达路线.png.import[39m[0m
[  21% ] [90m[1msavepack[22m | 正在保存文件：res://.godot/imported/行动阶段按钮.png-95c6c7da8e7d63a2638fc2e22602fa04.ctex[39m[0m
[  21% ] [90m[1msavepack[22m | 正在保存文件：res://arts/游戏指南/实机截图/v3/行动阶段按钮.png.import[39m[0m
[  21% ] [90m[1msavepack[22m | 正在保存文件：res://.godot/imported/非遗详情-潜江民歌.png-7dfa52b0e4d81156843c97156f2bb311.ctex[39m[0m
[  21% ] [90m[1msavepack[22m | 正在保存文件：res://arts/游戏指南/实机截图/v3/非遗详情-潜江民歌.png.import[39m[0m
[  21% ] [90m[1msavepack[22m | 正在保存文件：res://.godot/imported/食物商店.png-31696520b56bae9011d16fd1d332d874.ctex[39m[0m
[  21% ] [90m[1msavepack[22m | 正在保存文件：res://arts/游戏指南/实机截图/v3/食物商店.png.import[39m[0m
[  21% ] [90m[1msavepack[22m | 正在保存文件：res://.godot/imported/食物背包.png-c221635ef59e025a70fed1a78751b18e.ctex[39m[0m
[  21% ] [90m[1msavepack[22m | 正在保存文件：res://arts/游戏指南/实机截图/v3/食物背包.png.import[39m[0m
[  21% ] [90m[1msavepack[22m | 正在保存文件：res://.godot/imported/人数设置弹窗.png-19f4e1a5385b29089c5644cae9be93fa.ctex[39m[0m
[  21% ] [90m[1msavepack[22m | 正在保存文件：res://arts/游戏指南/实机截图/v4/人数设置弹窗.png.import[39m[0m
[  21% ] [90m[1msavepack[22m | 正在保存文件：res://.godot/imported/地图格悬浮信息.png-af63de5fd50c61e7d3220ba71ec99125.ctex[39m[0m
[  21% ] [90m[1msavepack[22m | 正在保存文件：res://arts/游戏指南/实机截图/v4/地图格悬浮信息.png.import[39m[0m
[  21% ] [90m[1msavepack[22m | 正在保存文件：res://.godot/imported/模式选择弹窗.png-b986a09cbbe901566dbec5c48092ff81.ctex[39m[0m
[  21% ] [90m[1msavepack[22m | 正在保存文件：res://arts/游戏指南/实机截图/v4/模式选择弹窗.png.import[39m[0m
[  21% ] [90m[1msavepack[22m | 正在保存文件：res://.godot/imported/界面-下方信息与操作.png-e5f30f2663c05bcf5ba4c8406e8b1cc0.ctex[39m[0m
[  21% ] [90m[1msavepack[22m | 正在保存文件：res://arts/游戏指南/实机截图/v4/界面-下方信息与操作.png.import[39m[0m
[  21% ] [90m[1msavepack[22m | 正在保存文件：res://.godot/imported/界面-中央地图.png-ead08764e6186134b5a9993555233eeb.ctex[39m[0m
[  21% ] [90m[1msavepack[22m | 正在保存文件：res://arts/游戏指南/实机截图/v4/界面-中央地图.png.import[39m[0m
[  21% ] [90m[1msavepack[22m | 正在保存文件：res://.godot/imported/界面-右侧手牌与分数.png-e7d31d944882437e931347b51c9feabb.ctex[39m[0m
[  21% ] [90m[1msavepack[22m | 正在保存文件：res://arts/游戏指南/实机截图/v4/界面-右侧手牌与分数.png.import[39m[0m
[  21% ] [90m[1msavepack[22m | 正在保存文件：res://.godot/imported/界面-左侧玩家.png-ef5235d6f63418232e54e5ab4d4ea1a5.ctex[39m[0m
[  21% ] [90m[1msavepack[22m | 正在保存文件：res://arts/游戏指南/实机截图/v4/界面-左侧玩家.png.import[39m[0m
[  21% ] [90m[1msavepack[22m | 正在保存文件：res://.godot/imported/移动阶段-用户原图.png-2684f5bc05ecd9f5111ff338dd2d9391.ctex[39m[0m
[  21% ] [90m[1msavepack[22m | 正在保存文件：res://arts/游戏指南/实机截图/v4/移动阶段-用户原图.png.import[39m[0m
[  21% ] [90m[1msavepack[22m | 正在保存文件：res://.godot/imported/2D6掷骰.png-e826da4248d329c04e8abfbbbb688212.ctex[39m[0m
[  21% ] [90m[1msavepack[22m | 正在保存文件：res://arts/游戏指南/示意图/v1/2D6掷骰.png.import[39m[0m
[  21% ] [90m[1msavepack[22m | 正在保存文件：res://.godot/imported/25积分点.png-52d6d140c9dc4597acc1a01b3b15d560.ctex[39m[0m
[  21% ] [90m[1msavepack[22m | 正在保存文件：res://arts/积分点/25积分点.png.import[39m[0m
[  21% ] [90m[1msavepack[22m | 正在保存文件：res://.godot/imported/50积分点.png-23816df607f68bdd6772ea5638593a39.ctex[39m[0m
[  21% ] [90m[1msavepack[22m | 正在保存文件：res://arts/积分点/50积分点.png.import[39m[0m
[  21% ] [90m[1msavepack[22m | 正在保存文件：res://.godot/imported/100积分点.png-9735b8cb88ba5ab3fb81db5d487ca0d5.ctex[39m[0m
[  21% ] [90m[1msavepack[22m | 正在保存文件：res://arts/积分点/100积分点.png.import[39m[0m
[  21% ] [90m[1msavepack[22m | 正在保存文件：res://.godot/imported/200积分点.png-cc63835538eddc12b43afd40da572778.ctex[39m[0m
[  21% ] [90m[1msavepack[22m | 正在保存文件：res://arts/积分点/200积分点.png.import[39m[0m
[  22% ] [90m[1msavepack[22m | 正在保存文件：res://.godot/imported/500积分点.png-e813fa034042cb8c5b52e6851262adaa.ctex[39m[0m
[  22% ] [90m[1msavepack[22m | 正在保存文件：res://arts/积分点/500积分点.png.import[39m[0m
[  22% ] [90m[1msavepack[22m | 正在保存文件：res://.godot/imported/1000积分点.png-ec6bba007a74643b42ad39581dfee98f.ctex[39m[0m
[  22% ] [90m[1msavepack[22m | 正在保存文件：res://arts/积分点/1000积分点.png.import[39m[0m
[  22% ] [90m[1msavepack[22m | 正在保存文件：res://.godot/imported/fortune.png-c694b42dcbf49a6cd169501fd0a56b99.ctex[39m[0m
[  22% ] [90m[1msavepack[22m | 正在保存文件：res://arts/素材合集/sprite及立绘/Sprite/地图图例/fortune.png.import[39m[0m
[  22% ] [90m[1msavepack[22m | 正在保存文件：res://.godot/imported/hills.png-ba29874565c0ef07c923b2aa6de2ee90.ctex[39m[0m
[  22% ] [90m[1msavepack[22m | 正在保存文件：res://arts/素材合集/sprite及立绘/Sprite/地图图例/hills.png.import[39m[0m
[  22% ] [90m[1msavepack[22m | 正在保存文件：res://.godot/imported/IH.png-848bd014b0d1964f0ce4e81e1a5fd1c0.ctex[39m[0m
[  22% ] [90m[1msavepack[22m | 正在保存文件：res://arts/素材合集/sprite及立绘/Sprite/地图图例/IH.png.import[39m[0m
[  22% ] [90m[1msavepack[22m | 正在保存文件：res://.godot/imported/incident.png-d58d30e3be7478e608cf2054f5180a46.ctex[39m[0m
[  22% ] [90m[1msavepack[22m | 正在保存文件：res://arts/素材合集/sprite及立绘/Sprite/地图图例/incident.png.import[39m[0m
[  22% ] [90m[1msavepack[22m | 正在保存文件：res://.godot/imported/lake.png-10e7f9f09f4472d735eb17bb9b67205d.ctex[39m[0m
[  22% ] [90m[1msavepack[22m | 正在保存文件：res://arts/素材合集/sprite及立绘/Sprite/地图图例/lake.png.import[39m[0m
[  22% ] [90m[1msavepack[22m | 正在保存文件：res://.godot/imported/original location.png-e52e79eab8d9e9cbcef3146c536c0b4c.ctex[39m[0m
[  22% ] [90m[1msavepack[22m | 正在保存文件：res://arts/素材合集/sprite及立绘/Sprite/地图图例/original location.png.import[39m[0m
[  22% ] [90m[1msavepack[22m | 正在保存文件：res://.godot/imported/work.png-34e88f8289c40d0bbfda21445d2e0539.ctex[39m[0m
[  22% ] [90m[1msavepack[22m | 正在保存文件：res://arts/素材合集/sprite及立绘/Sprite/地图图例/work.png.import[39m[0m
[  22% ] [90m[1msavepack[22m | 正在保存文件：res://.godot/imported/商业博主.png-c9af625645b06b418b1e6ff9803c3d3d.ctex[39m[0m
[  22% ] [90m[1msavepack[22m | 正在保存文件：res://arts/素材合集/sprite及立绘/Sprite/角色/商业博主.png.import[39m[0m
[  22% ] [90m[1msavepack[22m | 正在保存文件：res://.godot/imported/探险博主.png-ffeabb3fb12fd6b5dbe157fc3666ebb3.ctex[39m[0m
[  22% ] [90m[1msavepack[22m | 正在保存文件：res://arts/素材合集/sprite及立绘/Sprite/角色/探险博主.png.import[39m[0m
[  22% ] [90m[1msavepack[22m | 正在保存文件：res://.godot/imported/旅行博主.png-99e9120fa158d2615fc72f67ff08e418.ctex[39m[0m
[  22% ] [90m[1msavepack[22m | 正在保存文件：res://arts/素材合集/sprite及立绘/Sprite/角色/旅行博主.png.import[39m[0m
[  22% ] [90m[1msavepack[22m | 正在保存文件：res://.godot/imported/生活博主.png-978dbaf9b0245fa6110c60f05ff9ed42.ctex[39m[0m
[  22% ] [90m[1msavepack[22m | 正在保存文件：res://arts/素材合集/sprite及立绘/Sprite/角色/生活博主.png.import[39m[0m
[  22% ] [90m[1msavepack[22m | 正在保存文件：res://.godot/imported/美食博主.png-1c7445d934e42af865b2badb67a76b18.ctex[39m[0m
[  22% ] [90m[1msavepack[22m | 正在保存文件：res://arts/素材合集/sprite及立绘/Sprite/角色/美食博主.png.import[39m[0m
[  22% ] [90m[1msavepack[22m | 正在保存文件：res://.godot/imported/魔术博主.png-88fe3864a98684c02b70f1759c811a7f.ctex[39m[0m
[  22% ] [90m[1msavepack[22m | 正在保存文件：res://arts/素材合集/sprite及立绘/Sprite/角色/魔术博主.png.import[39m[0m
[  22% ] [90m[1msavepack[22m | 正在保存文件：res://.godot/imported/1.png-448588e9aba53e5736bc2b77530c4a3d.ctex[39m[0m
[  22% ] [90m[1msavepack[22m | 正在保存文件：res://arts/素材合集/sprite及立绘/棋子/1.png.import[39m[0m
[  22% ] [90m[1msavepack[22m | 正在保存文件：res://.godot/imported/2.png-1846213e618558170781823960c253d7.ctex[39m[0m
[  22% ] [90m[1msavepack[22m | 正在保存文件：res://arts/素材合集/sprite及立绘/棋子/2.png.import[39m[0m
[  22% ] [90m[1msavepack[22m | 正在保存文件：res://.godot/imported/3.png-91f6e90109c21922b63de95a3e63afa6.ctex[39m[0m
[  22% ] [90m[1msavepack[22m | 正在保存文件：res://arts/素材合集/sprite及立绘/棋子/3.png.import[39m[0m
[  22% ] [90m[1msavepack[22m | 正在保存文件：res://.godot/imported/4.png-6fc9fa62fa015c5a52b1b051ff4d1286.ctex[39m[0m
[  22% ] [90m[1msavepack[22m | 正在保存文件：res://arts/素材合集/sprite及立绘/棋子/4.png.import[39m[0m
[  23% ] [90m[1msavepack[22m | 正在保存文件：res://.godot/imported/5.png-9f075da8a54259aac52d5d34090b6ebe.ctex[39m[0m
[  23% ] [90m[1msavepack[22m | 正在保存文件：res://arts/素材合集/sprite及立绘/棋子/5.png.import[39m[0m
[  23% ] [90m[1msavepack[22m | 正在保存文件：res://.godot/imported/6.png-cbb665726e7f2e531640402c510586ca.ctex[39m[0m
[  23% ] [90m[1msavepack[22m | 正在保存文件：res://arts/素材合集/sprite及立绘/棋子/6.png.import[39m[0m
[  23% ] [90m[1msavepack[22m | 正在保存文件：res://.godot/imported/商业博主.png-d72406ffb8fbc36a771ee499e054c3c9.ctex[39m[0m
[  23% ] [90m[1msavepack[22m | 正在保存文件：res://arts/素材合集/sprite及立绘/水墨风格立绘/商业博主.png.import[39m[0m
[  23% ] [90m[1msavepack[22m | 正在保存文件：res://.godot/imported/探险博主.png-1adb5f3b5fccef7c29e70c73f80e43ee.ctex[39m[0m
[  23% ] [90m[1msavepack[22m | 正在保存文件：res://arts/素材合集/sprite及立绘/水墨风格立绘/探险博主.png.import[39m[0m
[  23% ] [90m[1msavepack[22m | 正在保存文件：res://.godot/imported/旅行博主.png-ca8f7bdcb144e66392e4666532a653db.ctex[39m[0m
[  23% ] [90m[1msavepack[22m | 正在保存文件：res://arts/素材合集/sprite及立绘/水墨风格立绘/旅行博主.png.import[39m[0m
[  23% ] [90m[1msavepack[22m | 正在保存文件：res://.godot/imported/生活博主.png-ba56561efb18e7aa68bebb6b65aa42db.ctex[39m[0m
[  23% ] [90m[1msavepack[22m | 正在保存文件：res://arts/素材合集/sprite及立绘/水墨风格立绘/生活博主.png.import[39m[0m
[  23% ] [90m[1msavepack[22m | 正在保存文件：res://.godot/imported/看板娘.png-aa7b3f51a68bca53390bf62e04286ace.ctex[39m[0m
[  23% ] [90m[1msavepack[22m | 正在保存文件：res://arts/素材合集/sprite及立绘/水墨风格立绘/看板娘.png.import[39m[0m
[  23% ] [90m[1msavepack[22m | 正在保存文件：res://.godot/imported/美食博主.png-e223c8755d48c7caa38554e000b6b35e.ctex[39m[0m
[  23% ] [90m[1msavepack[22m | 正在保存文件：res://arts/素材合集/sprite及立绘/水墨风格立绘/美食博主.png.import[39m[0m
[  23% ] [90m[1msavepack[22m | 正在保存文件：res://.godot/imported/魔术博主.png-a38f56a9c694757f28d52833eff167b1.ctex[39m[0m
[  23% ] [90m[1msavepack[22m | 正在保存文件：res://arts/素材合集/sprite及立绘/水墨风格立绘/魔术博主.png.import[39m[0m
[  23% ] [90m[1msavepack[22m | 正在保存文件：res://.godot/imported/播放.png-09cdb375a5410a17358c14cfe85cedf2.ctex[39m[0m
[  23% ] [90m[1msavepack[22m | 正在保存文件：res://arts/素材合集/主界面（启动+首页）/ui控件/侧边栏/播放.png.import[39m[0m
[  23% ] [90m[1msavepack[22m | 正在保存文件：res://.godot/imported/设置.png-95e370608b6d445d9b4e4df36e5b6f0e.ctex[39m[0m
[  23% ] [90m[1msavepack[22m | 正在保存文件：res://arts/素材合集/主界面（启动+首页）/ui控件/侧边栏/设置.png.import[39m[0m
[  23% ] [90m[1msavepack[22m | 正在保存文件：res://.godot/imported/详情.png-ecf7a8f1bcc4870c4c9c0f15cc2f6173.ctex[39m[0m
[  23% ] [90m[1msavepack[22m | 正在保存文件：res://arts/素材合集/主界面（启动+首页）/ui控件/侧边栏/详情.png.import[39m[0m
[  23% ] [90m[1msavepack[22m | 正在保存文件：res://.godot/imported/音量.png-65bce8a4ead76ad5f857ef99cd4b2acd.ctex[39m[0m
[  23% ] [90m[1msavepack[22m | 正在保存文件：res://arts/素材合集/主界面（启动+首页）/ui控件/侧边栏/音量.png.import[39m[0m
[  23% ] [90m[1msavepack[22m | 正在保存文件：res://.godot/imported/chiwen.png-c42691f7dd2559c5305b3bd2db303b20.ctex[39m[0m
[  23% ] [90m[1msavepack[22m | 正在保存文件：res://arts/素材合集/主界面（启动+首页）/ui控件/启动页/chiwen.png.import[39m[0m
[  23% ] [90m[1msavepack[22m | 正在保存文件：res://.godot/imported/资源 30.png-6a8beaea827904ef6105c888ea44a55c.ctex[39m[0m
[  23% ] [90m[1msavepack[22m | 正在保存文件：res://arts/素材合集/主界面（启动+首页）/ui控件/底侧/资源 30.png.import[39m[0m
[  23% ] [90m[1msavepack[22m | 正在保存文件：res://.godot/imported/资源 31.png-5358a17579a4d81e892beedb6dfa83a0.ctex[39m[0m
[  23% ] [90m[1msavepack[22m | 正在保存文件：res://arts/素材合集/主界面（启动+首页）/ui控件/底侧/资源 31.png.import[39m[0m
[  23% ] [90m[1msavepack[22m | 正在保存文件：res://.godot/imported/资源 32.png-c588ec6e1c2e46d4f509260e70b8a3ff.ctex[39m[0m
[  23% ] [90m[1msavepack[22m | 正在保存文件：res://arts/素材合集/主界面（启动+首页）/ui控件/底侧/资源 32.png.import[39m[0m
[  23% ] [90m[1msavepack[22m | 正在保存文件：res://.godot/imported/底.png-bce88f93e6d806dd4d59bd7eafab01f9.ctex[39m[0m
[  23% ] [90m[1msavepack[22m | 正在保存文件：res://arts/素材合集/主界面（启动+首页）/ui控件/进度条/底.png.import[39m[0m
[  23% ] [90m[1msavepack[22m | 正在保存文件：res://.godot/imported/顶.png-7b91d9caaa972d91afe5dc1ec63f3f45.ctex[39m[0m
[  23% ] [90m[1msavepack[22m | 正在保存文件：res://arts/素材合集/主界面（启动+首页）/ui控件/进度条/顶.png.import[39m[0m
[  24% ] [90m[1msavepack[22m | 正在保存文件：res://.godot/imported/启动.png-82c14603aa25200e4b8126ee5808a955.ctex[39m[0m
[  24% ] [90m[1msavepack[22m | 正在保存文件：res://arts/素材合集/主界面（启动+首页）/主界面背景/启动.png.import[39m[0m
[  24% ] [90m[1msavepack[22m | 正在保存文件：res://.godot/imported/启动（无标题）.png-efefeb15b4c3b11366545641b22b95ba.ctex[39m[0m
[  24% ] [90m[1msavepack[22m | 正在保存文件：res://arts/素材合集/主界面（启动+首页）/主界面背景/启动（无标题）.png.import[39m[0m
[  24% ] [90m[1msavepack[22m | 正在保存文件：res://.godot/imported/画板 1.png-2c7a0d7dca7bd4c241000a54b9541bb0.ctex[39m[0m
[  24% ] [90m[1msavepack[22m | 正在保存文件：res://arts/素材合集/主界面（启动+首页）/主界面背景/画板 1.png.import[39m[0m
[  24% ] [90m[1msavepack[22m | 正在保存文件：res://.godot/imported/2.png-054aa1782718287f78ca9d049d1f35dc.ctex[39m[0m
[  24% ] [90m[1msavepack[22m | 正在保存文件：res://arts/素材合集/主界面（启动+首页）/效果图/2.png.import[39m[0m
[  24% ] [90m[1msavepack[22m | 正在保存文件：res://.godot/imported/11.png-4f72b8744268be16d65612c769bded45.ctex[39m[0m
[  24% ] [90m[1msavepack[22m | 正在保存文件：res://arts/素材合集/主界面（启动+首页）/效果图/11.png.import[39m[0m
[  24% ] [90m[1msavepack[22m | 正在保存文件：res://.godot/imported/游戏标题.png-25fd65d909b937a7e6729dd44adf2ad8.ctex[39m[0m
[  24% ] [90m[1msavepack[22m | 正在保存文件：res://arts/素材合集/主界面（启动+首页）/游戏标题.png.import[39m[0m
[  24% ] [90m[1msavepack[22m | 正在保存文件：res://.godot/imported/仙桃市.png-f40e3b45f51c5edc3ac13d8a21fcb207.ctex[39m[0m
[  24% ] [90m[1msavepack[22m | 正在保存文件：res://arts/非遗卡牌/仙桃/仙桃市.png.import[39m[0m
[  24% ] [90m[1msavepack[22m | 正在保存文件：res://.godot/imported/仙桃雕花剪纸.jpg-b4ec0cb1af4d6b98f95c8c418a3b1171.ctex[39m[0m
[  24% ] [90m[1msavepack[22m | 正在保存文件：res://arts/非遗卡牌/仙桃/仙桃雕花剪纸.jpg.import[39m[0m
[  24% ] [90m[1msavepack[22m | 正在保存文件：res://.godot/imported/荆州花鼓戏.jpg-1afc6408be56ecb50f2945ee530e26fa.ctex[39m[0m
[  24% ] [90m[1msavepack[22m | 正在保存文件：res://arts/非遗卡牌/仙桃/荆州花鼓戏.jpg.import[39m[0m
[  24% ] [90m[1msavepack[22m | 正在保存文件：res://.godot/imported/伍家沟民间故事.jpg-b0aa1ef1cd66d842323f368e2db1f32a.ctex[39m[0m
[  24% ] [90m[1msavepack[22m | 正在保存文件：res://arts/非遗卡牌/十堰/伍家沟民间故事.jpg.import[39m[0m
[  24% ] [90m[1msavepack[22m | 正在保存文件：res://.godot/imported/十堰市.png-ad1e6e397f87c3e8db74ac637b6f44f4.ctex[39m[0m
[  24% ] [90m[1msavepack[22m | 正在保存文件：res://arts/非遗卡牌/十堰/十堰市.png.import[39m[0m
[  24% ] [90m[1msavepack[22m | 正在保存文件：res://.godot/imported/吕家河民歌.jpg-ea0094fcef35ec5c02a56941ec00635d.ctex[39m[0m
[  24% ] [90m[1msavepack[22m | 正在保存文件：res://arts/非遗卡牌/十堰/吕家河民歌.jpg.import[39m[0m
[  24% ] [90m[1msavepack[22m | 正在保存文件：res://.godot/imported/武当山宫观道乐.jpg-8b38309a4ab6691ebc4a470b28917c0d.ctex[39m[0m
[  24% ] [90m[1msavepack[22m | 正在保存文件：res://arts/非遗卡牌/十堰/武当山宫观道乐.jpg.import[39m[0m
[  24% ] [90m[1msavepack[22m | 正在保存文件：res://.godot/imported/武当山庙会.jpg-b3e4d60d12fbd0e8ed7672949273774b.ctex[39m[0m
[  24% ] [90m[1msavepack[22m | 正在保存文件：res://arts/非遗卡牌/十堰/武当山庙会.jpg.import[39m[0m
[  24% ] [90m[1msavepack[22m | 正在保存文件：res://.godot/imported/武当武术.jpg-e1aa552380025e4b21b228583413fa85.ctex[39m[0m
[  24% ] [90m[1msavepack[22m | 正在保存文件：res://arts/非遗卡牌/十堰/武当武术.jpg.import[39m[0m
[  24% ] [90m[1msavepack[22m | 正在保存文件：res://.godot/imported/武当神戏.jpg-c6ee2748cfdad0e8e885dae27eb95d7a.ctex[39m[0m
[  24% ] [90m[1msavepack[22m | 正在保存文件：res://arts/非遗卡牌/十堰/武当神戏.jpg.import[39m[0m
[  24% ] [90m[1msavepack[22m | 正在保存文件：res://.godot/imported/汉调二黄.jpg-4e3f0f5fd217894f14d7c340733db153.ctex[39m[0m
[  24% ] [90m[1msavepack[22m | 正在保存文件：res://arts/非遗卡牌/十堰/汉调二黄.jpg.import[39m[0m
[  24% ] [90m[1msavepack[22m | 正在保存文件：res://.godot/imported/咸宁市.png-cc9e4346999d9519b28745692d9cf43f.ctex[39m[0m
[  24% ] [90m[1msavepack[22m | 正在保存文件：res://arts/非遗卡牌/咸宁/咸宁市.png.import[39m[0m
[  24% ] [90m[1msavepack[22m | 正在保存文件：res://.godot/imported/提琴戏.jpg-784d9715979ec92906c8dd3fbb87abbd.ctex[39m[0m
[  24% ] [90m[1msavepack[22m | 正在保存文件：res://arts/非遗卡牌/咸宁/提琴戏.jpg.import[39m[0m
[  25% ] [90m[1msavepack[22m | 正在保存文件：res://.godot/imported/天门市.png-88a5452c25901af1797cb00c27cae2be.ctex[39m[0m
[  25% ] [90m[1msavepack[22m | 正在保存文件：res://arts/非遗卡牌/天门/天门市.png.import[39m[0m
[  25% ] [90m[1msavepack[22m | 正在保存文件：res://.godot/imported/天门民歌.jpg-4c9d96c7e354e06439b9436a652d5e1a.ctex[39m[0m
[  25% ] [90m[1msavepack[22m | 正在保存文件：res://arts/非遗卡牌/天门/天门民歌.jpg.import[39m[0m
[  25% ] [90m[1msavepack[22m | 正在保存文件：res://.godot/imported/天门糖塑.jpg-d9265707d5ecfebbfdcffd0e5f9b8bea.ctex[39m[0m
[  25% ] [90m[1msavepack[22m | 正在保存文件：res://arts/非遗卡牌/天门/天门糖塑.jpg.import[39m[0m
[  25% ] [90m[1msavepack[22m | 正在保存文件：res://.godot/imported/云梦皮影戏.jpg-479fdead1bc84359c97e84db219c753b.ctex[39m[0m
[  25% ] [90m[1msavepack[22m | 正在保存文件：res://arts/非遗卡牌/孝感/云梦皮影戏.jpg.import[39m[0m
[  25% ] [90m[1msavepack[22m | 正在保存文件：res://.godot/imported/孝感市.png-e3dd1a72653f2ac6b84c2582df2d4e83.ctex[39m[0m
[  25% ] [90m[1msavepack[22m | 正在保存文件：res://arts/非遗卡牌/孝感/孝感市.png.import[39m[0m
[  25% ] [90m[1msavepack[22m | 正在保存文件：res://.godot/imported/孝感雕花剪纸.jpg-647e1b7c7ff47e92e564a3a37e785767.ctex[39m[0m
[  25% ] [90m[1msavepack[22m | 正在保存文件：res://arts/非遗卡牌/孝感/孝感雕花剪纸.jpg.import[39m[0m
[  25% ] [90m[1msavepack[22m | 正在保存文件：res://.godot/imported/汉川善书.jpg-a9d246989cb1294689f0f8bae5c6e187.ctex[39m[0m
[  25% ] [90m[1msavepack[22m | 正在保存文件：res://arts/非遗卡牌/孝感/汉川善书.jpg.import[39m[0m
[  25% ] [90m[1msavepack[22m | 正在保存文件：res://.godot/imported/董永传说.jpg-a422c780822328dca58c6d4d18bf741e.ctex[39m[0m
[  25% ] [90m[1msavepack[22m | 正在保存文件：res://arts/非遗卡牌/孝感/董永传说.jpg.import[39m[0m
[  25% ] [90m[1msavepack[22m | 正在保存文件：res://.godot/imported/龙舞.jpg-acc8ebdbf7b249df0a205af6655a9e0d.ctex[39m[0m
[  25% ] [90m[1msavepack[22m | 正在保存文件：res://arts/非遗卡牌/孝感/龙舞.jpg.import[39m[0m
[  25% ] [90m[1msavepack[22m | 正在保存文件：res://.godot/imported/下堡坪民间故事.jpg-00ac869d50e976504603d77aafcca9aa.ctex[39m[0m
[  25% ] [90m[1msavepack[22m | 正在保存文件：res://arts/非遗卡牌/宜昌/下堡坪民间故事.jpg.import[39m[0m
[  25% ] [90m[1msavepack[22m | 正在保存文件：res://.godot/imported/兴山民歌.jpg-e90914e42d2c4bc9752f18bb614b71ce.ctex[39m[0m
[  25% ] [90m[1msavepack[22m | 正在保存文件：res://arts/非遗卡牌/宜昌/兴山民歌.jpg.import[39m[0m
[  25% ] [90m[1msavepack[22m | 正在保存文件：res://.godot/imported/南曲.jpg-de4a3d4874ed7e2761a219c55a111b11.ctex[39m[0m
[  25% ] [90m[1msavepack[22m | 正在保存文件：res://arts/非遗卡牌/宜昌/南曲.jpg.import[39m[0m
[  25% ] [90m[1msavepack[22m | 正在保存文件：res://.godot/imported/土家族打溜子.jpg-ad6a4f8326ead45ee29d9623481d4cbb.ctex[39m[0m
[  25% ] [90m[1msavepack[22m | 正在保存文件：res://arts/非遗卡牌/宜昌/土家族打溜子.jpg.import[39m[0m
[  25% ] [90m[1msavepack[22m | 正在保存文件：res://.godot/imported/土家族撒叶儿嗬.jpg-09fd048237f91d938c0ff6b02bb8e3b0.ctex[39m[0m
[  25% ] [90m[1msavepack[22m | 正在保存文件：res://arts/非遗卡牌/宜昌/土家族撒叶儿嗬.jpg.import[39m[0m
[  25% ] [90m[1msavepack[22m | 正在保存文件：res://.godot/imported/宜昌丝竹.jpg-57d807ee291529aa166731c83567d049.ctex[39m[0m
[  25% ] [90m[1msavepack[22m | 正在保存文件：res://arts/非遗卡牌/宜昌/宜昌丝竹.jpg.import[39m[0m
[  25% ] [90m[1msavepack[22m | 正在保存文件：res://.godot/imported/宜昌市.png-645e47b3ec6c127df41cbf39840f1471.ctex[39m[0m
[  25% ] [90m[1msavepack[22m | 正在保存文件：res://arts/非遗卡牌/宜昌/宜昌市.png.import[39m[0m
[  25% ] [90m[1msavepack[22m | 正在保存文件：res://.godot/imported/宜昌薅草锣鼓.jpg-90d7807c049384b90f3b43d444edda3d.ctex[39m[0m
[  25% ] [90m[1msavepack[22m | 正在保存文件：res://arts/非遗卡牌/宜昌/宜昌薅草锣鼓.jpg.import[39m[0m
[  25% ] [90m[1msavepack[22m | 正在保存文件：res://.godot/imported/屈原传说.jpg-84f3b79fcc2298528885ada40eb23ee2.ctex[39m[0m
[  25% ] [90m[1msavepack[22m | 正在保存文件：res://arts/非遗卡牌/宜昌/屈原传说.jpg.import[39m[0m
[  25% ] [90m[1msavepack[22m | 正在保存文件：res://.godot/imported/屈原故里端午习俗.jpg-d0742c0660541e59d056e366dd520e4c.ctex[39m[0m
[  25% ] [90m[1msavepack[22m | 正在保存文件：res://arts/非遗卡牌/宜昌/屈原故里端午习俗.jpg.import[39m[0m
[  26% ] [90m[1msavepack[22m | 正在保存文件：res://.godot/imported/当阳关陵庙会.jpg-a49bc0241ed00321cf16cff7f959df0a.ctex[39m[0m
[  26% ] [90m[1msavepack[22m | 正在保存文件：res://arts/非遗卡牌/宜昌/当阳关陵庙会.jpg.import[39m[0m
[  26% ] [90m[1msavepack[22m | 正在保存文件：res://.godot/imported/枝江民间吹打乐.jpg-4f539106455090c22ff73f32edb60b03.ctex[39m[0m
[  26% ] [90m[1msavepack[22m | 正在保存文件：res://arts/非遗卡牌/宜昌/枝江民间吹打乐.jpg.import[39m[0m
[  26% ] [90m[1msavepack[22m | 正在保存文件：res://.godot/imported/王昭君传说.jpg-b2b0f9debfb13d5a0c150d145b0685e1.ctex[39m[0m
[  26% ] [90m[1msavepack[22m | 正在保存文件：res://arts/非遗卡牌/宜昌/王昭君传说.jpg.import[39m[0m
[  26% ] [90m[1msavepack[22m | 正在保存文件：res://.godot/imported/远安呜音.jpg-c00b43edbb1dfac2a1c6bf341d81f0d1.ctex[39m[0m
[  26% ] [90m[1msavepack[22m | 正在保存文件：res://arts/非遗卡牌/宜昌/远安呜音.jpg.import[39m[0m
[  26% ] [90m[1msavepack[22m | 正在保存文件：res://.godot/imported/都镇湾故事.jpg-37f56e20e05989349b76707e32632e7d.ctex[39m[0m
[  26% ] [90m[1msavepack[22m | 正在保存文件：res://arts/非遗卡牌/宜昌/都镇湾故事.jpg.import[39m[0m
[  26% ] [90m[1msavepack[22m | 正在保存文件：res://.godot/imported/长江峡江号子.jpg-9e08e06723f3065aea3dfbf023a9c9fb.ctex[39m[0m
[  26% ] [90m[1msavepack[22m | 正在保存文件：res://arts/非遗卡牌/宜昌/长江峡江号子.jpg.import[39m[0m
[  26% ] [90m[1msavepack[22m | 正在保存文件：res://.godot/imported/青林寺谜语.jpg-0f64d205470e7748ffe43fba40925c01.ctex[39m[0m
[  26% ] [90m[1msavepack[22m | 正在保存文件：res://arts/非遗卡牌/宜昌/青林寺谜语.jpg.import[39m[0m
[  26% ] [90m[1msavepack[22m | 正在保存文件：res://.godot/imported/三棒鼓.png-700dcd04724f248069a219048a2325af.ctex[39m[0m
[  26% ] [90m[1msavepack[22m | 正在保存文件：res://arts/非遗卡牌/恩施/三棒鼓.png.import[39m[0m
[  26% ] [90m[1msavepack[22m | 正在保存文件：res://.godot/imported/利川灯歌.jpg-f547f97a3dbcf12b9fc6556ba7af8dd2.ctex[39m[0m
[  26% ] [90m[1msavepack[22m | 正在保存文件：res://arts/非遗卡牌/恩施/利川灯歌.jpg.import[39m[0m
[  26% ] [90m[1msavepack[22m | 正在保存文件：res://.godot/imported/南剧.jpg-6e7bb5c1ba21c4c5575f131fef564519.ctex[39m[0m
[  26% ] [90m[1msavepack[22m | 正在保存文件：res://arts/非遗卡牌/恩施/南剧.jpg.import[39m[0m
[  26% ] [90m[1msavepack[22m | 正在保存文件：res://.godot/imported/土家族摆手舞.jpg-b37e7586d04a9d89830a0a6fa009e3b0.ctex[39m[0m
[  26% ] [90m[1msavepack[22m | 正在保存文件：res://arts/非遗卡牌/恩施/土家族摆手舞.jpg.import[39m[0m
[  26% ] [90m[1msavepack[22m | 正在保存文件：res://.godot/imported/地龙灯.png-eba9ae58e0dba0a170caa35f45764e5f.ctex[39m[0m
[  26% ] [90m[1msavepack[22m | 正在保存文件：res://arts/非遗卡牌/恩施/地龙灯.png.import[39m[0m
[  26% ] [90m[1msavepack[22m | 正在保存文件：res://.godot/imported/宣恩薅草锣鼓.jpg-911507016c20a22f5e36256b8d093b74.ctex[39m[0m
[  26% ] [90m[1msavepack[22m | 正在保存文件：res://arts/非遗卡牌/恩施/宣恩薅草锣鼓.jpg.import[39m[0m
[  26% ] [90m[1msavepack[22m | 正在保存文件：res://.godot/imported/干栏吊脚楼建造技艺.jpg-ff26cd67908998e03a21f5ddb403c14d.ctex[39m[0m
[  26% ] [90m[1msavepack[22m | 正在保存文件：res://arts/非遗卡牌/恩施/干栏吊脚楼建造技艺.jpg.import[39m[0m
[  26% ] [90m[1msavepack[22m | 正在保存文件：res://.godot/imported/恩施傩戏.jpg-c199b6515dee497a71f40fcfc0022ec0.ctex[39m[0m
[  26% ] [90m[1msavepack[22m | 正在保存文件：res://arts/非遗卡牌/恩施/恩施傩戏.jpg.import[39m[0m
[  26% ] [90m[1msavepack[22m | 正在保存文件：res://.godot/imported/恩施市.png-2135c6f674d9dff694d2102093756348.ctex[39m[0m
[  26% ] [90m[1msavepack[22m | 正在保存文件：res://arts/非遗卡牌/恩施/恩施市.png.import[39m[0m
[  26% ] [90m[1msavepack[22m | 正在保存文件：res://.godot/imported/恩施扬琴.jpg-308a52956debc083f9a7cc934699ff88.ctex[39m[0m
[  26% ] [90m[1msavepack[22m | 正在保存文件：res://arts/非遗卡牌/恩施/恩施扬琴.jpg.import[39m[0m
[  26% ] [90m[1msavepack[22m | 正在保存文件：res://.godot/imported/灯戏.jpg-7f55aa4e8534caa16997c05e55e6e560.ctex[39m[0m
[  26% ] [90m[1msavepack[22m | 正在保存文件：res://arts/非遗卡牌/恩施/灯戏.jpg.import[39m[0m
[  26% ] [90m[1msavepack[22m | 正在保存文件：res://.godot/imported/肉连响.jpg-bd649fe231b9783df4afa8407e7a3c11.ctex[39m[0m
[  26% ] [90m[1msavepack[22m | 正在保存文件：res://arts/非遗卡牌/恩施/肉连响.jpg.import[39m[0m
[  26% ] [90m[1msavepack[22m | 正在保存文件：res://.godot/imported/长江峡江号子.jpg-3622f30aa2f64263e954ebcf668a2ad7.ctex[39m[0m
[  26% ] [90m[1msavepack[22m | 正在保存文件：res://arts/非遗卡牌/恩施/长江峡江号子.jpg.import[39m[0m
[  27% ] [90m[1msavepack[22m | 正在保存文件：res://.godot/imported/木兰传说.jpg-630a7dbe65ff8f2a7b2a8d6406a22c72.ctex[39m[0m
[  27% ] [90m[1msavepack[22m | 正在保存文件：res://arts/非遗卡牌/武汉/木兰传说.jpg.import[39m[0m
[  27% ] [90m[1msavepack[22m | 正在保存文件：res://.godot/imported/木雕船模.jpg-b77254854306ecb8423a4b75f26fa3c2.ctex[39m[0m
[  27% ] [90m[1msavepack[22m | 正在保存文件：res://arts/非遗卡牌/武汉/木雕船模.jpg.import[39m[0m
[  27% ] [90m[1msavepack[22m | 正在保存文件：res://.godot/imported/楚剧.jpg-61374daa93359160fdc9ed47dcbb2577.ctex[39m[0m
[  27% ] [90m[1msavepack[22m | 正在保存文件：res://arts/非遗卡牌/武汉/楚剧.jpg.import[39m[0m
[  27% ] [90m[1msavepack[22m | 正在保存文件：res://.godot/imported/武汉市.png-fe3c5051ef9b2b7698f8dc9cf9c46dbc.ctex[39m[0m
[  27% ] [90m[1msavepack[22m | 正在保存文件：res://arts/非遗卡牌/武汉/武汉市.png.import[39m[0m
[  27% ] [90m[1msavepack[22m | 正在保存文件：res://.godot/imported/汉剧.jpg-65f786edcc8b7a32ed052ca201624267.ctex[39m[0m
[  27% ] [90m[1msavepack[22m | 正在保存文件：res://arts/非遗卡牌/武汉/汉剧.jpg.import[39m[0m
[  27% ] [90m[1msavepack[22m | 正在保存文件：res://.godot/imported/汉绣.jpg-8510aa1ac48c50fd322627210a2cc163.ctex[39m[0m
[  27% ] [90m[1msavepack[22m | 正在保存文件：res://arts/非遗卡牌/武汉/汉绣.jpg.import[39m[0m
[  27% ] [90m[1msavepack[22m | 正在保存文件：res://.godot/imported/汉阳归元庙会.jpg-1e44c1cd9701d7297ce99bb6aa48dd58.ctex[39m[0m
[  27% ] [90m[1msavepack[22m | 正在保存文件：res://arts/非遗卡牌/武汉/汉阳归元庙会.jpg.import[39m[0m
[  27% ] [90m[1msavepack[22m | 正在保存文件：res://.godot/imported/湖北小曲.jpg-8e0cdd25d520d787eb52ba5750df6fd1.ctex[39m[0m
[  27% ] [90m[1msavepack[22m | 正在保存文件：res://arts/非遗卡牌/武汉/湖北小曲.jpg.import[39m[0m
[  27% ] [90m[1msavepack[22m | 正在保存文件：res://.godot/imported/湖北评书.jpg-5695c78080f8a9f27b779e8c8e688858.ctex[39m[0m
[  27% ] [90m[1msavepack[22m | 正在保存文件：res://arts/非遗卡牌/武汉/湖北评书.jpg.import[39m[0m
[  27% ] [90m[1msavepack[22m | 正在保存文件：res://.godot/imported/马应龙制药技艺.jpg-84482f8d97b3ca9e7205ae106d53e259.ctex[39m[0m
[  27% ] [90m[1msavepack[22m | 正在保存文件：res://arts/非遗卡牌/武汉/马应龙制药技艺.jpg.import[39m[0m
[  27% ] [90m[1msavepack[22m | 正在保存文件：res://.godot/imported/黄鹤楼传说.jpg-475982afa79cbc81d82b9589b53329ad.ctex[39m[0m
[  27% ] [90m[1msavepack[22m | 正在保存文件：res://arts/非遗卡牌/武汉/黄鹤楼传说.jpg.import[39m[0m
[  27% ] [90m[1msavepack[22m | 正在保存文件：res://.godot/imported/龙舞.jpg-957f3e0b375ae24812a7f79e1229b08b.ctex[39m[0m
[  27% ] [90m[1msavepack[22m | 正在保存文件：res://arts/非遗卡牌/武汉/龙舞.jpg.import[39m[0m
[  27% ] [90m[1msavepack[22m | 正在保存文件：res://.godot/imported/江汉平原皮影戏.jpg-50f64ec67399b428385d9cd88dfead47.ctex[39m[0m
[  27% ] [90m[1msavepack[22m | 正在保存文件：res://arts/非遗卡牌/潜江/江汉平原皮影戏.jpg.import[39m[0m
[  27% ] [90m[1msavepack[22m | 正在保存文件：res://.godot/imported/潜江市.png-22aaa8708685556b7f6b9ed870d69bc7.ctex[39m[0m
[  27% ] [90m[1msavepack[22m | 正在保存文件：res://arts/非遗卡牌/潜江/潜江市.png.import[39m[0m
[  27% ] [90m[1msavepack[22m | 正在保存文件：res://.godot/imported/潜江民歌.jpg-92af4e3723a3f9c48ed1057de4553348.ctex[39m[0m
[  27% ] [90m[1msavepack[22m | 正在保存文件：res://arts/非遗卡牌/潜江/潜江民歌.jpg.import[39m[0m
[  27% ] [90m[1msavepack[22m | 正在保存文件：res://.godot/imported/《黑暗传》.jpg-0ddbb195ed8376845e0f1bfb4a0b8a2d.ctex[39m[0m
[  27% ] [90m[1msavepack[22m | 正在保存文件：res://arts/非遗卡牌/神农架/《黑暗传》.jpg.import[39m[0m
[  27% ] [90m[1msavepack[22m | 正在保存文件：res://.godot/imported/炎帝神农传说.jpg-1dba4cc1c6e6eb0c3ccfb4322f1e9fb5.ctex[39m[0m
[  27% ] [90m[1msavepack[22m | 正在保存文件：res://arts/非遗卡牌/神农架/炎帝神农传说.jpg.import[39m[0m
[  27% ] [90m[1msavepack[22m | 正在保存文件：res://.godot/imported/神农架.png-54210ece4a8862da908bbfbd89c7c262.ctex[39m[0m
[  27% ] [90m[1msavepack[22m | 正在保存文件：res://arts/非遗卡牌/神农架/神农架.png.import[39m[0m
[  27% ] [90m[1msavepack[22m | 正在保存文件：res://.godot/imported/啰啰咚.jpg-9fcd48c7d25104f3365430fb91fb777f.ctex[39m[0m
[  27% ] [90m[1msavepack[22m | 正在保存文件：res://arts/非遗卡牌/荆州/啰啰咚.jpg.import[39m[0m
[  28% ] [90m[1msavepack[22m | 正在保存文件：res://.godot/imported/楚式漆器髹饰技艺.jpg-77bbd4390d40529a8a06b114ee9c87ad.ctex[39m[0m
[  28% ] [90m[1msavepack[22m | 正在保存文件：res://arts/非遗卡牌/荆州/楚式漆器髹饰技艺.jpg.import[39m[0m
[  28% ] [90m[1msavepack[22m | 正在保存文件：res://.godot/imported/荆州市.png-1294528e1bd25295dc1bd6d335a21ddd.ctex[39m[0m
[  28% ] [90m[1msavepack[22m | 正在保存文件：res://arts/非遗卡牌/荆州/荆州市.png.import[39m[0m
[  28% ] [90m[1msavepack[22m | 正在保存文件：res://.godot/imported/荆河戏.jpg-ec40874594fa0995d649ce31bd577b3c.ctex[39m[0m
[  28% ] [90m[1msavepack[22m | 正在保存文件：res://arts/非遗卡牌/荆州/荆河戏.jpg.import[39m[0m
[  28% ] [90m[1msavepack[22m | 正在保存文件：res://.godot/imported/说鼓子.jpg-dd6526fab1993ca0ae794086afa1eb31.ctex[39m[0m
[  28% ] [90m[1msavepack[22m | 正在保存文件：res://arts/非遗卡牌/荆州/说鼓子.jpg.import[39m[0m
[  28% ] [90m[1msavepack[22m | 正在保存文件：res://.godot/imported/铅锡刻镂技艺.jpg-f661a6d057e14c9532b98dd5483011e6.ctex[39m[0m
[  28% ] [90m[1msavepack[22m | 正在保存文件：res://arts/非遗卡牌/荆州/铅锡刻镂技艺.jpg.import[39m[0m
[  28% ] [90m[1msavepack[22m | 正在保存文件：res://.godot/imported/马山民歌.jpg-d8f32316bc8aea48a8e8f6468ceb9581.ctex[39m[0m
[  28% ] [90m[1msavepack[22m | 正在保存文件：res://arts/非遗卡牌/荆州/马山民歌.jpg.import[39m[0m
[  28% ] [90m[1msavepack[22m | 正在保存文件：res://.godot/imported/鼓盆歌.jpg-edf0b46b3a090239ef0de2f4ff241466.ctex[39m[0m
[  28% ] [90m[1msavepack[22m | 正在保存文件：res://arts/非遗卡牌/荆州/鼓盆歌.jpg.import[39m[0m
[  28% ] [90m[1msavepack[22m | 正在保存文件：res://.godot/imported/夏氏炼丹术及其祖传秘方.jpg-3042d076ce16f51039aead5555fbfc0b.ctex[39m[0m
[  28% ] [90m[1msavepack[22m | 正在保存文件：res://arts/非遗卡牌/荆门/夏氏炼丹术及其祖传秘方.jpg.import[39m[0m
[  28% ] [90m[1msavepack[22m | 正在保存文件：res://.godot/imported/荆门市.png-d7354d3018544c071c60821aee72590c.ctex[39m[0m
[  28% ] [90m[1msavepack[22m | 正在保存文件：res://arts/非遗卡牌/荆门/荆门市.png.import[39m[0m
[  28% ] [90m[1msavepack[22m | 正在保存文件：res://.godot/imported/《黑暗传》.jpg-067109d6bf6f48da5678e53847eb96d3.ctex[39m[0m
[  28% ] [90m[1msavepack[22m | 正在保存文件：res://arts/非遗卡牌/襄阳/《黑暗传》.jpg.import[39m[0m
[  28% ] [90m[1msavepack[22m | 正在保存文件：res://.godot/imported/唢呐艺术.jpg-db8188eca25bc342014de6a8d5ee0a8d.ctex[39m[0m
[  28% ] [90m[1msavepack[22m | 正在保存文件：res://arts/非遗卡牌/襄阳/唢呐艺术.jpg.import[39m[0m
[  28% ] [90m[1msavepack[22m | 正在保存文件：res://.godot/imported/老河口丝弦.jpg-b1d7a66601adb3b3a1100d240856df17.ctex[39m[0m
[  28% ] [90m[1msavepack[22m | 正在保存文件：res://arts/非遗卡牌/襄阳/老河口丝弦.jpg.import[39m[0m
[  28% ] [90m[1msavepack[22m | 正在保存文件：res://.godot/imported/老河口木版年画.jpg-d1b952d5ceaae1d49d40b37b52090db1.ctex[39m[0m
[  28% ] [90m[1msavepack[22m | 正在保存文件：res://arts/非遗卡牌/襄阳/老河口木版年画.jpg.import[39m[0m
[  28% ] [90m[1msavepack[22m | 正在保存文件：res://.godot/imported/襄阳市.png-8ce900024387e1790f85060a5ff173c1.ctex[39m[0m
[  28% ] [90m[1msavepack[22m | 正在保存文件：res://arts/非遗卡牌/襄阳/襄阳市.png.import[39m[0m
[  28% ] [90m[1msavepack[22m | 正在保存文件：res://.godot/imported/鄂州市.png-50b53a5d658da9cd6c1000f149a4641f.ctex[39m[0m
[  28% ] [90m[1msavepack[22m | 正在保存文件：res://arts/非遗卡牌/鄂州/鄂州市.png.import[39m[0m
[  28% ] [90m[1msavepack[22m | 正在保存文件：res://.godot/imported/鄂州牌子锣.jpg-92aefcab73d3f8c6c25951d8072893d5.ctex[39m[0m
[  28% ] [90m[1msavepack[22m | 正在保存文件：res://arts/非遗卡牌/鄂州/鄂州牌子锣.jpg.import[39m[0m
[  28% ] [90m[1msavepack[22m | 正在保存文件：res://.godot/imported/鄂州雕花剪纸.jpg-393d1c01b20a55a501f340f3a4107642.ctex[39m[0m
[  28% ] [90m[1msavepack[22m | 正在保存文件：res://arts/非遗卡牌/鄂州/鄂州雕花剪纸.jpg.import[39m[0m
[  28% ] [90m[1msavepack[22m | 正在保存文件：res://.godot/imported/花鼓戏.jpg-4401119ffc2e3c138574711df1fe4ad2.ctex[39m[0m
[  28% ] [90m[1msavepack[22m | 正在保存文件：res://arts/非遗卡牌/随州/花鼓戏.jpg.import[39m[0m
[  28% ] [90m[1msavepack[22m | 正在保存文件：res://.godot/imported/随州市.png-de218ce6821dffa891f8bdc9e0514e53.ctex[39m[0m
[  28% ] [90m[1msavepack[22m | 正在保存文件：res://arts/非遗卡牌/随州/随州市.png.import[39m[0m
[  29% ] [90m[1msavepack[22m | 正在保存文件：res://.godot/imported/随州炎帝祭典.jpg-c8a0244f683d2fe7a506bc3c7b36e7f6.ctex[39m[0m
[  29% ] [90m[1msavepack[22m | 正在保存文件：res://arts/非遗卡牌/随州/随州炎帝祭典.jpg.import[39m[0m
[  29% ] [90m[1msavepack[22m | 正在保存文件：res://.godot/imported/岳家拳.jpg-c83014b0247a10772452017d7972bec7.ctex[39m[0m
[  29% ] [90m[1msavepack[22m | 正在保存文件：res://arts/非遗卡牌/黄冈/岳家拳.jpg.import[39m[0m
[  29% ] [90m[1msavepack[22m | 正在保存文件：res://.godot/imported/李时珍传说.jpg-97b57abd9fae23dd83f1b2f89972b8d6.ctex[39m[0m
[  29% ] [90m[1msavepack[22m | 正在保存文件：res://arts/非遗卡牌/黄冈/李时珍传说.jpg.import[39m[0m
[  29% ] [90m[1msavepack[22m | 正在保存文件：res://.godot/imported/湖北大鼓.jpg-fb70e1fcfcfd099e29358c169b70eabf.ctex[39m[0m
[  29% ] [90m[1msavepack[22m | 正在保存文件：res://arts/非遗卡牌/黄冈/湖北大鼓.jpg.import[39m[0m
[  29% ] [90m[1msavepack[22m | 正在保存文件：res://.godot/imported/禅宗祖师传说.jpg-75549113dc412bd23a0e012854f71ef3.ctex[39m[0m
[  29% ] [90m[1msavepack[22m | 正在保存文件：res://arts/非遗卡牌/黄冈/禅宗祖师传说.jpg.import[39m[0m
[  29% ] [90m[1msavepack[22m | 正在保存文件：res://.godot/imported/红安绣活.jpg-5b71d837769821c8bc58a4aa27018674.ctex[39m[0m
[  29% ] [90m[1msavepack[22m | 正在保存文件：res://arts/非遗卡牌/黄冈/红安绣活.jpg.import[39m[0m
[  29% ] [90m[1msavepack[22m | 正在保存文件：res://.godot/imported/黄冈市.png-c4f31b8539e3d5a946b7a7f93c24bbdd.ctex[39m[0m
[  29% ] [90m[1msavepack[22m | 正在保存文件：res://arts/非遗卡牌/黄冈/黄冈市.png.import[39m[0m
[  29% ] [90m[1msavepack[22m | 正在保存文件：res://.godot/imported/黄梅戏.jpg-20d59593a5eb6c3baa5bea9612d046bb.ctex[39m[0m
[  29% ] [90m[1msavepack[22m | 正在保存文件：res://arts/非遗卡牌/黄冈/黄梅戏.jpg.import[39m[0m
[  29% ] [90m[1msavepack[22m | 正在保存文件：res://.godot/imported/黄梅挑花.jpg-b5b90f15891b567ac507f9cfc6484438.ctex[39m[0m
[  29% ] [90m[1msavepack[22m | 正在保存文件：res://arts/非遗卡牌/黄冈/黄梅挑花.jpg.import[39m[0m
[  29% ] [90m[1msavepack[22m | 正在保存文件：res://.godot/imported/大冶石雕.jpg-f6823388f9f7e8472efafae2be2decae.ctex[39m[0m
[  29% ] [90m[1msavepack[22m | 正在保存文件：res://arts/非遗卡牌/黄石/大冶石雕.jpg.import[39m[0m
[  29% ] [90m[1msavepack[22m | 正在保存文件：res://.godot/imported/西塞神舟会.jpg-09e04b91005dd218503d78b9ca4ec2f8.ctex[39m[0m
[  29% ] [90m[1msavepack[22m | 正在保存文件：res://arts/非遗卡牌/黄石/西塞神舟会.jpg.import[39m[0m
[  29% ] [90m[1msavepack[22m | 正在保存文件：res://.godot/imported/采茶戏.jpg-cebcc80fbd188d48a47a4ae42015a4d0.ctex[39m[0m
[  29% ] [90m[1msavepack[22m | 正在保存文件：res://arts/非遗卡牌/黄石/采茶戏.jpg.import[39m[0m
[  29% ] [90m[1msavepack[22m | 正在保存文件：res://.godot/imported/阳新布贴.jpg-44a71dd3844708a6ca84376b5a10c9ab.ctex[39m[0m
[  29% ] [90m[1msavepack[22m | 正在保存文件：res://arts/非遗卡牌/黄石/阳新布贴.jpg.import[39m[0m
[  29% ] [90m[1msavepack[22m | 正在保存文件：res://.godot/imported/黄石市.png-745d5f5d14ad7ca011cc5d8468a8c869.ctex[39m[0m
[  29% ] [90m[1msavepack[22m | 正在保存文件：res://arts/非遗卡牌/黄石/黄石市.png.import[39m[0m
[  29% ] [90m[1msavepack[22m | 正在保存文件：res://.godot/imported/hanju-congtaibie-v1.ogg-1979edc3b390cb1a7e4e1acb9d85c66b.oggvorbisstr[39m[0m
[  29% ] [90m[1msavepack[22m | 正在保存文件：res://arts/非遗媒体资源/数字版/2026-09-09/hanju-congtaibie-v1.ogg.import[39m[0m
[  29% ] [90m[1msavepack[22m | 正在保存文件：res://.godot/imported/hanju-yuzhoufeng-v1.ogg-3164e309f7ec86bbd853a26c4cb89af9.oggvorbisstr[39m[0m
[  29% ] [90m[1msavepack[22m | 正在保存文件：res://arts/非遗媒体资源/数字版/2026-09-09/hanju-yuzhoufeng-v1.ogg.import[39m[0m
[  29% ] [90m[1msavepack[22m | 正在保存文件：res://.godot/imported/jingzhou-zhanhuaqiang-v1.ogg-b793c48ad461619acc609f3aa462fab3.oggvorbisstr[39m[0m
[  29% ] [90m[1msavepack[22m | 正在保存文件：res://arts/非遗媒体资源/数字版/2026-09-09/jingzhou-zhanhuaqiang-v1.ogg.import[39m[0m
[  29% ] [90m[1msavepack[22m | 正在保存文件：res://arts/非遗媒体资源/数字版/2026-09-09/jingzhou-zhanhuaqiang-v1.ogv[39m[0m
[  29% ] [90m[1msavepack[22m | 正在保存文件：res://.godot/imported/laohekou-ensemble-v1.ogg-c255414b67a2aceeae2598f4a3eab09b.oggvorbisstr[39m[0m
[  29% ] [90m[1msavepack[22m | 正在保存文件：res://arts/非遗媒体资源/数字版/2026-09-09/laohekou-ensemble-v1.ogg.import[39m[0m
[  30% ] [90m[1msavepack[22m | 正在保存文件：res://arts/非遗媒体资源/数字版/2026-09-09/manifest.json[39m[0m
[  30% ] [90m[1msavepack[22m | 正在保存文件：res://.godot/imported/sayeerhe-stage-v1.ogg-69e1dd41c0a620901ec4c874d473b1f5.oggvorbisstr[39m[0m
[  30% ] [90m[1msavepack[22m | 正在保存文件：res://arts/非遗媒体资源/数字版/2026-09-09/sayeerhe-stage-v1.ogg.import[39m[0m
[  30% ] [90m[1msavepack[22m | 正在保存文件：res://arts/非遗媒体资源/数字版/2026-09-09/sayeerhe-stage-v1.ogv[39m[0m
[  30% ] [90m[1msavepack[22m | 正在保存文件：res://.godot/imported/tiqin-stage-v1.ogg-1458e7110b66f453feea5ba87fd9568d.oggvorbisstr[39m[0m
[  30% ] [90m[1msavepack[22m | 正在保存文件：res://arts/非遗媒体资源/数字版/2026-09-09/tiqin-stage-v1.ogg.import[39m[0m
[  30% ] [90m[1msavepack[22m | 正在保存文件：res://arts/非遗媒体资源/数字版/2026-09-09/tiqin-stage-v1.ogv[39m[0m
[  30% ] [90m[1msavepack[22m | 正在保存文件：res://.godot/imported/xingshan-xiatianhaozi-v1.ogg-e6f70c90e1d3151b279908f0d24bdad9.oggvorbisstr[39m[0m
[  30% ] [90m[1msavepack[22m | 正在保存文件：res://arts/非遗媒体资源/数字版/2026-09-09/xingshan-xiatianhaozi-v1.ogg.import[39m[0m
[  30% ] [90m[1msavepack[22m | 正在保存文件：res://arts/非遗媒体资源/数字版/黄梅戏-女驸马-传承任务-v1.ogv[39m[0m
[  30% ] [90m[1msavepack[22m | 正在保存文件：res://arts/非遗媒体资源/数字版/黄梅戏-女驸马-参考分析-v1.json[39m[0m
[  30% ] [90m[1msavepack[22m | 正在保存文件：res://.godot/imported/黄梅戏-女驸马-参考唱段-v1.ogg-4a18a3e4e8d49e11228b6e64681bbce5.oggvorbisstr[39m[0m
[  30% ] [90m[1msavepack[22m | 正在保存文件：res://arts/非遗媒体资源/数字版/黄梅戏-女驸马-参考唱段-v1.ogg.import[39m[0m
[  30% ] [90m[1msavepack[22m | 正在保存文件：res://.godot/imported/三合汤.png-94e4b9fe9530b755c33cc293d08e5503.ctex[39m[0m
[  30% ] [90m[1msavepack[22m | 正在保存文件：res://arts/食物牌/数字版/完全版-v1/三合汤.png.import[39m[0m
[  30% ] [90m[1msavepack[22m | 正在保存文件：res://.godot/imported/三游神仙鸡.png-8e98e4bb1fec58b69414a7d77f70231c.ctex[39m[0m
[  30% ] [90m[1msavepack[22m | 正在保存文件：res://arts/食物牌/数字版/完全版-v1/三游神仙鸡.png.import[39m[0m
[  30% ] [90m[1msavepack[22m | 正在保存文件：res://.godot/imported/东坡饼.png-0c0ccd98a1f0ba1f743c19c1adae7bfd.ctex[39m[0m
[  30% ] [90m[1msavepack[22m | 正在保存文件：res://arts/食物牌/数字版/完全版-v1/东坡饼.png.import[39m[0m
[  30% ] [90m[1msavepack[22m | 正在保存文件：res://.godot/imported/千张扣肉.png-62cf75b8f51cf3e0798c3f37cb1b5866.ctex[39m[0m
[  30% ] [90m[1msavepack[22m | 正在保存文件：res://arts/食物牌/数字版/完全版-v1/千张扣肉.png.import[39m[0m
[  30% ] [90m[1msavepack[22m | 正在保存文件：res://.godot/imported/团风狗脚.png-3fe6b59fa00b635d413f18edb0e92729.ctex[39m[0m
[  30% ] [90m[1msavepack[22m | 正在保存文件：res://arts/食物牌/数字版/完全版-v1/团风狗脚.png.import[39m[0m
[  30% ] [90m[1msavepack[22m | 正在保存文件：res://.godot/imported/土家抬格子.png-c14d8fe8db353692baeb1d680ddcdc90.ctex[39m[0m
[  30% ] [90m[1msavepack[22m | 正在保存文件：res://arts/食物牌/数字版/完全版-v1/土家抬格子.png.import[39m[0m
[  30% ] [90m[1msavepack[22m | 正在保存文件：res://.godot/imported/土家油茶汤.png-a406b8206f3c0ca1e07d735038a15566.ctex[39m[0m
[  30% ] [90m[1msavepack[22m | 正在保存文件：res://arts/食物牌/数字版/完全版-v1/土家油茶汤.png.import[39m[0m
[  30% ] [90m[1msavepack[22m | 正在保存文件：res://.godot/imported/土家腊肉.png-145ca346ce3cb5cdccf45668479a270e.ctex[39m[0m
[  30% ] [90m[1msavepack[22m | 正在保存文件：res://arts/食物牌/数字版/完全版-v1/土家腊肉.png.import[39m[0m
[  30% ] [90m[1msavepack[22m | 正在保存文件：res://.godot/imported/天门三蒸.png-007a4c812c26d6b5f8e4acf854eea5ec.ctex[39m[0m
[  30% ] [90m[1msavepack[22m | 正在保存文件：res://arts/食物牌/数字版/完全版-v1/天门三蒸.png.import[39m[0m
[  30% ] [90m[1msavepack[22m | 正在保存文件：res://.godot/imported/孝感米酒（神霖牌）.png-9735b3b1b81d15bad132a477a3b135c4.ctex[39m[0m
[  30% ] [90m[1msavepack[22m | 正在保存文件：res://arts/食物牌/数字版/完全版-v1/孝感米酒（神霖牌）.png.import[39m[0m
[  31% ] [90m[1msavepack[22m | 正在保存文件：res://.godot/imported/宜昌小面.png-93563f0373b3d17a414e445a5568d0a3.ctex[39m[0m
[  31% ] [90m[1msavepack[22m | 正在保存文件：res://arts/食物牌/数字版/完全版-v1/宜昌小面.png.import[39m[0m
[  31% ] [90m[1msavepack[22m | 正在保存文件：res://.godot/imported/尚香风干鸡.png-1728f867ca53377508faff5bd31bc8e1.ctex[39m[0m
[  31% ] [90m[1msavepack[22m | 正在保存文件：res://arts/食物牌/数字版/完全版-v1/尚香风干鸡.png.import[39m[0m
[  31% ] [90m[1msavepack[22m | 正在保存文件：res://.godot/imported/张关合渣.png-19bf8efe9c9cdb197ff928769242f507.ctex[39m[0m
[  31% ] [90m[1msavepack[22m | 正在保存文件：res://arts/食物牌/数字版/完全版-v1/张关合渣.png.import[39m[0m
[  31% ] [90m[1msavepack[22m | 正在保存文件：res://.godot/imported/房县黄酒.png-c7900158d2a8091d10a6d99ab5e45347.ctex[39m[0m
[  31% ] [90m[1msavepack[22m | 正在保存文件：res://arts/食物牌/数字版/完全版-v1/房县黄酒.png.import[39m[0m
[  31% ] [90m[1msavepack[22m | 正在保存文件：res://.godot/imported/杜家鸡.png-e0dc0608ed6c852572be8309c0514ac1.ctex[39m[0m
[  31% ] [90m[1msavepack[22m | 正在保存文件：res://arts/食物牌/数字版/完全版-v1/杜家鸡.png.import[39m[0m
[  31% ] [90m[1msavepack[22m | 正在保存文件：res://.godot/imported/枣阳酸浆面.png-442614b203bed8e6047460725b4da67e.ctex[39m[0m
[  31% ] [90m[1msavepack[22m | 正在保存文件：res://arts/食物牌/数字版/完全版-v1/枣阳酸浆面.png.import[39m[0m
[  31% ] [90m[1msavepack[22m | 正在保存文件：res://.godot/imported/柏杨豆干.png-7d4daeaee5d1c3287619270c85ed0af4.ctex[39m[0m
[  31% ] [90m[1msavepack[22m | 正在保存文件：res://arts/食物牌/数字版/完全版-v1/柏杨豆干.png.import[39m[0m
[  31% ] [90m[1msavepack[22m | 正在保存文件：res://.godot/imported/武穴佛手山药.png-0bfa8f8024136c4d93567823a13ae462.ctex[39m[0m
[  31% ] [90m[1msavepack[22m | 正在保存文件：res://arts/食物牌/数字版/完全版-v1/武穴佛手山药.png.import[39m[0m
[  31% ] [90m[1msavepack[22m | 正在保存文件：res://.godot/imported/武穴酥糖.png-04a0db64f938181fb8f3e6ed3d180f0a.ctex[39m[0m
[  31% ] [90m[1msavepack[22m | 正在保存文件：res://arts/食物牌/数字版/完全版-v1/武穴酥糖.png.import[39m[0m
[  31% ] [90m[1msavepack[22m | 正在保存文件：res://.godot/imported/毛嘴卤鸡.png-3c9450b69fd3f8d3597a15351a52d815.ctex[39m[0m
[  31% ] [90m[1msavepack[22m | 正在保存文件：res://arts/食物牌/数字版/完全版-v1/毛嘴卤鸡.png.import[39m[0m
[  31% ] [90m[1msavepack[22m | 正在保存文件：res://.godot/imported/沔阳三蒸.png-ffc615f31bf70966350c6adf0e879100.ctex[39m[0m
[  31% ] [90m[1msavepack[22m | 正在保存文件：res://arts/食物牌/数字版/完全版-v1/沔阳三蒸.png.import[39m[0m
[  31% ] [90m[1msavepack[22m | 正在保存文件：res://.godot/imported/沙窝豆丝.png-1b1ef31f80b9406b81fa43c56feda8ba.ctex[39m[0m
[  31% ] [90m[1msavepack[22m | 正在保存文件：res://arts/食物牌/数字版/完全版-v1/沙窝豆丝.png.import[39m[0m
[  31% ] [90m[1msavepack[22m | 正在保存文件：res://.godot/imported/油焖大虾.png-32e8c69c60057d7db06166eac1bd2ad6.ctex[39m[0m
[  31% ] [90m[1msavepack[22m | 正在保存文件：res://arts/食物牌/数字版/完全版-v1/油焖大虾.png.import[39m[0m
[  31% ] [90m[1msavepack[22m | 正在保存文件：res://.godot/imported/热干面.png-236f1fa1c05d0fa147ad2ef4617fe709.ctex[39m[0m
[  31% ] [90m[1msavepack[22m | 正在保存文件：res://arts/食物牌/数字版/完全版-v1/热干面.png.import[39m[0m
[  31% ] [90m[1msavepack[22m | 正在保存文件：res://.godot/imported/皮条鳝鱼（竹节鳝鱼）.png-862deb9d19674dd46978de1b9e3988e7.ctex[39m[0m
[  31% ] [90m[1msavepack[22m | 正在保存文件：res://arts/食物牌/数字版/完全版-v1/皮条鳝鱼（竹节鳝鱼）.png.import[39m[0m
[  31% ] [90m[1msavepack[22m | 正在保存文件：res://.godot/imported/神农架腊肉.png-3f288e503c1ad2592b8a0b4468f96694.ctex[39m[0m
[  31% ] [90m[1msavepack[22m | 正在保存文件：res://arts/食物牌/数字版/完全版-v1/神农架腊肉.png.import[39m[0m
[  31% ] [90m[1msavepack[22m | 正在保存文件：res://.godot/imported/竹山懒豆腐.png-e89733331953f7eb07a20aed05f7f8f0.ctex[39m[0m
[  31% ] [90m[1msavepack[22m | 正在保存文件：res://arts/食物牌/数字版/完全版-v1/竹山懒豆腐.png.import[39m[0m
[  31% ] [90m[1msavepack[22m | 正在保存文件：res://.godot/imported/竹溪碗糕.png-6b83feee3d2525ed8d48fb183fd48b80.ctex[39m[0m
[  31% ] [90m[1msavepack[22m | 正在保存文件：res://arts/食物牌/数字版/完全版-v1/竹溪碗糕.png.import[39m[0m
[  31% ] [90m[1msavepack[22m | 正在保存文件：res://.godot/imported/英山鱼面.png-1bd291085ac5ca528fab805cf43fa3c3.ctex[39m[0m
[  31% ] [90m[1msavepack[22m | 正在保存文件：res://arts/食物牌/数字版/完全版-v1/英山鱼面.png.import[39m[0m
[  31% ] [90m[1msavepack[22m | 正在保存文件：res://.godot/imported/荆州鱼糕.png-72128845834ebae12d976c8a1132ce79.ctex[39m[0m
[  31% ] [90m[1msavepack[22m | 正在保存文件：res://arts/食物牌/数字版/完全版-v1/荆州鱼糕.png.import[39m[0m
[  32% ] [90m[1msavepack[22m | 正在保存文件：res://.godot/imported/荆门三蒸.png-94eca97021c69feea903828f83e027e8.ctex[39m[0m
[  32% ] [90m[1msavepack[22m | 正在保存文件：res://arts/食物牌/数字版/完全版-v1/荆门三蒸.png.import[39m[0m
[  32% ] [90m[1msavepack[22m | 正在保存文件：res://.godot/imported/蕲春酸米粉.png-2d7b186a3233048ba323493efe3c2ea0.ctex[39m[0m
[  32% ] [90m[1msavepack[22m | 正在保存文件：res://arts/食物牌/数字版/完全版-v1/蕲春酸米粉.png.import[39m[0m
[  32% ] [90m[1msavepack[22m | 正在保存文件：res://.godot/imported/襄阳缠蹄.png-4068f6b09526b4e900191d55e9955899.ctex[39m[0m
[  32% ] [90m[1msavepack[22m | 正在保存文件：res://arts/食物牌/数字版/完全版-v1/襄阳缠蹄.png.import[39m[0m
[  32% ] [90m[1msavepack[22m | 正在保存文件：res://.godot/imported/赤壁肉糕.png-076fef8d1df5f9ca03694c4943d8ee59.ctex[39m[0m
[  32% ] [90m[1msavepack[22m | 正在保存文件：res://arts/食物牌/数字版/完全版-v1/赤壁肉糕.png.import[39m[0m
[  32% ] [90m[1msavepack[22m | 正在保存文件：res://.godot/imported/通山包坨.png-3fcd0f32c30214d32abe1e33bddff416.ctex[39m[0m
[  32% ] [90m[1msavepack[22m | 正在保存文件：res://arts/食物牌/数字版/完全版-v1/通山包坨.png.import[39m[0m
[  32% ] [90m[1msavepack[22m | 正在保存文件：res://.godot/imported/随州蜜枣.png-266d59463389bfa0cfd6f3f04a9e4f44.ctex[39m[0m
[  32% ] [90m[1msavepack[22m | 正在保存文件：res://arts/食物牌/数字版/完全版-v1/随州蜜枣.png.import[39m[0m
[  32% ] [90m[1msavepack[22m | 正在保存文件：res://.godot/imported/青砖茶.png-711aabea1ee81d3da93fcbce9255f227.ctex[39m[0m
[  32% ] [90m[1msavepack[22m | 正在保存文件：res://arts/食物牌/数字版/完全版-v1/青砖茶.png.import[39m[0m
[  32% ] [90m[1msavepack[22m | 正在保存文件：res://.godot/imported/麻城肉糕.png-c7aa24cf47c251f29ec2e8757cb45ea0.ctex[39m[0m
[  32% ] [90m[1msavepack[22m | 正在保存文件：res://arts/食物牌/数字版/完全版-v1/麻城肉糕.png.import[39m[0m
[  32% ] [90m[1msavepack[22m | 正在保存文件：res://.godot/imported/黄州东坡肉.png-eaca727f9510685ca38fcbd2394ab08e.ctex[39m[0m
[  32% ] [90m[1msavepack[22m | 正在保存文件：res://arts/食物牌/数字版/完全版-v1/黄州东坡肉.png.import[39m[0m
[  32% ] [90m[1msavepack[22m | 正在保存文件：res://.godot/imported/黄石港饼.png-bae14ca75d48651814447337138283cc.ctex[39m[0m
[  32% ] [90m[1msavepack[22m | 正在保存文件：res://arts/食物牌/数字版/完全版-v1/黄石港饼.png.import[39m[0m
[  32% ] [90m[1msavepack[22m | 正在保存文件：res://arts/食物牌/数字版/完全版-v2/manifest.json[39m[0m
[  32% ] [90m[1msavepack[22m | 正在保存文件：res://.godot/imported/三合汤.png-d46c973639b4adfcc0d1713d785ab303.ctex[39m[0m
[  32% ] [90m[1msavepack[22m | 正在保存文件：res://arts/食物牌/数字版/完全版-v2/三合汤.png.import[39m[0m
[  32% ] [90m[1msavepack[22m | 正在保存文件：res://.godot/imported/三游神仙鸡.png-87b347915846475de21cf257135f4480.ctex[39m[0m
[  32% ] [90m[1msavepack[22m | 正在保存文件：res://arts/食物牌/数字版/完全版-v2/三游神仙鸡.png.import[39m[0m
[  32% ] [90m[1msavepack[22m | 正在保存文件：res://.godot/imported/东坡饼.png-49d35bda24f2077a9aea44799c82443c.ctex[39m[0m
[  32% ] [90m[1msavepack[22m | 正在保存文件：res://arts/食物牌/数字版/完全版-v2/东坡饼.png.import[39m[0m
[  32% ] [90m[1msavepack[22m | 正在保存文件：res://.godot/imported/千张扣肉.png-9a33c537e985d14a406c8e04c6de34b9.ctex[39m[0m
[  32% ] [90m[1msavepack[22m | 正在保存文件：res://arts/食物牌/数字版/完全版-v2/千张扣肉.png.import[39m[0m
[  32% ] [90m[1msavepack[22m | 正在保存文件：res://.godot/imported/团风狗脚.png-edb98d4222b742e2872d0e80a01e6cff.ctex[39m[0m
[  32% ] [90m[1msavepack[22m | 正在保存文件：res://arts/食物牌/数字版/完全版-v2/团风狗脚.png.import[39m[0m
[  32% ] [90m[1msavepack[22m | 正在保存文件：res://.godot/imported/土家抬格子.png-3c4ef2a45de98da7439fce029ebb7ea2.ctex[39m[0m
[  32% ] [90m[1msavepack[22m | 正在保存文件：res://arts/食物牌/数字版/完全版-v2/土家抬格子.png.import[39m[0m
[  32% ] [90m[1msavepack[22m | 正在保存文件：res://.godot/imported/土家油茶汤.png-12b2905095cdd019da8bd06174e74348.ctex[39m[0m
[  32% ] [90m[1msavepack[22m | 正在保存文件：res://arts/食物牌/数字版/完全版-v2/土家油茶汤.png.import[39m[0m
[  32% ] [90m[1msavepack[22m | 正在保存文件：res://.godot/imported/土家腊肉.png-2cbba8369ef8032d05031e9d5e77fe74.ctex[39m[0m
[  32% ] [90m[1msavepack[22m | 正在保存文件：res://arts/食物牌/数字版/完全版-v2/土家腊肉.png.import[39m[0m
[  33% ] [90m[1msavepack[22m | 正在保存文件：res://.godot/imported/天门三蒸.png-f9c787a34eac72f80d8b73c18de432b3.ctex[39m[0m
[  33% ] [90m[1msavepack[22m | 正在保存文件：res://arts/食物牌/数字版/完全版-v2/天门三蒸.png.import[39m[0m
[  33% ] [90m[1msavepack[22m | 正在保存文件：res://.godot/imported/孝感米酒（神霖牌）.png-b38adde253c1f4c961ad719478a4ea26.ctex[39m[0m
[  33% ] [90m[1msavepack[22m | 正在保存文件：res://arts/食物牌/数字版/完全版-v2/孝感米酒（神霖牌）.png.import[39m[0m
[  33% ] [90m[1msavepack[22m | 正在保存文件：res://.godot/imported/宜昌小面.png-4766bf682bfd6a35dac40a8850a163da.ctex[39m[0m
[  33% ] [90m[1msavepack[22m | 正在保存文件：res://arts/食物牌/数字版/完全版-v2/宜昌小面.png.import[39m[0m
[  33% ] [90m[1msavepack[22m | 正在保存文件：res://.godot/imported/尚香风干鸡.png-f0be4142f6d8cc056e8240616862e066.ctex[39m[0m
[  33% ] [90m[1msavepack[22m | 正在保存文件：res://arts/食物牌/数字版/完全版-v2/尚香风干鸡.png.import[39m[0m
[  33% ] [90m[1msavepack[22m | 正在保存文件：res://.godot/imported/张关合渣.png-44e388c781543710234a562b4399fbec.ctex[39m[0m
[  33% ] [90m[1msavepack[22m | 正在保存文件：res://arts/食物牌/数字版/完全版-v2/张关合渣.png.import[39m[0m
[  33% ] [90m[1msavepack[22m | 正在保存文件：res://.godot/imported/房县黄酒.png-1eeda45b39bb31afb4e3974ffccd9d9d.ctex[39m[0m
[  33% ] [90m[1msavepack[22m | 正在保存文件：res://arts/食物牌/数字版/完全版-v2/房县黄酒.png.import[39m[0m
[  33% ] [90m[1msavepack[22m | 正在保存文件：res://.godot/imported/杜家鸡.png-eb68821323430041b99df258e7e37df4.ctex[39m[0m
[  33% ] [90m[1msavepack[22m | 正在保存文件：res://arts/食物牌/数字版/完全版-v2/杜家鸡.png.import[39m[0m
[  33% ] [90m[1msavepack[22m | 正在保存文件：res://.godot/imported/枣阳酸浆面.png-e1f176abe5edea3be035ac76407e8b0d.ctex[39m[0m
[  33% ] [90m[1msavepack[22m | 正在保存文件：res://arts/食物牌/数字版/完全版-v2/枣阳酸浆面.png.import[39m[0m
[  33% ] [90m[1msavepack[22m | 正在保存文件：res://.godot/imported/柏杨豆干.png-f349b1059e66db76d06a884b74e2bfbd.ctex[39m[0m
[  33% ] [90m[1msavepack[22m | 正在保存文件：res://arts/食物牌/数字版/完全版-v2/柏杨豆干.png.import[39m[0m
[  33% ] [90m[1msavepack[22m | 正在保存文件：res://.godot/imported/武穴佛手山药.png-2abf9ea6ddb7d37fc2ca83a48fc42d81.ctex[39m[0m
[  33% ] [90m[1msavepack[22m | 正在保存文件：res://arts/食物牌/数字版/完全版-v2/武穴佛手山药.png.import[39m[0m
[  33% ] [90m[1msavepack[22m | 正在保存文件：res://.godot/imported/武穴酥糖.png-20457a2bf3b3dc1023de7e19303c5836.ctex[39m[0m
[  33% ] [90m[1msavepack[22m | 正在保存文件：res://arts/食物牌/数字版/完全版-v2/武穴酥糖.png.import[39m[0m
[  33% ] [90m[1msavepack[22m | 正在保存文件：res://.godot/imported/毛嘴卤鸡.png-3841f39d24714abcad51ed11b743f08a.ctex[39m[0m
[  33% ] [90m[1msavepack[22m | 正在保存文件：res://arts/食物牌/数字版/完全版-v2/毛嘴卤鸡.png.import[39m[0m
[  33% ] [90m[1msavepack[22m | 正在保存文件：res://.godot/imported/沔阳三蒸.png-e7d5091c2f8b9555c7c551fd24681197.ctex[39m[0m
[  33% ] [90m[1msavepack[22m | 正在保存文件：res://arts/食物牌/数字版/完全版-v2/沔阳三蒸.png.import[39m[0m
[  33% ] [90m[1msavepack[22m | 正在保存文件：res://.godot/imported/沙窝豆丝.png-f18cb3f5afda7bef5cf36593c9d3c5b2.ctex[39m[0m
[  33% ] [90m[1msavepack[22m | 正在保存文件：res://arts/食物牌/数字版/完全版-v2/沙窝豆丝.png.import[39m[0m
[  33% ] [90m[1msavepack[22m | 正在保存文件：res://.godot/imported/油焖大虾.png-952ff2ce6f8b8a495590b2561dc28834.ctex[39m[0m
[  33% ] [90m[1msavepack[22m | 正在保存文件：res://arts/食物牌/数字版/完全版-v2/油焖大虾.png.import[39m[0m
[  33% ] [90m[1msavepack[22m | 正在保存文件：res://.godot/imported/热干面.png-1afd513340f036e807148153865c1b51.ctex[39m[0m
[  33% ] [90m[1msavepack[22m | 正在保存文件：res://arts/食物牌/数字版/完全版-v2/热干面.png.import[39m[0m
[  33% ] [90m[1msavepack[22m | 正在保存文件：res://.godot/imported/皮条鳝鱼（竹节鳝鱼）.png-d65624f92d69b3584591bbbd29a76910.ctex[39m[0m
[  33% ] [90m[1msavepack[22m | 正在保存文件：res://arts/食物牌/数字版/完全版-v2/皮条鳝鱼（竹节鳝鱼）.png.import[39m[0m
[  33% ] [90m[1msavepack[22m | 正在保存文件：res://.godot/imported/神农架腊肉.png-4fea8de3832f970f3f87a95d7d569681.ctex[39m[0m
[  33% ] [90m[1msavepack[22m | 正在保存文件：res://arts/食物牌/数字版/完全版-v2/神农架腊肉.png.import[39m[0m
[  33% ] [90m[1msavepack[22m | 正在保存文件：res://.godot/imported/竹山懒豆腐.png-56e0866e350b66174f7d24f91b5d0e65.ctex[39m[0m
[  33% ] [90m[1msavepack[22m | 正在保存文件：res://arts/食物牌/数字版/完全版-v2/竹山懒豆腐.png.import[39m[0m
[  33% ] [90m[1msavepack[22m | 正在保存文件：res://.godot/imported/竹溪碗糕.png-eae9fc05233598986a57335c3e6ac139.ctex[39m[0m
[  33% ] [90m[1msavepack[22m | 正在保存文件：res://arts/食物牌/数字版/完全版-v2/竹溪碗糕.png.import[39m[0m
[  33% ] [90m[1msavepack[22m | 正在保存文件：res://.godot/imported/英山鱼面.png-7e9d89d22480cd725b67b27a708b91e0.ctex[39m[0m
[  33% ] [90m[1msavepack[22m | 正在保存文件：res://arts/食物牌/数字版/完全版-v2/英山鱼面.png.import[39m[0m
[  33% ] [90m[1msavepack[22m | 正在保存文件：res://.godot/imported/荆州鱼糕.png-1b3aab6b63f147b2a3fb70ae6f900b76.ctex[39m[0m
[  33% ] [90m[1msavepack[22m | 正在保存文件：res://arts/食物牌/数字版/完全版-v2/荆州鱼糕.png.import[39m[0m
[  33% ] [90m[1msavepack[22m | 正在保存文件：res://.godot/imported/荆门三蒸.png-f10ede4ef3af38a17bbca10f33425573.ctex[39m[0m
[  33% ] [90m[1msavepack[22m | 正在保存文件：res://arts/食物牌/数字版/完全版-v2/荆门三蒸.png.import[39m[0m
[  33% ] [90m[1msavepack[22m | 正在保存文件：res://.godot/imported/蕲春酸米粉.png-034e23751f9139e35401d2f5bd0896cd.ctex[39m[0m
[  33% ] [90m[1msavepack[22m | 正在保存文件：res://arts/食物牌/数字版/完全版-v2/蕲春酸米粉.png.import[39m[0m
[  33% ] [90m[1msavepack[22m | 正在保存文件：res://.godot/imported/襄阳缠蹄.png-70d850d9b8e47699800a667d1475cb66.ctex[39m[0m
[  33% ] [90m[1msavepack[22m | 正在保存文件：res://arts/食物牌/数字版/完全版-v2/襄阳缠蹄.png.import[39m[0m
[  33% ] [90m[1msavepack[22m | 正在保存文件：res://.godot/imported/赤壁肉糕.png-0f61385f901c0de76b9b85102ada2ad7.ctex[39m[0m
[  33% ] [90m[1msavepack[22m | 正在保存文件：res://arts/食物牌/数字版/完全版-v2/赤壁肉糕.png.import[39m[0m
[  33% ] [90m[1msavepack[22m | 正在保存文件：res://.godot/imported/通山包坨.png-7f6da7f17f71b681fb22530e05f0ddca.ctex[39m[0m
[  33% ] [90m[1msavepack[22m | 正在保存文件：res://arts/食物牌/数字版/完全版-v2/通山包坨.png.import[39m[0m
[  33% ] [90m[1msavepack[22m | 正在保存文件：res://.godot/imported/随州蜜枣.png-4f327085e2471d39bb27cb21e6d7e520.ctex[39m[0m
[  33% ] [90m[1msavepack[22m | 正在保存文件：res://arts/食物牌/数字版/完全版-v2/随州蜜枣.png.import[39m[0m
[  33% ] [90m[1msavepack[22m | 正在保存文件：res://.godot/imported/青砖茶.png-dd5775e1f0398a49fc6e6990e00887ed.ctex[39m[0m
[  33% ] [90m[1msavepack[22m | 正在保存文件：res://arts/食物牌/数字版/完全版-v2/青砖茶.png.import[39m[0m
[  33% ] [90m[1msavepack[22m | 正在保存文件：res://.godot/imported/麻城肉糕.png-00f11873706f4a954eac56afd1860ab8.ctex[39m[0m
[  33% ] [90m[1msavepack[22m | 正在保存文件：res://arts/食物牌/数字版/完全版-v2/麻城肉糕.png.import[39m[0m
[  33% ] [90m[1msavepack[22m | 正在保存文件：res://.godot/imported/黄州东坡肉.png-4b1278a6a72ae42af456603d2ce7d11c.ctex[39m[0m
[  33% ] [90m[1msavepack[22m | 正在保存文件：res://arts/食物牌/数字版/完全版-v2/黄州东坡肉.png.import[39m[0m
[  33% ] [90m[1msavepack[22m | 正在保存文件：res://.godot/imported/黄石港饼.png-be922c66ee9a8c6c639cf36661c6057b.ctex[39m[0m
[  33% ] [90m[1msavepack[22m | 正在保存文件：res://arts/食物牌/数字版/完全版-v2/黄石港饼.png.import[39m[0m
[  33% ] [90m[1msavepack[22m | 正在保存文件：res://.godot/imported/云梦鱼面.png-cfc24e8140f512b175ec113a4d06a83e.ctex[39m[0m
[  33% ] [90m[1msavepack[22m | 正在保存文件：res://arts/食物牌/数字版/云梦鱼面.png.import[39m[0m
[  33% ] [90m[1msavepack[22m | 正在保存文件：res://.godot/imported/印子粑.png-b5b60e81786065207031ca7703769936.ctex[39m[0m
[  33% ] [90m[1msavepack[22m | 正在保存文件：res://arts/食物牌/数字版/印子粑.png.import[39m[0m
[  33% ] [90m[1msavepack[22m | 正在保存文件：res://.godot/imported/嘉鱼麻糖.png-c1356d1b7af343c1fc11b0482d7cf9df.ctex[39m[0m
[  33% ] [90m[1msavepack[22m | 正在保存文件：res://arts/食物牌/数字版/嘉鱼麻糖.png.import[39m[0m
[  33% ] [90m[1msavepack[22m | 正在保存文件：res://.godot/imported/孔明菜.png-32b03b13673c81ac4228598ebce94a3e.ctex[39m[0m
[  33% ] [90m[1msavepack[22m | 正在保存文件：res://arts/食物牌/数字版/孔明菜.png.import[39m[0m
[  33% ] [90m[1msavepack[22m | 正在保存文件：res://.godot/imported/安陆金银花露.png-c5f2107540af97e0de2cfd12bf9d707c.ctex[39m[0m
[  33% ] [90m[1msavepack[22m | 正在保存文件：res://arts/食物牌/数字版/安陆金银花露.png.import[39m[0m
[  33% ] [90m[1msavepack[22m | 正在保存文件：res://.godot/imported/官渡五香豆腐干.png-3c651b0984c50dacbbf2e192b8ca88dd.ctex[39m[0m
[  33% ] [90m[1msavepack[22m | 正在保存文件：res://arts/食物牌/数字版/官渡五香豆腐干.png.import[39m[0m
[  34% ] [90m[1msavepack[22m | 正在保存文件：res://.godot/imported/宜城板鸭.png-17bc40121571e79028b359f2c612a5a0.ctex[39m[0m
[  34% ] [90m[1msavepack[22m | 正在保存文件：res://arts/食物牌/数字版/宜城板鸭.png.import[39m[0m
[  34% ] [90m[1msavepack[22m | 正在保存文件：res://.godot/imported/广水滑肉.png-23d894306f59ab0ddf65c8fe644a60c1.ctex[39m[0m
[  34% ] [90m[1msavepack[22m | 正在保存文件：res://arts/食物牌/数字版/广水滑肉.png.import[39m[0m
[  34% ] [90m[1msavepack[22m | 正在保存文件：res://.godot/imported/松花皮蛋.png-562349fc924f8d144a3bbf738f3504ec.ctex[39m[0m
[  34% ] [90m[1msavepack[22m | 正在保存文件：res://arts/食物牌/数字版/松花皮蛋.png.import[39m[0m
[  34% ] [90m[1msavepack[22m | 正在保存文件：res://.godot/imported/格格.png-eee3288c35b9025cc43d8b59d1fabbec.ctex[39m[0m
[  34% ] [90m[1msavepack[22m | 正在保存文件：res://arts/食物牌/数字版/格格.png.import[39m[0m
[  34% ] [90m[1msavepack[22m | 正在保存文件：res://.godot/imported/榨广椒.png-734ed1c0fd9ebbb8f8ddf6e8803b525d.ctex[39m[0m
[  34% ] [90m[1msavepack[22m | 正在保存文件：res://arts/食物牌/数字版/榨广椒.png.import[39m[0m
[  34% ] [90m[1msavepack[22m | 正在保存文件：res://.godot/imported/矮子馅饼.png-440b911a27988afdd158a3cf2b23a336.ctex[39m[0m
[  34% ] [90m[1msavepack[22m | 正在保存文件：res://arts/食物牌/数字版/矮子馅饼.png.import[39m[0m
[  34% ] [90m[1msavepack[22m | 正在保存文件：res://.godot/imported/神豆腐.png-9d71ee53dbd38755bd2f21573c2cc7cb.ctex[39m[0m
[  34% ] [90m[1msavepack[22m | 正在保存文件：res://arts/食物牌/数字版/神豆腐.png.import[39m[0m
[  34% ] [90m[1msavepack[22m | 正在保存文件：res://.godot/imported/精武鸭脖.png-d93a2719294930f19924cea02352a8a9.ctex[39m[0m
[  34% ] [90m[1msavepack[22m | 正在保存文件：res://arts/食物牌/数字版/精武鸭脖.png.import[39m[0m
[  34% ] [90m[1msavepack[22m | 正在保存文件：res://.godot/imported/花园红烧肉.png-d580c7413cc6c5290dd8c63d076b1d2e.ctex[39m[0m
[  34% ] [90m[1msavepack[22m | 正在保存文件：res://arts/食物牌/数字版/花园红烧肉.png.import[39m[0m
[  34% ] [90m[1msavepack[22m | 正在保存文件：res://.godot/imported/荆门雪枣.png-98f2dbf92b384623496df7c0d3a73d3c.ctex[39m[0m
[  34% ] [90m[1msavepack[22m | 正在保存文件：res://arts/食物牌/数字版/荆门雪枣.png.import[39m[0m
[  34% ] [90m[1msavepack[22m | 正在保存文件：res://.godot/imported/蒿子粑粑.png-425bff51657de6ced9b2b2e15f43c786.ctex[39m[0m
[  34% ] [90m[1msavepack[22m | 正在保存文件：res://arts/食物牌/数字版/蒿子粑粑.png.import[39m[0m
[  34% ] [90m[1msavepack[22m | 正在保存文件：res://.godot/imported/襄阳三镶盘.png-2ebd8f6c39dd3d4edd7c4743473b2aa8.ctex[39m[0m
[  34% ] [90m[1msavepack[22m | 正在保存文件：res://arts/食物牌/数字版/襄阳三镶盘.png.import[39m[0m
[  34% ] [90m[1msavepack[22m | 正在保存文件：res://.godot/imported/鄂州鱼丸.png-05f6cbf87db7429f89d9df4ddaee9f46.ctex[39m[0m
[  34% ] [90m[1msavepack[22m | 正在保存文件：res://arts/食物牌/数字版/鄂州鱼丸.png.import[39m[0m
[  34% ] [90m[1msavepack[22m | 正在保存文件：res://.godot/imported/随州三鲜.png-52e444f2aac6431e1702f2d67741bcf7.ctex[39m[0m
[  34% ] [90m[1msavepack[22m | 正在保存文件：res://arts/食物牌/数字版/随州三鲜.png.import[39m[0m
[  34% ] [90m[1msavepack[22m | 正在保存文件：res://.godot/imported/三合汤.png-518fe96cb950d1a29f9d314710f3e494.ctex[39m[0m
[  34% ] [90m[1msavepack[22m | 正在保存文件：res://arts/食物牌/三合汤.png.import[39m[0m
[  34% ] [90m[1msavepack[22m | 正在保存文件：res://.godot/imported/三游神仙鸡.png-b6950a4078e6fee3cc6f05f619ba8699.ctex[39m[0m
[  34% ] [90m[1msavepack[22m | 正在保存文件：res://arts/食物牌/三游神仙鸡.png.import[39m[0m
[  34% ] [90m[1msavepack[22m | 正在保存文件：res://.godot/imported/东坡饼.png-e9a4ada8ff6641038887242ac606619a.ctex[39m[0m
[  34% ] [90m[1msavepack[22m | 正在保存文件：res://arts/食物牌/东坡饼.png.import[39m[0m
[  34% ] [90m[1msavepack[22m | 正在保存文件：res://.godot/imported/云梦鱼面.png-9a0b4dbf4dc6f4c79711d42d53b4578c.ctex[39m[0m
[  34% ] [90m[1msavepack[22m | 正在保存文件：res://arts/食物牌/云梦鱼面.png.import[39m[0m
[  34% ] [90m[1msavepack[22m | 正在保存文件：res://.godot/imported/千张扣肉.png-99690057ec849b5cc3e690cb64231fe7.ctex[39m[0m
[  34% ] [90m[1msavepack[22m | 正在保存文件：res://arts/食物牌/千张扣肉.png.import[39m[0m
[  35% ] [90m[1msavepack[22m | 正在保存文件：res://.godot/imported/印子粑.png-88575b1866704f31f2688cca23545292.ctex[39m[0m
[  35% ] [90m[1msavepack[22m | 正在保存文件：res://arts/食物牌/印子粑.png.import[39m[0m
[  35% ] [90m[1msavepack[22m | 正在保存文件：res://.godot/imported/嘉鱼麻糖.png-8796e1f98e588fba4db3e05d20978b41.ctex[39m[0m
[  35% ] [90m[1msavepack[22m | 正在保存文件：res://arts/食物牌/嘉鱼麻糖.png.import[39m[0m
[  35% ] [90m[1msavepack[22m | 正在保存文件：res://.godot/imported/团风狗脚.png-c1fe01fdfddd90356660bb06e147d059.ctex[39m[0m
[  35% ] [90m[1msavepack[22m | 正在保存文件：res://arts/食物牌/团风狗脚.png.import[39m[0m
[  35% ] [90m[1msavepack[22m | 正在保存文件：res://.godot/imported/土家抬格子.png-4906ab2d0b4261699ae1455a01a5bafa.ctex[39m[0m
[  35% ] [90m[1msavepack[22m | 正在保存文件：res://arts/食物牌/土家抬格子.png.import[39m[0m
[  35% ] [90m[1msavepack[22m | 正在保存文件：res://.godot/imported/土家油茶汤.png-16ba57e8e4fd4767173232d7894081fb.ctex[39m[0m
[  35% ] [90m[1msavepack[22m | 正在保存文件：res://arts/食物牌/土家油茶汤.png.import[39m[0m
[  35% ] [90m[1msavepack[22m | 正在保存文件：res://.godot/imported/土家腊肉.png-0050486a5ed67711da8785d2f946e488.ctex[39m[0m
[  35% ] [90m[1msavepack[22m | 正在保存文件：res://arts/食物牌/土家腊肉.png.import[39m[0m
[  35% ] [90m[1msavepack[22m | 正在保存文件：res://.godot/imported/天门三蒸.png-439672ebaa429a4b341ab1c02aa0312c.ctex[39m[0m
[  35% ] [90m[1msavepack[22m | 正在保存文件：res://arts/食物牌/天门三蒸.png.import[39m[0m
[  35% ] [90m[1msavepack[22m | 正在保存文件：res://.godot/imported/孔明菜.png-23bb491ecfee0a8b6ad8cd6274200980.ctex[39m[0m
[  35% ] [90m[1msavepack[22m | 正在保存文件：res://arts/食物牌/孔明菜.png.import[39m[0m
[  35% ] [90m[1msavepack[22m | 正在保存文件：res://.godot/imported/孝感米酒 （神霖牌）.png-cdb4ef6ad12af0f1ff683684a9ddb4c2.ctex[39m[0m
[  35% ] [90m[1msavepack[22m | 正在保存文件：res://arts/食物牌/孝感米酒 （神霖牌）.png.import[39m[0m
[  35% ] [90m[1msavepack[22m | 正在保存文件：res://.godot/imported/安陆金银花露.png-201bb8bcd198c6ab0596d721595a8c09.ctex[39m[0m
[  35% ] [90m[1msavepack[22m | 正在保存文件：res://arts/食物牌/安陆金银花露.png.import[39m[0m
[  35% ] [90m[1msavepack[22m | 正在保存文件：res://.godot/imported/官渡五香豆腐干.png-c36d6675dcd835682f2b6a3390860b9e.ctex[39m[0m
[  35% ] [90m[1msavepack[22m | 正在保存文件：res://arts/食物牌/官渡五香豆腐干.png.import[39m[0m
[  35% ] [90m[1msavepack[22m | 正在保存文件：res://.godot/imported/宜城板鸭.png-feccb035abb7c12965d5d13a798d5729.ctex[39m[0m
[  35% ] [90m[1msavepack[22m | 正在保存文件：res://arts/食物牌/宜城板鸭.png.import[39m[0m
[  35% ] [90m[1msavepack[22m | 正在保存文件：res://.godot/imported/宜昌小面.png-8fe0d5a01b428fa1a5bbe34a432dd3f7.ctex[39m[0m
[  35% ] [90m[1msavepack[22m | 正在保存文件：res://arts/食物牌/宜昌小面.png.import[39m[0m
[  35% ] [90m[1msavepack[22m | 正在保存文件：res://.godot/imported/尚香风干鸡.png-81aa8799ebba8f648f85c00864c63d4a.ctex[39m[0m
[  35% ] [90m[1msavepack[22m | 正在保存文件：res://arts/食物牌/尚香风干鸡.png.import[39m[0m
[  35% ] [90m[1msavepack[22m | 正在保存文件：res://.godot/imported/广水滑肉.png-825d324102c176e4589052880a71e41a.ctex[39m[0m
[  35% ] [90m[1msavepack[22m | 正在保存文件：res://arts/食物牌/广水滑肉.png.import[39m[0m
[  35% ] [90m[1msavepack[22m | 正在保存文件：res://.godot/imported/张关合渣.png-9ac9cadbb43a0e37476bc4609c0ea032.ctex[39m[0m
[  35% ] [90m[1msavepack[22m | 正在保存文件：res://arts/食物牌/张关合渣.png.import[39m[0m
[  35% ] [90m[1msavepack[22m | 正在保存文件：res://.godot/imported/房县黄酒.png-109279deebe65e445f22489053549373.ctex[39m[0m
[  35% ] [90m[1msavepack[22m | 正在保存文件：res://arts/食物牌/房县黄酒.png.import[39m[0m
[  35% ] [90m[1msavepack[22m | 正在保存文件：res://.godot/imported/杜家鸡.png-63e9f0b009d89e34ebfbb03551c00bdb.ctex[39m[0m
[  35% ] [90m[1msavepack[22m | 正在保存文件：res://arts/食物牌/杜家鸡.png.import[39m[0m
[  35% ] [90m[1msavepack[22m | 正在保存文件：res://.godot/imported/松花皮蛋.png-3c087b6f57e47695abe7a8c10ea491b8.ctex[39m[0m
[  35% ] [90m[1msavepack[22m | 正在保存文件：res://arts/食物牌/松花皮蛋.png.import[39m[0m
[  35% ] [90m[1msavepack[22m | 正在保存文件：res://.godot/imported/枣阳酸浆面.png-33b7ba1f258ebaaedb2ec37a5178b2dd.ctex[39m[0m
[  35% ] [90m[1msavepack[22m | 正在保存文件：res://arts/食物牌/枣阳酸浆面.png.import[39m[0m
[  36% ] [90m[1msavepack[22m | 正在保存文件：res://.godot/imported/柏杨豆干.png-619e9e06c47aa831fed7730c7a833922.ctex[39m[0m
[  36% ] [90m[1msavepack[22m | 正在保存文件：res://arts/食物牌/柏杨豆干.png.import[39m[0m
[  36% ] [90m[1msavepack[22m | 正在保存文件：res://.godot/imported/格格.png-747f8a65ac8f67911aab760bcb2cbc4a.ctex[39m[0m
[  36% ] [90m[1msavepack[22m | 正在保存文件：res://arts/食物牌/格格.png.import[39m[0m
[  36% ] [90m[1msavepack[22m | 正在保存文件：res://.godot/imported/榨广椒.png-96daa5418d066af074a83dfb741a5825.ctex[39m[0m
[  36% ] [90m[1msavepack[22m | 正在保存文件：res://arts/食物牌/榨广椒.png.import[39m[0m
[  36% ] [90m[1msavepack[22m | 正在保存文件：res://.godot/imported/武穴佛手山药.png-b7994159ca3b78d991eba40146a35d05.ctex[39m[0m
[  36% ] [90m[1msavepack[22m | 正在保存文件：res://arts/食物牌/武穴佛手山药.png.import[39m[0m
[  36% ] [90m[1msavepack[22m | 正在保存文件：res://.godot/imported/武穴酥糖.png-dcfbbba5646daca895f07d7e0c1ed346.ctex[39m[0m
[  36% ] [90m[1msavepack[22m | 正在保存文件：res://arts/食物牌/武穴酥糖.png.import[39m[0m
[  36% ] [90m[1msavepack[22m | 正在保存文件：res://.godot/imported/毛嘴卤鸡.png-55554278cb9e4371a93267fd21936e4c.ctex[39m[0m
[  36% ] [90m[1msavepack[22m | 正在保存文件：res://arts/食物牌/毛嘴卤鸡.png.import[39m[0m
[  36% ] [90m[1msavepack[22m | 正在保存文件：res://.godot/imported/沔阳三蒸.png-d2e8a411011a02dc714b737cbe27930c.ctex[39m[0m
[  36% ] [90m[1msavepack[22m | 正在保存文件：res://arts/食物牌/沔阳三蒸.png.import[39m[0m
[  36% ] [90m[1msavepack[22m | 正在保存文件：res://.godot/imported/沙窝豆丝.png-ad46c7407513adeffd179e01a03422b0.ctex[39m[0m
[  36% ] [90m[1msavepack[22m | 正在保存文件：res://arts/食物牌/沙窝豆丝.png.import[39m[0m
[  36% ] [90m[1msavepack[22m | 正在保存文件：res://.godot/imported/油焖大虾.png-6daaa01a32001e301109a17315980da3.ctex[39m[0m
[  36% ] [90m[1msavepack[22m | 正在保存文件：res://arts/食物牌/油焖大虾.png.import[39m[0m
[  36% ] [90m[1msavepack[22m | 正在保存文件：res://.godot/imported/热干面.png-d9e3c0c81846978bfa1d22f6226fe679.ctex[39m[0m
[  36% ] [90m[1msavepack[22m | 正在保存文件：res://arts/食物牌/热干面.png.import[39m[0m
[  36% ] [90m[1msavepack[22m | 正在保存文件：res://.godot/imported/皮条鳝鱼(竹节鳝鱼）.png-774537487588594dc704635a6cc18377.ctex[39m[0m
[  36% ] [90m[1msavepack[22m | 正在保存文件：res://arts/食物牌/皮条鳝鱼(竹节鳝鱼）.png.import[39m[0m
[  36% ] [90m[1msavepack[22m | 正在保存文件：res://.godot/imported/矮子馅饼.png-1c4ee4b3d5596bd98bd4f7ccfd4e62bd.ctex[39m[0m
[  36% ] [90m[1msavepack[22m | 正在保存文件：res://arts/食物牌/矮子馅饼.png.import[39m[0m
[  36% ] [90m[1msavepack[22m | 正在保存文件：res://.godot/imported/神农架腊肉.png-cc86c03e687300323efe6ea263b83cf4.ctex[39m[0m
[  36% ] [90m[1msavepack[22m | 正在保存文件：res://arts/食物牌/神农架腊肉.png.import[39m[0m
[  36% ] [90m[1msavepack[22m | 正在保存文件：res://.godot/imported/神豆腐.png-dc8ede548e7895084644dafc52f17309.ctex[39m[0m
[  36% ] [90m[1msavepack[22m | 正在保存文件：res://arts/食物牌/神豆腐.png.import[39m[0m
[  36% ] [90m[1msavepack[22m | 正在保存文件：res://.godot/imported/竹山懒豆磨.png-22bda49fbc0e7d49d731056f13fc5a59.ctex[39m[0m
[  36% ] [90m[1msavepack[22m | 正在保存文件：res://arts/食物牌/竹山懒豆磨.png.import[39m[0m
[  36% ] [90m[1msavepack[22m | 正在保存文件：res://.godot/imported/竹溪碗糕.png-e3c2406e939ff3ec6b7ba8fbe7536e60.ctex[39m[0m
[  36% ] [90m[1msavepack[22m | 正在保存文件：res://arts/食物牌/竹溪碗糕.png.import[39m[0m
[  36% ] [90m[1msavepack[22m | 正在保存文件：res://.godot/imported/精武鸭脖.png-df312ba46cebd7b6ebbc94a6842389f0.ctex[39m[0m
[  36% ] [90m[1msavepack[22m | 正在保存文件：res://arts/食物牌/精武鸭脖.png.import[39m[0m
[  36% ] [90m[1msavepack[22m | 正在保存文件：res://.godot/imported/花园红烧肉.png-1b7caf6b0301ec50df6565e7c34cd572.ctex[39m[0m
[  36% ] [90m[1msavepack[22m | 正在保存文件：res://arts/食物牌/花园红烧肉.png.import[39m[0m
[  36% ] [90m[1msavepack[22m | 正在保存文件：res://.godot/imported/英山鱼面.png-258993158712b3a796c07337c616f353.ctex[39m[0m
[  36% ] [90m[1msavepack[22m | 正在保存文件：res://arts/食物牌/英山鱼面.png.import[39m[0m
[  37% ] [90m[1msavepack[22m | 正在保存文件：res://.godot/imported/荆州鱼糕.png-9badc86bedd267a4ddb42bd58829e54f.ctex[39m[0m
[  37% ] [90m[1msavepack[22m | 正在保存文件：res://arts/食物牌/荆州鱼糕.png.import[39m[0m
[  37% ] [90m[1msavepack[22m | 正在保存文件：res://.godot/imported/荆门三蒸.png-f3d91eb3f53d57ffe861c8a5840eb856.ctex[39m[0m
[  37% ] [90m[1msavepack[22m | 正在保存文件：res://arts/食物牌/荆门三蒸.png.import[39m[0m
[  37% ] [90m[1msavepack[22m | 正在保存文件：res://.godot/imported/荆门雪枣.png-1aa3aaf26b9fb7b228445279db7374a3.ctex[39m[0m
[  37% ] [90m[1msavepack[22m | 正在保存文件：res://arts/食物牌/荆门雪枣.png.import[39m[0m
[  37% ] [90m[1msavepack[22m | 正在保存文件：res://.godot/imported/蒿子粑粑.png-70499a0ca27ffa1024fdf7776696c413.ctex[39m[0m
[  37% ] [90m[1msavepack[22m | 正在保存文件：res://arts/食物牌/蒿子粑粑.png.import[39m[0m
[  37% ] [90m[1msavepack[22m | 正在保存文件：res://.godot/imported/蔪春酸米粉.png-21af8df466f45ff0fa4686edf4ef9f3b.ctex[39m[0m
[  37% ] [90m[1msavepack[22m | 正在保存文件：res://arts/食物牌/蔪春酸米粉.png.import[39m[0m
[  37% ] [90m[1msavepack[22m | 正在保存文件：res://.godot/imported/襄阳三镶盘.png-cbb496ad8eb7398d83699b328aeb9cb4.ctex[39m[0m
[  37% ] [90m[1msavepack[22m | 正在保存文件：res://arts/食物牌/襄阳三镶盘.png.import[39m[0m
[  37% ] [90m[1msavepack[22m | 正在保存文件：res://.godot/imported/襄阳缠蹄.png-c329c83820f0bb1f643e6b6352e9f02c.ctex[39m[0m
[  37% ] [90m[1msavepack[22m | 正在保存文件：res://arts/食物牌/襄阳缠蹄.png.import[39m[0m
[  37% ] [90m[1msavepack[22m | 正在保存文件：res://.godot/imported/赤壁肉糕.png-4edd05e5f7f1c58ded50575f59f17ea1.ctex[39m[0m
[  37% ] [90m[1msavepack[22m | 正在保存文件：res://arts/食物牌/赤壁肉糕.png.import[39m[0m
[  37% ] [90m[1msavepack[22m | 正在保存文件：res://.godot/imported/通山包坨.png-bcc13a641af4140872a1e612d6215d70.ctex[39m[0m
[  37% ] [90m[1msavepack[22m | 正在保存文件：res://arts/食物牌/通山包坨.png.import[39m[0m
[  37% ] [90m[1msavepack[22m | 正在保存文件：res://.godot/imported/鄂州鱼丸.png-b1d57f29b1c913de03282cdae1bd03c6.ctex[39m[0m
[  37% ] [90m[1msavepack[22m | 正在保存文件：res://arts/食物牌/鄂州鱼丸.png.import[39m[0m
[  37% ] [90m[1msavepack[22m | 正在保存文件：res://.godot/imported/随州三鲜.png-e96f9e3935a2079ee9c0eb539b3914ab.ctex[39m[0m
[  37% ] [90m[1msavepack[22m | 正在保存文件：res://arts/食物牌/随州三鲜.png.import[39m[0m
[  37% ] [90m[1msavepack[22m | 正在保存文件：res://.godot/imported/随州蜜枣.png-0c39c60aa9e4965f3ca5b3eeecdc78c7.ctex[39m[0m
[  37% ] [90m[1msavepack[22m | 正在保存文件：res://arts/食物牌/随州蜜枣.png.import[39m[0m
[  37% ] [90m[1msavepack[22m | 正在保存文件：res://.godot/imported/靑砖茶.png-d860443b779628b66b9cbeb7cc9423db.ctex[39m[0m
[  37% ] [90m[1msavepack[22m | 正在保存文件：res://arts/食物牌/靑砖茶.png.import[39m[0m
[  37% ] [90m[1msavepack[22m | 正在保存文件：res://.godot/imported/食物牌（牌背）.jpg-1715949a589786cf4ba3bca943f3ca07.ctex[39m[0m
[  37% ] [90m[1msavepack[22m | 正在保存文件：res://arts/食物牌/食物牌（牌背）.jpg.import[39m[0m
[  37% ] [90m[1msavepack[22m | 正在保存文件：res://.godot/imported/麻城肉糕.png-a8e3d581dd2dcb8a3879706bfd078f80.ctex[39m[0m
[  37% ] [90m[1msavepack[22m | 正在保存文件：res://arts/食物牌/麻城肉糕.png.import[39m[0m
[  37% ] [90m[1msavepack[22m | 正在保存文件：res://.godot/imported/黄州东坡肉.png-d9df2052291bf55e1eb90a2d5b83ea46.ctex[39m[0m
[  37% ] [90m[1msavepack[22m | 正在保存文件：res://arts/食物牌/黄州东坡肉.png.import[39m[0m
[  37% ] [90m[1msavepack[22m | 正在保存文件：res://.godot/imported/黄石港饼.jpg-8f96748c246ce6c8291ab941b9ab8757.ctex[39m[0m
[  37% ] [90m[1msavepack[22m | 正在保存文件：res://arts/食物牌/黄石港饼.jpg.import[39m[0m
[  37% ] [90m[1msavepack[22m | 正在保存文件：res://.godot/imported/像素字体.ttf-2333b1255b41151ea0d190502905b1ff.fontdata[39m[0m
[  37% ] [90m[1msavepack[22m | 正在保存文件：res://arts/像素字体.ttf.import[39m[0m
[  37% ] [90m[1msavepack[22m | 正在保存文件：res://.godot/imported/chuwuzhi-bgm.mp3-563b870a4068a4647584ee714a66581e.mp3str[39m[0m
[  37% ] [90m[1msavepack[22m | 正在保存文件：res://Audio/Music/chuwuzhi-bgm.mp3.import[39m[0m
[  38% ] [90m[1msavepack[22m | 正在保存文件：res://.godot/imported/achievement.wav-fde74fec753d0b2147701227e6a74231.sample[39m[0m
[  38% ] [90m[1msavepack[22m | 正在保存文件：res://Audio/SFX/achievement.wav.import[39m[0m
[  38% ] [90m[1msavepack[22m | 正在保存文件：res://.godot/imported/action.wav-0669c3044ba12675094a2fe62e68bb76.sample[39m[0m
[  38% ] [90m[1msavepack[22m | 正在保存文件：res://Audio/SFX/action.wav.import[39m[0m
[  38% ] [90m[1msavepack[22m | 正在保存文件：res://.godot/imported/back.wav-441fb617ed00b155a5ff375005f1c642.sample[39m[0m
[  38% ] [90m[1msavepack[22m | 正在保存文件：res://Audio/SFX/back.wav.import[39m[0m
[  38% ] [90m[1msavepack[22m | 正在保存文件：res://.godot/imported/card.wav-57f4deb0ed0d234374a18cf983632146.sample[39m[0m
[  38% ] [90m[1msavepack[22m | 正在保存文件：res://Audio/SFX/card.wav.import[39m[0m
[  38% ] [90m[1msavepack[22m | 正在保存文件：res://.godot/imported/confirm.wav-f4e09eb9a355d5b493f2b085eb43ef53.sample[39m[0m
[  38% ] [90m[1msavepack[22m | 正在保存文件：res://Audio/SFX/confirm.wav.import[39m[0m
[  38% ] [90m[1msavepack[22m | 正在保存文件：res://.godot/imported/dice_land.wav-76e609745d20625a4b04f84d0edd71e2.sample[39m[0m
[  38% ] [90m[1msavepack[22m | 正在保存文件：res://Audio/SFX/dice_land.wav.import[39m[0m
[  38% ] [90m[1msavepack[22m | 正在保存文件：res://.godot/imported/dice_roll.wav-df600aae764f4528351be39d163f583e.sample[39m[0m
[  38% ] [90m[1msavepack[22m | 正在保存文件：res://Audio/SFX/dice_roll.wav.import[39m[0m
[  38% ] [90m[1msavepack[22m | 正在保存文件：res://.godot/imported/eliminate.wav-10e88090602795349d51bc565a8a0bc3.sample[39m[0m
[  38% ] [90m[1msavepack[22m | 正在保存文件：res://Audio/SFX/eliminate.wav.import[39m[0m
[  38% ] [90m[1msavepack[22m | 正在保存文件：res://.godot/imported/event.wav-d3aa57fad182c9960cd24f338e008307.sample[39m[0m
[  38% ] [90m[1msavepack[22m | 正在保存文件：res://Audio/SFX/event.wav.import[39m[0m
[  38% ] [90m[1msavepack[22m | 正在保存文件：res://.godot/imported/invalid.wav-846a8daaf2f2e58b727a785c70dbe9d6.sample[39m[0m
[  38% ] [90m[1msavepack[22m | 正在保存文件：res://Audio/SFX/invalid.wav.import[39m[0m
[  38% ] [90m[1msavepack[22m | 正在保存文件：res://Audio/SFX/manifest.json[39m[0m
[  38% ] [90m[1msavepack[22m | 正在保存文件：res://.godot/imported/move.wav-38396c34f2f2aedf07f0a9320ab06ef6.sample[39m[0m
[  38% ] [90m[1msavepack[22m | 正在保存文件：res://Audio/SFX/move.wav.import[39m[0m
[  38% ] [90m[1msavepack[22m | 正在保存文件：res://.godot/imported/page.wav-4f40d1adf8801031e40276f0c77a379f.sample[39m[0m
[  38% ] [90m[1msavepack[22m | 正在保存文件：res://Audio/SFX/page.wav.import[39m[0m
[  38% ] [90m[1msavepack[22m | 正在保存文件：res://.godot/imported/recover.wav-7c8e5d28698c2ec5d49cdeab0f5c5f63.sample[39m[0m
[  38% ] [90m[1msavepack[22m | 正在保存文件：res://Audio/SFX/recover.wav.import[39m[0m
[  38% ] [90m[1msavepack[22m | 正在保存文件：res://.godot/imported/response.wav-ad5d8f152c5fec493df245f07f1729cf.sample[39m[0m
[  38% ] [90m[1msavepack[22m | 正在保存文件：res://Audio/SFX/response.wav.import[39m[0m
[  38% ] [90m[1msavepack[22m | 正在保存文件：res://.godot/imported/result.wav-dca92f178e5d226a0525bfb8b9f676b2.sample[39m[0m
[  38% ] [90m[1msavepack[22m | 正在保存文件：res://Audio/SFX/result.wav.import[39m[0m
[  38% ] [90m[1msavepack[22m | 正在保存文件：res://.godot/imported/technical.wav-5b360884244cab50d7da61128fa57d84.sample[39m[0m
[  38% ] [90m[1msavepack[22m | 正在保存文件：res://Audio/SFX/technical.wav.import[39m[0m
[  38% ] [90m[1msavepack[22m | 正在保存文件：res://.godot/imported/trade.wav-6716a48529dc2451c8371b3a4f21ee0f.sample[39m[0m
[  38% ] [90m[1msavepack[22m | 正在保存文件：res://Audio/SFX/trade.wav.import[39m[0m
[  38% ] [90m[1msavepack[22m | 正在保存文件：res://.godot/imported/turn.wav-c3a9ce368092c050a3dd1baa0b0187a7.sample[39m[0m
[  38% ] [90m[1msavepack[22m | 正在保存文件：res://Audio/SFX/turn.wav.import[39m[0m
[  39% ] [90m[1msavepack[22m | 正在保存文件：res://.godot/imported/warning.wav-ca00b342e254bf48c877b2e82680dddf.sample[39m[0m
[  39% ] [90m[1msavepack[22m | 正在保存文件：res://Audio/SFX/warning.wav.import[39m[0m
[  39% ] [90m[1msavepack[22m | 正在保存文件：res://.godot/imported/gong-76886-hq.mp3-a559f28d0dac6270c5ef9a1b0a502b88.mp3str[39m[0m
[  39% ] [90m[1msavepack[22m | 正在保存文件：res://Audio/Source/chinese-instruments/gong-76886-hq.mp3.import[39m[0m
[  39% ] [90m[1msavepack[22m | 正在保存文件：res://.godot/imported/guzheng-847157-hq.mp3-6b79ed3e7d2aa0a8bbdb329f030deb19.mp3str[39m[0m
[  39% ] [90m[1msavepack[22m | 正在保存文件：res://Audio/Source/chinese-instruments/guzheng-847157-hq.mp3.import[39m[0m
[  39% ] [90m[1msavepack[22m | 正在保存文件：res://.godot/imported/mokugyo-607215-hq.mp3-833f02de2915e49aac78a00e0d78c774.mp3str[39m[0m
[  39% ] [90m[1msavepack[22m | 正在保存文件：res://Audio/Source/chinese-instruments/mokugyo-607215-hq.mp3.import[39m[0m
[  39% ] [90m[1msavepack[22m | 正在保存文件：res://.godot/imported/temple-block-544881-hq.mp3-043392e74ea6684577b69eeadde811c8.mp3str[39m[0m
[  39% ] [90m[1msavepack[22m | 正在保存文件：res://Audio/Source/chinese-instruments/temple-block-544881-hq.mp3.import[39m[0m
[  39% ] [90m[1msavepack[22m | 正在保存文件：res://Audio/board_music.gdc[39m[0m
[  39% ] [90m[1msavepack[22m | 正在保存文件：res://Audio/board_sfx.gdc[39m[0m
[  39% ] [90m[1msavepack[22m | 正在保存文件：res://Cards/DataStructure/event_choice_request.gdc[39m[0m
[  39% ] [90m[1msavepack[22m | 正在保存文件：res://Cards/DataStructure/food_effect_rules.gdc[39m[0m
[  39% ] [90m[1msavepack[22m | 正在保存文件：res://Cards/DataStructure/food_resolution_result.gdc[39m[0m
[  39% ] [90m[1msavepack[22m | 正在保存文件：res://Cards/DataStructure/food_use_check.gdc[39m[0m
[  39% ] [90m[1msavepack[22m | 正在保存文件：res://Cards/DataStructure/interaction_result.gdc[39m[0m
[  39% ] [90m[1msavepack[22m | 正在保存文件：res://Cards/DataStructure/interaction_ticket.gdc[39m[0m
[  39% ] [90m[1msavepack[22m | 正在保存文件：res://Cards/DataStructure/player_setup.gdc[39m[0m
[  39% ] [90m[1msavepack[22m | 正在保存文件：res://Cards/DataStructure/profession_definition.gdc[39m[0m
[  39% ] [90m[1msavepack[22m | 正在保存文件：res://Cards/DataStructure/profession_draw_request.gdc[39m[0m
[  39% ] [90m[1msavepack[22m | 正在保存文件：res://Cards/DataStructure/profession_draw_result.gdc[39m[0m
[  39% ] [90m[1msavepack[22m | 正在保存文件：res://Cards/DataStructure/profession_section_choice_request.gdc[39m[0m
[  39% ] [90m[1msavepack[22m | 正在保存文件：res://Cards/DataStructure/session_setup.gdc[39m[0m
[  40% ] [90m[1msavepack[22m | 正在保存文件：res://Cards/DataStructure/事件牌.gdc[39m[0m
[  40% ] [90m[1msavepack[22m | 正在保存文件：res://Cards/DataStructure/卡牌基类.gdc[39m[0m
[  40% ] [90m[1msavepack[22m | 正在保存文件：res://Cards/DataStructure/成就牌.gdc[39m[0m
[  40% ] [90m[1msavepack[22m | 正在保存文件：res://Cards/DataStructure/非遗牌.gdc[39m[0m
[  40% ] [90m[1msavepack[22m | 正在保存文件：res://Cards/DataStructure/食物牌.gdc[39m[0m
[  40% ] [90m[1msavepack[22m | 正在保存文件：res://.godot/exported/133200997/export-1afd935c7c1f65175b52fe67dd8b806e-交换人生.res[39m[0m
[  40% ] [90m[1msavepack[22m | 正在保存文件：res://.godot/exported/133200997/export-51068b5fcfb97efb1a4e5440fb567461-以食会友.res[39m[0m
[  40% ] [90m[1msavepack[22m | 正在保存文件：res://.godot/exported/133200997/export-68b147a3261d62044061b8edf6b3f0d9-传艺互鉴.res[39m[0m
[  40% ] [90m[1msavepack[22m | 正在保存文件：res://.godot/exported/133200997/export-058d11af64f957ec3ed438b734ff28e1-倦艺休整.res[39m[0m
[  40% ] [90m[1msavepack[22m | 正在保存文件：res://.godot/exported/133200997/export-fa929f634f3130c1068570585934aa2f-养精蓄锐.res[39m[0m
[  40% ] [90m[1msavepack[22m | 正在保存文件：res://.godot/exported/133200997/export-e2e716a1e4e487d5436006ae415f755d-同台竞技.res[39m[0m
[  40% ] [90m[1msavepack[22m | 正在保存文件：res://.godot/exported/133200997/export-9c8dfbb1e4fff85ce0a7de15335e95cf-同行风采.res[39m[0m
[  40% ] [90m[1msavepack[22m | 正在保存文件：res://.godot/exported/133200997/export-6a0dd93e42ed0c190ddc6aaac6f3b890-国宝护航.res[39m[0m
[  40% ] [90m[1msavepack[22m | 正在保存文件：res://.godot/exported/133200997/export-bbe3649ec6f0ca6804492398c98801a1-坐收渔利.res[39m[0m
[  40% ] [90m[1msavepack[22m | 正在保存文件：res://.godot/exported/133200997/export-61310e650040511781b9db3eae0eebdf-妙手回春.res[39m[0m
[  40% ] [90m[1msavepack[22m | 正在保存文件：res://.godot/exported/133200997/export-5762e2612a3398024982d62d89361106-孤注一掷.res[39m[0m
[  40% ] [90m[1msavepack[22m | 正在保存文件：res://.godot/exported/133200997/export-7f581828365f778931d28ead296869b5-寸步难行.res[39m[0m
[  40% ] [90m[1msavepack[22m | 正在保存文件：res://.godot/exported/133200997/export-bf91c0622b8904d51aa20382fb4b6919-展艺共研.res[39m[0m
[  40% ] [90m[1msavepack[22m | 正在保存文件：res://.godot/exported/133200997/export-c330cb56bd755b827ac79f1deb2b6c53-市集淘珍.res[39m[0m
[  40% ] [90m[1msavepack[22m | 正在保存文件：res://.godot/exported/133200997/export-7c14ee8ffa358ee57d96e22db1a93e53-意外之喜.res[39m[0m
[  41% ] [90m[1msavepack[22m | 正在保存文件：res://.godot/exported/133200997/export-749d0c643f4fc2e3c8a5abb16940c548-故地重游.res[39m[0m
[  41% ] [90m[1msavepack[22m | 正在保存文件：res://.godot/exported/133200997/export-5064ac154341aaeea509793f873fa18f-文化共享.res[39m[0m
[  41% ] [90m[1msavepack[22m | 正在保存文件：res://.godot/exported/133200997/export-7f1c01e1498c2adb3e47bafac85b9aa5-文化新风.res[39m[0m
[  41% ] [90m[1msavepack[22m | 正在保存文件：res://.godot/exported/133200997/export-fcf95013ffac62cbdde730f41e90cfa2-斗转星移.res[39m[0m
[  41% ] [90m[1msavepack[22m | 正在保存文件：res://.godot/exported/133200997/export-d3b4488480ab17da2b7d1a155168d14f-日行千里.res[39m[0m
[  41% ] [90m[1msavepack[22m | 正在保存文件：res://.godot/exported/133200997/export-330b867752048b953b3c4cec2168d94c-有食同享.res[39m[0m
[  41% ] [90m[1msavepack[22m | 正在保存文件：res://.godot/exported/133200997/export-909ec41f955c2383e14ba43781623fe3-汰旧焕新.res[39m[0m
[  41% ] [90m[1msavepack[22m | 正在保存文件：res://.godot/exported/133200997/export-401300f0e2a2b9cfa3c51ba21be22d6e-沉浸体验.res[39m[0m
[  41% ] [90m[1msavepack[22m | 正在保存文件：res://.godot/exported/133200997/export-7248a5dc96bd75b4013a165b9b5441db-游目骋怀.res[39m[0m
[  41% ] [90m[1msavepack[22m | 正在保存文件：res://.godot/exported/133200997/export-af84de34e2d01b20e883b3f06f5c1ccb-畅行无阻.res[39m[0m
[  41% ] [90m[1msavepack[22m | 正在保存文件：res://.godot/exported/133200997/export-65f09e70493e2a4b54368b95e97d56d7-百舸争流.res[39m[0m
[  41% ] [90m[1msavepack[22m | 正在保存文件：res://.godot/exported/133200997/export-c85189a8892c3b27ea2ed64bf1c48fcd-移花接木.res[39m[0m
[  41% ] [90m[1msavepack[22m | 正在保存文件：res://.godot/exported/133200997/export-ad7ddd59a9538048945bc0cfde83e4a5-精疲力尽.res[39m[0m
[  41% ] [90m[1msavepack[22m | 正在保存文件：res://.godot/exported/133200997/export-fdd1f57e14c582be8a1efca949ee2931-紧急避险.res[39m[0m
[  41% ] [90m[1msavepack[22m | 正在保存文件：res://.godot/exported/133200997/export-f40b65a85c57df07a4935dcd48b15060-罢耕歇业.res[39m[0m
[  41% ] [90m[1msavepack[22m | 正在保存文件：res://.godot/exported/133200997/export-74c76311155fbeaa6c901f247605a2bd-美美与共.res[39m[0m
[  41% ] [90m[1msavepack[22m | 正在保存文件：res://.godot/exported/133200997/export-0515d7f8399c59db01824e2884d6937a-艺创增收.res[39m[0m
[  41% ] [90m[1msavepack[22m | 正在保存文件：res://.godot/exported/133200997/export-b9f180470041652862cadd9a9a2cdc99-艺径寻踪.res[39m[0m
[  41% ] [90m[1msavepack[22m | 正在保存文件：res://.godot/exported/133200997/export-19ee14fb8f15ef15f3fbf471150ea236-艺藏互换.res[39m[0m
[  42% ] [90m[1msavepack[22m | 正在保存文件：res://.godot/exported/133200997/export-342d645cb44dd88140788d412aa8af9c-薪火相传.res[39m[0m
[  42% ] [90m[1msavepack[22m | 正在保存文件：res://.godot/exported/133200997/export-23428e202f187aa9a691fb618912d4ae-裒多益寡.res[39m[0m
[  42% ] [90m[1msavepack[22m | 正在保存文件：res://.godot/exported/133200997/export-b0951833ef2300787985ff5c28cbc64a-金蝉脱壳.res[39m[0m
[  42% ] [90m[1msavepack[22m | 正在保存文件：res://.godot/exported/133200997/export-78445c4b68acfa96916f05727db2648c-釜底抽薪.res[39m[0m
[  42% ] [90m[1msavepack[22m | 正在保存文件：res://.godot/exported/133200997/export-76f5a63fed735e77e91464efa1291403-鉴往知来.res[39m[0m
[  42% ] [90m[1msavepack[22m | 正在保存文件：res://.godot/exported/133200997/export-e3b95cba2757d7f38a337c123d41e0d2-闭门谢客.res[39m[0m
[  42% ] [90m[1msavepack[22m | 正在保存文件：res://.godot/exported/133200997/export-2c08cea6cd8c95facf2f0710a499d04b-大胃袋这一块.res[39m[0m
[  42% ] [90m[1msavepack[22m | 正在保存文件：res://.godot/exported/133200997/export-dec343e0c0704ca13ca1784cefaabdcc-幸运儿.res[39m[0m
[  42% ] [90m[1msavepack[22m | 正在保存文件：res://.godot/exported/133200997/export-5a8c185dd8e69685f625fe45e9e1c2c9-游山玩水.res[39m[0m
[  42% ] [90m[1msavepack[22m | 正在保存文件：res://.godot/exported/133200997/export-c23da7fc8da7265f63874958fa727d7f-超越人类.res[39m[0m
[  42% ] [90m[1msavepack[22m | 正在保存文件：res://.godot/exported/133200997/export-870d97254f136e55c26391988bfbdde3-野人.res[39m[0m
[  42% ] [90m[1msavepack[22m | 正在保存文件：res://.godot/exported/133200997/export-97704c41ef8c0f9a8a7e4d677a70ecea-饕餮.res[39m[0m
[  42% ] [90m[1msavepack[22m | 正在保存文件：res://.godot/exported/133200997/export-dc5541e4c07284bb3aa2bfe3159906da-商业博主.res[39m[0m
[  42% ] [90m[1msavepack[22m | 正在保存文件：res://.godot/exported/133200997/export-b09260cde78bca76adb33fdba5e4b8af-探险博主.res[39m[0m
[  42% ] [90m[1msavepack[22m | 正在保存文件：res://.godot/exported/133200997/export-d996b0ddb780bdacc7a4e69095cf9c85-旅行博主.res[39m[0m
[  42% ] [90m[1msavepack[22m | 正在保存文件：res://.godot/exported/133200997/export-a02052a8392ee2608af0e17816f54664-生活博主.res[39m[0m
[  42% ] [90m[1msavepack[22m | 正在保存文件：res://.godot/exported/133200997/export-ab9e802aab19a67823baf3ff82a40ee3-美食博主.res[39m[0m
[  42% ] [90m[1msavepack[22m | 正在保存文件：res://.godot/exported/133200997/export-13bd7d02f9c1add56609e542b140535b-魔术博主.res[39m[0m
[  42% ] [90m[1msavepack[22m | 正在保存文件：res://.godot/exported/133200997/export-48881276c00fea3dc104905864fd31f4-仙桃雕花剪纸.res[39m[0m
[  43% ] [90m[1msavepack[22m | 正在保存文件：res://.godot/exported/133200997/export-eb6e7bf6ef0f1d9d598503322cca3e78-荆州花鼓戏.res[39m[0m
[  43% ] [90m[1msavepack[22m | 正在保存文件：res://.godot/exported/133200997/export-aafca75e345a7cb5f89fa09747d3b317-伍家沟民间故事.res[39m[0m
[  43% ] [90m[1msavepack[22m | 正在保存文件：res://.godot/exported/133200997/export-e7cbf40b1bdd0797d42744e0daa86ee5-吕家河民歌.res[39m[0m
[  43% ] [90m[1msavepack[22m | 正在保存文件：res://.godot/exported/133200997/export-a2a8d927a7bd1676b8f9565746b9e148-武当山宫观道乐.res[39m[0m
[  43% ] [90m[1msavepack[22m | 正在保存文件：res://.godot/exported/133200997/export-ada3b523f7ec4cad6180447d76e937d1-武当山庙会.res[39m[0m
[  43% ] [90m[1msavepack[22m | 正在保存文件：res://.godot/exported/133200997/export-4b9a201b4df99e7ce80f14c6c87ecdbc-武当武术.res[39m[0m
[  43% ] [90m[1msavepack[22m | 正在保存文件：res://.godot/exported/133200997/export-659ee6434b5c38d766e0f88b2e12f64b-武当神戏.res[39m[0m
[  43% ] [90m[1msavepack[22m | 正在保存文件：res://.godot/exported/133200997/export-16525fb957d18f5c29383f392958fae6-汉调二黄.res[39m[0m
[  43% ] [90m[1msavepack[22m | 正在保存文件：res://.godot/exported/133200997/export-0e3509d873f75040c68c4c391f5071d1-提琴戏.res[39m[0m
[  43% ] [90m[1msavepack[22m | 正在保存文件：res://.godot/exported/133200997/export-4ae8fce3255f4c718881123638920a75-天门民歌.res[39m[0m
[  43% ] [90m[1msavepack[22m | 正在保存文件：res://.godot/exported/133200997/export-ea128e6853ff2a622e1f02f09d2d8596-天门糖塑.res[39m[0m
[  43% ] [90m[1msavepack[22m | 正在保存文件：res://.godot/exported/133200997/export-9cd26884b3ccac3d56bd3aa3fb40834d-三节龙.res[39m[0m
[  43% ] [90m[1msavepack[22m | 正在保存文件：res://.godot/exported/133200997/export-4e3a3563a8a782d9417f4ab8cb1b20e3-云梦皮影戏.res[39m[0m
[  43% ] [90m[1msavepack[22m | 正在保存文件：res://.godot/exported/133200997/export-ac567627c41d72ca739e3ebe8d1daaca-孝感雕花剪纸.res[39m[0m
[  43% ] [90m[1msavepack[22m | 正在保存文件：res://.godot/exported/133200997/export-3c58999ff112df3c23a81fbe4ecc9616-汉川善书.res[39m[0m
[  43% ] [90m[1msavepack[22m | 正在保存文件：res://.godot/exported/133200997/export-20c83f70c0f4d75cb4db6646f5e2e132-董永传说.res[39m[0m
[  43% ] [90m[1msavepack[22m | 正在保存文件：res://.godot/exported/133200997/export-c646fabc8a9910b964b527ba73e669f2-下堡坪民间故事.res[39m[0m
[  43% ] [90m[1msavepack[22m | 正在保存文件：res://.godot/exported/133200997/export-823d0820511ac59eb53003c6570ad3d0-兴山民歌.res[39m[0m
[  43% ] [90m[1msavepack[22m | 正在保存文件：res://.godot/exported/133200997/export-791f956123129f309256b55f4c1709e3-南曲.res[39m[0m
[  44% ] [90m[1msavepack[22m | 正在保存文件：res://.godot/exported/133200997/export-f277d0ef0870effb724e0871653d3e75-土家族打溜子.res[39m[0m
[  44% ] [90m[1msavepack[22m | 正在保存文件：res://.godot/exported/133200997/export-01810396bddb399ef5f8bd3381487fcf-土家族撒叶儿嗬.res[39m[0m
[  44% ] [90m[1msavepack[22m | 正在保存文件：res://.godot/exported/133200997/export-f1ddddee107547681a00e25324ee28fd-宜昌丝竹.res[39m[0m
[  44% ] [90m[1msavepack[22m | 正在保存文件：res://.godot/exported/133200997/export-10822c36ac4178eeb8402ef8e0ce9375-宜昌薅草锣鼓.res[39m[0m
[  44% ] [90m[1msavepack[22m | 正在保存文件：res://.godot/exported/133200997/export-835bf713f0111c3b8725a0f0ae2edfcc-屈原传说.res[39m[0m
[  44% ] [90m[1msavepack[22m | 正在保存文件：res://.godot/exported/133200997/export-54f71fc039332fe4e1828388ece42db0-屈原故里端午习俗.res[39m[0m
[  44% ] [90m[1msavepack[22m | 正在保存文件：res://.godot/exported/133200997/export-3e9c9e41fc62c83525a3328bf55a73ea-当阳关陵庙会.res[39m[0m
[  44% ] [90m[1msavepack[22m | 正在保存文件：res://.godot/exported/133200997/export-0828e36c5ec28cdcb069e060f994040a-枝江民间吹打乐.res[39m[0m
[  44% ] [90m[1msavepack[22m | 正在保存文件：res://.godot/exported/133200997/export-edec9b70f3ae4a61211faf40a56d8ebe-王昭君传说.res[39m[0m
[  44% ] [90m[1msavepack[22m | 正在保存文件：res://.godot/exported/133200997/export-b5cd08187c359f28e05e87a140c8a1f6-远安呜音.res[39m[0m
[  44% ] [90m[1msavepack[22m | 正在保存文件：res://.godot/exported/133200997/export-fae4f47b503bc2f02f34f4ef934d4c54-都镇湾故事.res[39m[0m
[  44% ] [90m[1msavepack[22m | 正在保存文件：res://.godot/exported/133200997/export-0d602d428e494b2ae14484748bc02238-长江峡江号子.res[39m[0m
[  44% ] [90m[1msavepack[22m | 正在保存文件：res://.godot/exported/133200997/export-118c9018705a5848006c90bda809acd9-青林寺谜语.res[39m[0m
[  44% ] [90m[1msavepack[22m | 正在保存文件：res://.godot/exported/133200997/export-fc3685cce8eb412956ab3859e587e60f-三棒鼓.res[39m[0m
[  44% ] [90m[1msavepack[22m | 正在保存文件：res://.godot/exported/133200997/export-2e11df2c4b5e38940da7c7edd59d7049-利川灯歌.res[39m[0m
[  44% ] [90m[1msavepack[22m | 正在保存文件：res://.godot/exported/133200997/export-8850caf7d5f57a412cbdf195118891cc-南剧.res[39m[0m
[  44% ] [90m[1msavepack[22m | 正在保存文件：res://.godot/exported/133200997/export-f615b168a40bdef048fdaa4a4192438d-土家族摆手舞.res[39m[0m
[  44% ] [90m[1msavepack[22m | 正在保存文件：res://.godot/exported/133200997/export-582b27d53c600fc87ac9d351faf4c193-地龙灯.res[39m[0m
[  44% ] [90m[1msavepack[22m | 正在保存文件：res://.godot/exported/133200997/export-4c591ea03ca2039fb94948e94c84d33a-干栏吊脚楼建造技艺.res[39m[0m
[  45% ] [90m[1msavepack[22m | 正在保存文件：res://.godot/exported/133200997/export-814e1fd8f4bcb32ad203397fdf878f3d-恩施傩戏.res[39m[0m
[  45% ] [90m[1msavepack[22m | 正在保存文件：res://.godot/exported/133200997/export-2b46cb4b79416d7d753082c5490cbbd3-恩施扬琴.res[39m[0m
[  45% ] [90m[1msavepack[22m | 正在保存文件：res://.godot/exported/133200997/export-d1023a59b5550c7ecd0de01833a9f202-灯戏.res[39m[0m
[  45% ] [90m[1msavepack[22m | 正在保存文件：res://.godot/exported/133200997/export-0ee38f105cfdd85203e936a49f70d667-肉连响.res[39m[0m
[  45% ] [90m[1msavepack[22m | 正在保存文件：res://.godot/exported/133200997/export-3ec99a3c7716409570f0a714c9a4823e-萱恩薅草锣鼓.res[39m[0m
[  45% ] [90m[1msavepack[22m | 正在保存文件：res://.godot/exported/133200997/export-8aa7c3ba6422e8aec9125cff01827990-长江峡江号子.res[39m[0m
[  45% ] [90m[1msavepack[22m | 正在保存文件：res://.godot/exported/133200997/export-df1795387fa41aa918b7586920ef5b82-木兰传说.res[39m[0m
[  45% ] [90m[1msavepack[22m | 正在保存文件：res://.godot/exported/133200997/export-b95f17eb465b0074be0b4f49d4c9bcc6-木雕船模.res[39m[0m
[  45% ] [90m[1msavepack[22m | 正在保存文件：res://.godot/exported/133200997/export-4a9be505abc136c43c4bd013853f29f9-楚剧.res[39m[0m
[  45% ] [90m[1msavepack[22m | 正在保存文件：res://.godot/exported/133200997/export-eb7a8b47e15c72a680a40081aa196479-汉剧.res[39m[0m
[  45% ] [90m[1msavepack[22m | 正在保存文件：res://.godot/exported/133200997/export-73adaeac94ad6cf9082495d52d59049f-汉绣.res[39m[0m
[  45% ] [90m[1msavepack[22m | 正在保存文件：res://.godot/exported/133200997/export-9e2af01c07abec3ad5337243784fd911-汉阳归元庙会.res[39m[0m
[  45% ] [90m[1msavepack[22m | 正在保存文件：res://.godot/exported/133200997/export-745671d9b1a64d4d8f5d86c831e74905-湖北小曲.res[39m[0m
[  45% ] [90m[1msavepack[22m | 正在保存文件：res://.godot/exported/133200997/export-ec18e60f7f6320ba87c4b48880650c31-湖北评书.res[39m[0m
[  45% ] [90m[1msavepack[22m | 正在保存文件：res://.godot/exported/133200997/export-60cd9ea59027d88cd94b9cd9f2776c44-马应龙制药技艺.res[39m[0m
[  45% ] [90m[1msavepack[22m | 正在保存文件：res://.godot/exported/133200997/export-ff77f60cef2285e46e58399894d0da84-黄鹤楼传说.res[39m[0m
[  45% ] [90m[1msavepack[22m | 正在保存文件：res://.godot/exported/133200997/export-c1694b6a9f3607ad77b90d522fc14a3d-龙舞.res[39m[0m
[  45% ] [90m[1msavepack[22m | 正在保存文件：res://.godot/exported/133200997/export-4cb3782e4468e9ef996ebdd26ba9c286-江汉平原皮影戏.res[39m[0m
[  45% ] [90m[1msavepack[22m | 正在保存文件：res://.godot/exported/133200997/export-3d6ffe5b56b92840dae14aa908c4f07f-潜江民歌.res[39m[0m
[  45% ] [90m[1msavepack[22m | 正在保存文件：res://.godot/exported/133200997/export-93e3ef496367d19077d57b068c18d4c0-炎帝神农传说.res[39m[0m
[  46% ] [90m[1msavepack[22m | 正在保存文件：res://.godot/exported/133200997/export-7b151a1f20cf291369c5f02b70d357e1-黑暗传.res[39m[0m
[  46% ] [90m[1msavepack[22m | 正在保存文件：res://.godot/exported/133200997/export-38e11ca472036ededd30fdfdaefeecaa-啰啰咚.res[39m[0m
[  46% ] [90m[1msavepack[22m | 正在保存文件：res://.godot/exported/133200997/export-2f8ffaf4522305fb6b034ca707782375-楚式漆器髹饰技艺.res[39m[0m
[  46% ] [90m[1msavepack[22m | 正在保存文件：res://.godot/exported/133200997/export-da8a0740f1aeabb39fc1890078c9e254-荆河戏.res[39m[0m
[  46% ] [90m[1msavepack[22m | 正在保存文件：res://.godot/exported/133200997/export-20199dc04ffa91680305783d20e230ca-说鼓子.res[39m[0m
[  46% ] [90m[1msavepack[22m | 正在保存文件：res://.godot/exported/133200997/export-607d749590ecc198d71e719d088a661d-铅锡刻镂技艺.res[39m[0m
[  46% ] [90m[1msavepack[22m | 正在保存文件：res://.godot/exported/133200997/export-06c5ba0ac795d2d30d8154f09ee70e4c-马山民歌.res[39m[0m
[  46% ] [90m[1msavepack[22m | 正在保存文件：res://.godot/exported/133200997/export-0bf405a42f03988062ce656c9bdf6c4c-鼓盆歌.res[39m[0m
[  46% ] [90m[1msavepack[22m | 正在保存文件：res://.godot/exported/133200997/export-1ebdc87f359471d67310774ddb8b3841-夏氏炼丹术及其祖传秘方.res[39m[0m
[  46% ] [90m[1msavepack[22m | 正在保存文件：res://.godot/exported/133200997/export-ebffc3ae85434cd3b80b9d139b85f3a1-《黑暗传》.res[39m[0m
[  46% ] [90m[1msavepack[22m | 正在保存文件：res://.godot/exported/133200997/export-6cdb4cccaca4f9e5f8d3824d3b73b86e-唢呐艺术.res[39m[0m
[  46% ] [90m[1msavepack[22m | 正在保存文件：res://.godot/exported/133200997/export-49ffa2916cde9ae4f04a681ca7620946-老河口丝弦.res[39m[0m
[  46% ] [90m[1msavepack[22m | 正在保存文件：res://.godot/exported/133200997/export-86d5068a8f1a57fe5a068683f97fe0e7-老河口木版年画.res[39m[0m
[  46% ] [90m[1msavepack[22m | 正在保存文件：res://.godot/exported/133200997/export-06c513f29c66d72466294f5d13633ffd-牌子锣.res[39m[0m
[  46% ] [90m[1msavepack[22m | 正在保存文件：res://.godot/exported/133200997/export-d66da3106f67aac50dd167b089a14947-鄂州雕花剪纸.res[39m[0m
[  46% ] [90m[1msavepack[22m | 正在保存文件：res://.godot/exported/133200997/export-a7dc0f5efbf172b9a107d518d880ef5c-花鼓戏.res[39m[0m
[  46% ] [90m[1msavepack[22m | 正在保存文件：res://.godot/exported/133200997/export-c39e6d2bafdbca869b62911c2ea02368-随州炎帝祭典.res[39m[0m
[  46% ] [90m[1msavepack[22m | 正在保存文件：res://.godot/exported/133200997/export-e896deafb76919eedfaf7fbe8962b83f-岳家拳.res[39m[0m
[  46% ] [90m[1msavepack[22m | 正在保存文件：res://.godot/exported/133200997/export-429fdb576249970e30a4d3a9a11fc273-李时珍传说.res[39m[0m
[  47% ] [90m[1msavepack[22m | 正在保存文件：res://.godot/exported/133200997/export-2df6380e01a8c80d550e0fd486538d77-湖北大鼓.res[39m[0m
[  47% ] [90m[1msavepack[22m | 正在保存文件：res://.godot/exported/133200997/export-343c2b424829b63df7c47cf9f15d82bf-禅宗祖师传说.res[39m[0m
[  47% ] [90m[1msavepack[22m | 正在保存文件：res://.godot/exported/133200997/export-1eed0c63ed6d1cf92ee33ef641659d36-红安绣活.res[39m[0m
[  47% ] [90m[1msavepack[22m | 正在保存文件：res://.godot/exported/133200997/export-ff5036fffe59b6f5287d2cd67d8bcfa0-黄梅戏.res[39m[0m
[  47% ] [90m[1msavepack[22m | 正在保存文件：res://.godot/exported/133200997/export-73b1bc76e57e3a4e6045ed5fac757294-黄梅挑花.res[39m[0m
[  47% ] [90m[1msavepack[22m | 正在保存文件：res://.godot/exported/133200997/export-357ec792c8a7e7a54e27424dc71bb088-大冶石雕.res[39m[0m
[  47% ] [90m[1msavepack[22m | 正在保存文件：res://.godot/exported/133200997/export-b964d91ed8834196e39e0d1a690aa4ff-西塞神舟会.res[39m[0m
[  47% ] [90m[1msavepack[22m | 正在保存文件：res://.godot/exported/133200997/export-44270078fa63acc252ac508c1faf78ca-采茶戏.res[39m[0m
[  47% ] [90m[1msavepack[22m | 正在保存文件：res://.godot/exported/133200997/export-a030a60d4481218fcf968325c62d632f-阳新布贴.res[39m[0m
[  47% ] [90m[1msavepack[22m | 正在保存文件：res://.godot/exported/133200997/export-acc2ca6ea685e37f8da37e0a064de1a2-三合汤.res[39m[0m
[  47% ] [90m[1msavepack[22m | 正在保存文件：res://.godot/exported/133200997/export-f2dd603b55016fb3522c5d284be6b7bd-三游神仙鸡.res[39m[0m
[  47% ] [90m[1msavepack[22m | 正在保存文件：res://.godot/exported/133200997/export-d57ae93999976e7925c234ac522786ca-东坡饼.res[39m[0m
[  47% ] [90m[1msavepack[22m | 正在保存文件：res://.godot/exported/133200997/export-748d8e7053ad874d06601ecf8d18562c-云梦鱼面.res[39m[0m
[  47% ] [90m[1msavepack[22m | 正在保存文件：res://.godot/exported/133200997/export-d0fc37bef19a7536bc67af9684e5ba06-千张扣肉.res[39m[0m
[  47% ] [90m[1msavepack[22m | 正在保存文件：res://.godot/exported/133200997/export-a39c5e8594cdac47fd70a40ffe529040-印子粑.res[39m[0m
[  47% ] [90m[1msavepack[22m | 正在保存文件：res://.godot/exported/133200997/export-72c49aea3bf12e62b43702b85bfa01af-嘉鱼麻糖.res[39m[0m
[  47% ] [90m[1msavepack[22m | 正在保存文件：res://.godot/exported/133200997/export-04b8d5009527e743a023165671d08e62-团风狗脚.res[39m[0m
[  47% ] [90m[1msavepack[22m | 正在保存文件：res://.godot/exported/133200997/export-de594f4f72dea6b82afb160fc56258d7-土家抬格子.res[39m[0m
[  47% ] [90m[1msavepack[22m | 正在保存文件：res://.godot/exported/133200997/export-323637fdc9f69f7d75945f2cf52d6421-土家油茶汤.res[39m[0m
[  48% ] [90m[1msavepack[22m | 正在保存文件：res://.godot/exported/133200997/export-2276b169cb250d4f3265708e4cb061ba-土家腊肉.res[39m[0m
[  48% ] [90m[1msavepack[22m | 正在保存文件：res://.godot/exported/133200997/export-5d3a8924fca7b4754f1927b33b101192-天门三蒸.res[39m[0m
[  48% ] [90m[1msavepack[22m | 正在保存文件：res://.godot/exported/133200997/export-5d7b94bc228b8a2ae9ad9dd5fe4c7c57-孔明菜.res[39m[0m
[  48% ] [90m[1msavepack[22m | 正在保存文件：res://.godot/exported/133200997/export-cfc1f5029e4c85b83421f0a5eed7366c-孝感米酒（神霖牌）.res[39m[0m
[  48% ] [90m[1msavepack[22m | 正在保存文件：res://.godot/exported/133200997/export-d39865b92a8f453a3466c45f851d6e0d-安陆金银花露.res[39m[0m
[  48% ] [90m[1msavepack[22m | 正在保存文件：res://.godot/exported/133200997/export-0f0d4f857bce6df0fffe8b856a6200f9-官渡五香豆腐干.res[39m[0m
[  48% ] [90m[1msavepack[22m | 正在保存文件：res://.godot/exported/133200997/export-ecf18ed90368de6686a5512c30891645-宜城板鸭.res[39m[0m
[  48% ] [90m[1msavepack[22m | 正在保存文件：res://.godot/exported/133200997/export-826da41f4ff34c6d4e48bb55266d759a-宜昌小面.res[39m[0m
[  48% ] [90m[1msavepack[22m | 正在保存文件：res://.godot/exported/133200997/export-96c36cbb1488e4a37bd2b5e0ff8fa358-尚香风干鸡.res[39m[0m
[  48% ] [90m[1msavepack[22m | 正在保存文件：res://.godot/exported/133200997/export-47263c88c63d8a0b63efa803816bf441-广水滑肉.res[39m[0m
[  48% ] [90m[1msavepack[22m | 正在保存文件：res://.godot/exported/133200997/export-302ffc22d35d9437f622add76e53a434-张关合渣.res[39m[0m
[  48% ] [90m[1msavepack[22m | 正在保存文件：res://.godot/exported/133200997/export-66b25138934ed58144fd92a44ca845c2-房县黄酒.res[39m[0m
[  48% ] [90m[1msavepack[22m | 正在保存文件：res://.godot/exported/133200997/export-0bf5cd02105aac08f92eeb997ef51371-杜家鸡.res[39m[0m
[  48% ] [90m[1msavepack[22m | 正在保存文件：res://.godot/exported/133200997/export-13d0c034536b30bdb0bd24625047db64-松花皮蛋.res[39m[0m
[  48% ] [90m[1msavepack[22m | 正在保存文件：res://.godot/exported/133200997/export-d57e5baf48ebb9ad75c4af0e82d3cac8-枣阳酸浆面.res[39m[0m
[  48% ] [90m[1msavepack[22m | 正在保存文件：res://.godot/exported/133200997/export-26adae0ebe44fe8ba89f268f42050cca-柏杨豆干.res[39m[0m
[  48% ] [90m[1msavepack[22m | 正在保存文件：res://.godot/exported/133200997/export-eea1d5926dc39685f9236c49be153021-格格.res[39m[0m
[  48% ] [90m[1msavepack[22m | 正在保存文件：res://.godot/exported/133200997/export-990990194512adf77c50bda69cf39426-榨广椒.res[39m[0m
[  48% ] [90m[1msavepack[22m | 正在保存文件：res://.godot/exported/133200997/export-e517d5eec7cb0baf1097e81b0a2c28f1-武穴佛手山药.res[39m[0m
[  49% ] [90m[1msavepack[22m | 正在保存文件：res://.godot/exported/133200997/export-a23c974fb3392db6dff547be81a96f96-武穴酥糖.res[39m[0m
[  49% ] [90m[1msavepack[22m | 正在保存文件：res://.godot/exported/133200997/export-d0a6efffb5f34b3b3d46b78793c2b52d-毛嘴卤鸡.res[39m[0m
[  49% ] [90m[1msavepack[22m | 正在保存文件：res://.godot/exported/133200997/export-ac2343ecabfc84ce9a4cd2cff1a1e041-沔阳三蒸.res[39m[0m
[  49% ] [90m[1msavepack[22m | 正在保存文件：res://.godot/exported/133200997/export-e1073aaf865b9ad2f14e0545b102fd60-沙窝豆丝.res[39m[0m
[  49% ] [90m[1msavepack[22m | 正在保存文件：res://.godot/exported/133200997/export-6810939ad2517686919f80006ff9b287-油焖大虾.res[39m[0m
[  49% ] [90m[1msavepack[22m | 正在保存文件：res://.godot/exported/133200997/export-285ffc69ab03c1b484c85ea54db5997b-热干面.res[39m[0m
[  49% ] [90m[1msavepack[22m | 正在保存文件：res://.godot/exported/133200997/export-c757d4c3507bd40733667a479cbf7626-皮条鳝鱼（竹节鳝鱼）.res[39m[0m
[  49% ] [90m[1msavepack[22m | 正在保存文件：res://.godot/exported/133200997/export-3084b88c4ab5ab6e4dc9fe2ad8334580-矮子馅饼.res[39m[0m
[  49% ] [90m[1msavepack[22m | 正在保存文件：res://.godot/exported/133200997/export-068d7597e3636901ff2dc1c5aab585c7-神农架腊肉.res[39m[0m
[  49% ] [90m[1msavepack[22m | 正在保存文件：res://.godot/exported/133200997/export-aeadfd98bcb6d2ed08c6a684bc2962f7-神豆腐.res[39m[0m
[  49% ] [90m[1msavepack[22m | 正在保存文件：res://.godot/exported/133200997/export-9a1a452eb6e951814084232d20265f2e-竹山懒豆腐.res[39m[0m
[  49% ] [90m[1msavepack[22m | 正在保存文件：res://.godot/exported/133200997/export-fe6fb51def9ecae5ce4b1ae8374a8a6d-竹溪碗糕.res[39m[0m
[  49% ] [90m[1msavepack[22m | 正在保存文件：res://.godot/exported/133200997/export-14e45ca7c79a0bbb35d46437d21c2efc-精武鸭脖.res[39m[0m
[  49% ] [90m[1msavepack[22m | 正在保存文件：res://.godot/exported/133200997/export-727d679db3114659917c6763410ce2af-花园红烧肉.res[39m[0m
[  49% ] [90m[1msavepack[22m | 正在保存文件：res://.godot/exported/133200997/export-b5100adb341d21d97e3e4fe29ad03b70-英山鱼面.res[39m[0m
[  49% ] [90m[1msavepack[22m | 正在保存文件：res://.godot/exported/133200997/export-933bb90dbe61796716cd8af8c81096fd-荆州鱼糕.res[39m[0m
[  49% ] [90m[1msavepack[22m | 正在保存文件：res://.godot/exported/133200997/export-5a5b1d1de58dfa04cb0e969c2fbdcbb5-荆门三蒸.res[39m[0m
[  49% ] [90m[1msavepack[22m | 正在保存文件：res://.godot/exported/133200997/export-6b94e514b9a88fdd71b9a63386c28f8d-荆门雪枣.res[39m[0m
[  49% ] [90m[1msavepack[22m | 正在保存文件：res://.godot/exported/133200997/export-e07b732de1084ad748cd86661b1010c3-蒿子粑粑.res[39m[0m
[  50% ] [90m[1msavepack[22m | 正在保存文件：res://.godot/exported/133200997/export-d0fd90f634de0bec9974adea43f86401-蕲春酸米粉.res[39m[0m
[  50% ] [90m[1msavepack[22m | 正在保存文件：res://.godot/exported/133200997/export-b6667b52ffcb6b1cf0a7c62e10775252-襄阳三镶盘.res[39m[0m
[  50% ] [90m[1msavepack[22m | 正在保存文件：res://.godot/exported/133200997/export-a160469b1b36c5bd3126a3bfb8c4e5bf-襄阳缠蹄.res[39m[0m
[  50% ] [90m[1msavepack[22m | 正在保存文件：res://.godot/exported/133200997/export-0459aa1083507e0d3a480d8547d81a5c-赤壁肉糕.res[39m[0m
[  50% ] [90m[1msavepack[22m | 正在保存文件：res://.godot/exported/133200997/export-7172593549b524f72d48732b13cfce3e-通山包坨.res[39m[0m
[  50% ] [90m[1msavepack[22m | 正在保存文件：res://.godot/exported/133200997/export-8d39ae3b8b3b3495435e31feeb28ab4c-鄂州鱼丸.res[39m[0m
[  50% ] [90m[1msavepack[22m | 正在保存文件：res://.godot/exported/133200997/export-3e22e09fefc64482280d586d399f3927-随州三鲜.res[39m[0m
[  50% ] [90m[1msavepack[22m | 正在保存文件：res://.godot/exported/133200997/export-a2076a82e2cfd36bc823cac79c2c6a08-随州蜜枣.res[39m[0m
[  50% ] [90m[1msavepack[22m | 正在保存文件：res://.godot/exported/133200997/export-70d37ca03e7bd81f7e371076c18e4f06-青砖茶.res[39m[0m
[  50% ] [90m[1msavepack[22m | 正在保存文件：res://.godot/exported/133200997/export-2b81bc77dc531afe7eb7b3d7f756c691-麻城肉糕.res[39m[0m
[  50% ] [90m[1msavepack[22m | 正在保存文件：res://.godot/exported/133200997/export-935c35df4416a2023983a2a0dd4cbc7b-黄州东坡肉.res[39m[0m
[  50% ] [90m[1msavepack[22m | 正在保存文件：res://.godot/exported/133200997/export-0982316ee4ff22a6acdd7b6bb07da8e8-黄石港饼.res[39m[0m
[  50% ] [90m[1msavepack[22m | 正在保存文件：res://InheritanceTasks/Art/Pixel/v3/shenzhou-camera-manifest.json[39m[0m
[  50% ] [90m[1msavepack[22m | 正在保存文件：res://InheritanceTasks/Art/Pixel/v3/story-detail-v4-manifest.json[39m[0m
[  50% ] [90m[1msavepack[22m | 正在保存文件：res://InheritanceTasks/Art/Pixel/v3/tujia_saye_erhe-manifest.json[39m[0m
[  50% ] [90m[1msavepack[22m | 正在保存文件：res://InheritanceTasks/Art/Pixel/v3/xingshan-manifest.json[39m[0m
[  50% ] [90m[1msavepack[22m | 正在保存文件：res://InheritanceTasks/Art/Pixel/v3/xingshan_min_ge-manifest.json[39m[0m
[  50% ] [90m[1msavepack[22m | 正在保存文件：res://.godot/imported/sing-recorded.wav-07069ddd255c1198fb66ffd8ea19e43c.sample[39m[0m
[  50% ] [90m[1msavepack[22m | 正在保存文件：res://InheritanceTasks/Audio/rhythm-v4/sing-recorded.wav.import[39m[0m
[  50% ] [90m[1msavepack[22m | 正在保存文件：res://.godot/imported/switch-lesson-0.ogg-093abe885092b9843d806a006bf9a744.oggvorbisstr[39m[0m
[  50% ] [90m[1msavepack[22m | 正在保存文件：res://InheritanceTasks/Audio/rhythm-v4/switch-lesson-0.ogg.import[39m[0m
[  50% ] [90m[1msavepack[22m | 正在保存文件：res://InheritanceTasks/Art/Pixel/v3/story-manifest.json[39m[0m
[  51% ] [90m[1msavepack[22m | 正在保存文件：res://InheritanceTasks/Art/Pixel/v3/sugar-manifest.json[39m[0m
[  51% ] [90m[1msavepack[22m | 正在保存文件：res://InheritanceTasks/Art/Pixel/v3/ti_qin_xi-manifest.json[39m[0m
[  51% ] [90m[1msavepack[22m | 正在保存文件：res://.godot/imported/switch-lesson-1.ogg-7c0ea4c67a54d18380d6ff771c2aec20.oggvorbisstr[39m[0m
[  51% ] [90m[1msavepack[22m | 正在保存文件：res://InheritanceTasks/Audio/rhythm-v4/switch-lesson-1.ogg.import[39m[0m
[  51% ] [90m[1msavepack[22m | 正在保存文件：res://.godot/imported/ti_qin_xi-continuous.ogg-00a9343dead2b9ed05e992da2b0f37db.oggvorbisstr[39m[0m
[  51% ] [90m[1msavepack[22m | 正在保存文件：res://InheritanceTasks/Audio/rhythm-v4/ti_qin_xi-continuous.ogg.import[39m[0m
[  51% ] [90m[1msavepack[22m | 正在保存文件：res://.godot/imported/tujia_saye_erhe-continuous.ogg-70a5cbacfe06b9bf7afa0e7ee72ef93c.oggvorbisstr[39m[0m
[  51% ] [90m[1msavepack[22m | 正在保存文件：res://InheritanceTasks/Audio/rhythm-v4/tujia_saye_erhe-continuous.ogg.import[39m[0m
[  51% ] [90m[1msavepack[22m | 正在保存文件：res://InheritanceTasks/Audio/water-cow-v1/manifest.json[39m[0m
[  51% ] [90m[1msavepack[22m | 正在保存文件：res://.godot/imported/sing-lesson-1.ogg-62f63369a708e6a59585f1af25c5b8ec.oggvorbisstr[39m[0m
[  51% ] [90m[1msavepack[22m | 正在保存文件：res://InheritanceTasks/Audio/rhythm-v4/sing-lesson-1.ogg.import[39m[0m
[  51% ] [90m[1msavepack[22m | 正在保存文件：res://HUDs/GameResultOverlay/game_result_overlay.gdc[39m[0m
[  51% ] [90m[1msavepack[22m | 正在保存文件：res://.godot/exported/133200997/export-e2bb8e63fa48dc93cc1f0d4948f49f88-game_result_overlay.scn[39m[0m
[  51% ] [90m[1msavepack[22m | 正在保存文件：res://HUDs/PauseOverlay/pause_overlay.gdc[39m[0m
[  51% ] [90m[1msavepack[22m | 正在保存文件：res://.godot/exported/133200997/export-25e456db2cd4bc5a41d15ab985a21681-pause_overlay.scn[39m[0m
[  51% ] [90m[1msavepack[22m | 正在保存文件：res://HUDs/card_dissolve.gdshader[39m[0m
[  51% ] [90m[1msavepack[22m | 正在保存文件：res://HUDs/card_hand_animator.gdc[39m[0m
[  51% ] [90m[1msavepack[22m | 正在保存文件：res://.godot/exported/133200997/export-4bac4d0b6e013b2e17a3b7128af3f051-card_hand_animator.scn[39m[0m
[  51% ] [90m[1msavepack[22m | 正在保存文件：res://HUDs/event_overlay.gdc[39m[0m
[  51% ] [90m[1msavepack[22m | 正在保存文件：res://.godot/exported/133200997/export-1b71ee17ec0025dc868f4898a154416e-event_overlay.scn[39m[0m
[  51% ] [90m[1msavepack[22m | 正在保存文件：res://HUDs/event_presentation_director.gdc[39m[0m
[  51% ] [90m[1msavepack[22m | 正在保存文件：res://HUDs/food_card_view.gdc[39m[0m
[  51% ] [90m[1msavepack[22m | 正在保存文件：res://HUDs/food_tooltip.gdc[39m[0m
[  52% ] [90m[1msavepack[22m | 正在保存文件：res://HUDs/hud.gdc[39m[0m
[  52% ] [90m[1msavepack[22m | 正在保存文件：res://.godot/exported/133200997/export-84cafcdd542adbe492d6af6716dc744d-HUD.scn[39m[0m
[  52% ] [90m[1msavepack[22m | 正在保存文件：res://HUDs/top_icon_button.gdc[39m[0m
[  52% ] [90m[1msavepack[22m | 正在保存文件：res://HUDs/事件牌缩略图.gdc[39m[0m
[  52% ] [90m[1msavepack[22m | 正在保存文件：res://.godot/exported/133200997/export-d5079f8d4954c41a46e14c5b3cc5b759-事件牌缩略图.scn[39m[0m
[  52% ] [90m[1msavepack[22m | 正在保存文件：res://HUDs/商店弹窗.gdc[39m[0m
[  52% ] [90m[1msavepack[22m | 正在保存文件：res://.godot/exported/133200997/export-5695b4fd6b8475a0a6c38a48c083ce8e-商店弹窗.scn[39m[0m
[  52% ] [90m[1msavepack[22m | 正在保存文件：res://HUDs/成就牌缩略图.gdc[39m[0m
[  52% ] [90m[1msavepack[22m | 正在保存文件：res://.godot/exported/133200997/export-ecc25d5c1616faa9746bdf325ab16000-成就牌缩略图.scn[39m[0m
[  52% ] [90m[1msavepack[22m | 正在保存文件：res://HUDs/成就获得提示.gdc[39m[0m
[  52% ] [90m[1msavepack[22m | 正在保存文件：res://.godot/exported/133200997/export-e860eb3daaeca603d7be08791e3633d5-成就获得提示.scn[39m[0m
[  52% ] [90m[1msavepack[22m | 正在保存文件：res://HUDs/成就详情弹窗.gdc[39m[0m
[  52% ] [90m[1msavepack[22m | 正在保存文件：res://.godot/exported/133200997/export-d87d1c9c7a0dfb11a2cf224562864681-成就详情弹窗.scn[39m[0m
[  52% ] [90m[1msavepack[22m | 正在保存文件：res://HUDs/研究所弹窗.gdc[39m[0m
[  52% ] [90m[1msavepack[22m | 正在保存文件：res://.godot/exported/133200997/export-0323bc51f2513af1a6ab563e07d5d4c8-研究所弹窗.scn[39m[0m
[  52% ] [90m[1msavepack[22m | 正在保存文件：res://HUDs/职业技能提示.gdc[39m[0m
[  52% ] [90m[1msavepack[22m | 正在保存文件：res://.godot/exported/133200997/export-a2f0f10b45ccfb4dce72ef74ccecd9b9-职业技能提示.scn[39m[0m
[  52% ] [90m[1msavepack[22m | 正在保存文件：res://HUDs/职业抽牌弹窗.gdc[39m[0m
[  52% ] [90m[1msavepack[22m | 正在保存文件：res://.godot/exported/133200997/export-9e8f32dc688c1526a9880d2599f345d5-职业抽牌弹窗.scn[39m[0m
[  53% ] [90m[1msavepack[22m | 正在保存文件：res://HUDs/职业详情弹窗.gdc[39m[0m
[  53% ] [90m[1msavepack[22m | 正在保存文件：res://.godot/exported/133200997/export-c8af183b4d66fb676c2ca7e966b1d73b-职业详情弹窗.scn[39m[0m
[  53% ] [90m[1msavepack[22m | 正在保存文件：res://HUDs/计分详情弹窗.gdc[39m[0m
[  53% ] [90m[1msavepack[22m | 正在保存文件：res://.godot/exported/133200997/export-0308e054187c234d2efb172e21ef0832-计分详情弹窗.scn[39m[0m
[  53% ] [90m[1msavepack[22m | 正在保存文件：res://HUDs/非遗牌缩略图.gdc[39m[0m
[  53% ] [90m[1msavepack[22m | 正在保存文件：res://.godot/exported/133200997/export-cfe4ffc9f028d43eb19abefe9d9c0327-非遗牌缩略图.scn[39m[0m
[  53% ] [90m[1msavepack[22m | 正在保存文件：res://HUDs/非遗详情弹窗.gdc[39m[0m
[  53% ] [90m[1msavepack[22m | 正在保存文件：res://.godot/exported/133200997/export-ea82c14be2e38cf8e69e5a206c630841-非遗详情弹窗.scn[39m[0m
[  53% ] [90m[1msavepack[22m | 正在保存文件：res://.godot/exported/133200997/export-d36f179ab9826be9fdbf29a4d6c9b25f-食物效果选择弹窗.scn[39m[0m
[  53% ] [90m[1msavepack[22m | 正在保存文件：res://HUDs/食物背包弹窗.gdc[39m[0m
[  53% ] [90m[1msavepack[22m | 正在保存文件：res://.godot/exported/133200997/export-edfeff2c6c73acb14b9ea84767c68c72-食物背包弹窗.scn[39m[0m
[  53% ] [90m[1msavepack[22m | 正在保存文件：res://InheritanceTasks/AudioNative/chuwuzhi_audio.gdextension[39m[0m
[  53% ] [90m[1msavepack[22m | 正在保存文件：res://InheritanceTasks/Charts/gu_pen_ge.json[39m[0m
[  53% ] [90m[1msavepack[22m | 正在保存文件：res://.godot/exported/133200997/export-67a92de234e3aa304fa1da44e24ad53b-gu_pen_ge.res[39m[0m
[  53% ] [90m[1msavepack[22m | 正在保存文件：res://InheritanceTasks/Charts/han_ju.json[39m[0m
[  53% ] [90m[1msavepack[22m | 正在保存文件：res://.godot/exported/133200997/export-1c23bdaa8dcb63de627511757c9e424f-han_ju.res[39m[0m
[  53% ] [90m[1msavepack[22m | 正在保存文件：res://InheritanceTasks/Charts/jingzhou_hua_gu_xi.json[39m[0m
[  53% ] [90m[1msavepack[22m | 正在保存文件：res://.godot/exported/133200997/export-82b0cb9c2a28e3a3e5bdd2f966968231-jingzhou_hua_gu_xi.res[39m[0m
[  53% ] [90m[1msavepack[22m | 正在保存文件：res://InheritanceTasks/Charts/laohekou_si_xian.json[39m[0m
[  54% ] [90m[1msavepack[22m | 正在保存文件：res://.godot/exported/133200997/export-2cb650b5174ab404ef3757877ae32bd2-laohekou_si_xian.res[39m[0m
[  54% ] [90m[1msavepack[22m | 正在保存文件：res://InheritanceTasks/Charts/ti_qin_xi.json[39m[0m
[  54% ] [90m[1msavepack[22m | 正在保存文件：res://.godot/exported/133200997/export-42ad1e76ad48457db9cb0e9c37fd4f9a-ti_qin_xi.res[39m[0m
[  54% ] [90m[1msavepack[22m | 正在保存文件：res://InheritanceTasks/Charts/tujia_saye_erhe.json[39m[0m
[  54% ] [90m[1msavepack[22m | 正在保存文件：res://.godot/exported/133200997/export-4453a504ce83be68d2edac12cc1a173d-tujia_saye_erhe.res[39m[0m
[  54% ] [90m[1msavepack[22m | 正在保存文件：res://InheritanceTasks/Common/heritage_beat_calibration.gdc[39m[0m
[  54% ] [90m[1msavepack[22m | 正在保存文件：res://InheritanceTasks/Common/heritage_input_profile.gdc[39m[0m
[  54% ] [90m[1msavepack[22m | 正在保存文件：res://InheritanceTasks/Common/heritage_minigame_preferences.gdc[39m[0m
[  54% ] [90m[1msavepack[22m | 正在保存文件：res://InheritanceTasks/Common/heritage_music_chart.gdc[39m[0m
[  54% ] [90m[1msavepack[22m | 正在保存文件：res://InheritanceTasks/Common/heritage_music_clock.gdc[39m[0m
[  54% ] [90m[1msavepack[22m | 正在保存文件：res://InheritanceTasks/Common/heritage_music_judge.gdc[39m[0m
[  54% ] [90m[1msavepack[22m | 正在保存文件：res://InheritanceTasks/Common/heritage_performance_task.gdc[39m[0m
[  54% ] [90m[1msavepack[22m | 正在保存文件：res://InheritanceTasks/Common/heritage_performance_timeline.gdc[39m[0m
[  54% ] [90m[1msavepack[22m | 正在保存文件：res://InheritanceTasks/Common/heritage_stage_task.gdc[39m[0m
[  54% ] [90m[1msavepack[22m | 正在保存文件：res://InheritanceTasks/Common/heritage_task_base.gdc[39m[0m
[  54% ] [90m[1msavepack[22m | 正在保存文件：res://.godot/exported/133200997/export-869b8347d832abd96eee813bdf4b0981-dong_yong_chuanshuo.res[39m[0m
[  54% ] [90m[1msavepack[22m | 正在保存文件：res://.godot/exported/133200997/export-b21c9e1dc0c06b720beeaa851859369d-ezhou_diaohua_jianzhi.res[39m[0m
[  54% ] [90m[1msavepack[22m | 正在保存文件：res://.godot/exported/133200997/export-ad578262323321b611c5398c26ce863a-gu_pen_ge.res[39m[0m
[  54% ] [90m[1msavepack[22m | 正在保存文件：res://.godot/exported/133200997/export-3f584fbef579b6481233e4cb10126db5-han_ju.res[39m[0m
[  55% ] [90m[1msavepack[22m | 正在保存文件：res://.godot/exported/133200997/export-abf1f42c709a724be42f28b6b00c3536-huangmei_xi.res[39m[0m
[  55% ] [90m[1msavepack[22m | 正在保存文件：res://.godot/exported/133200997/export-c434336db17e93005aa8803817e5d8fc-jingzhou_hua_gu_xi.res[39m[0m
[  55% ] [90m[1msavepack[22m | 正在保存文件：res://.godot/exported/133200997/export-428b9f8f73335c6865fcf408725f2e83-laohekou_si_xian.res[39m[0m
[  55% ] [90m[1msavepack[22m | 正在保存文件：res://.godot/exported/133200997/export-f966f142bbd135133f32ab4ce0ab862f-tianmen_tang_su.res[39m[0m
[  55% ] [90m[1msavepack[22m | 正在保存文件：res://.godot/exported/133200997/export-24d8619eab50b1ae68cdfda6c910fe99-ti_qin_xi.res[39m[0m
[  55% ] [90m[1msavepack[22m | 正在保存文件：res://.godot/exported/133200997/export-b91c2700073ea4ed0911cb8148bfad2a-tujia_saye_erhe.res[39m[0m
[  55% ] [90m[1msavepack[22m | 正在保存文件：res://.godot/exported/133200997/export-e606837ac71414126b1b23f882d3b7f6-xiabaoping_minjian_gushi.res[39m[0m
[  55% ] [90m[1msavepack[22m | 正在保存文件：res://.godot/exported/133200997/export-c42750359cc858d3179667cd5bfa2819-xia_lian_dan_shu.res[39m[0m
[  55% ] [90m[1msavepack[22m | 正在保存文件：res://.godot/exported/133200997/export-50104826b0d222b3cb4c78d9fddab4d9-xingshan_min_ge.res[39m[0m
[  55% ] [90m[1msavepack[22m | 正在保存文件：res://.godot/exported/133200997/export-d6a1aa85810dbbadc2499b8d8091473e-xisai_shenzhou_hui.res[39m[0m
[  55% ] [90m[1msavepack[22m | 正在保存文件：res://.godot/exported/133200997/export-965082c98d77e3dd027f80f21587c914-yandi_shennong_chuanshuo.res[39m[0m
[  55% ] [90m[1msavepack[22m | 正在保存文件：res://InheritanceTasks/Common/huangmei_melody_alignment.gdc[39m[0m
[  55% ] [90m[1msavepack[22m | 正在保存文件：res://InheritanceTasks/Common/huangmei_vocal_similarity.gdc[39m[0m
[  55% ] [90m[1msavepack[22m | 正在保存文件：res://InheritanceTasks/Common/onnx_crepe_vocal_scorer.gdc[39m[0m
[  55% ] [90m[1msavepack[22m | 正在保存文件：res://InheritanceTasks/Common/vocal_scorer.gdc[39m[0m
[  55% ] [90m[1msavepack[22m | 正在保存文件：res://InheritanceTasks/Data/heritage_avatar_appearance.gdc[39m[0m
[  55% ] [90m[1msavepack[22m | 正在保存文件：res://InheritanceTasks/Data/heritage_avatar_catalog.gdc[39m[0m
[  55% ] [90m[1msavepack[22m | 正在保存文件：res://InheritanceTasks/Data/heritage_task_attempt.gdc[39m[0m
[  55% ] [90m[1msavepack[22m | 正在保存文件：res://InheritanceTasks/Data/heritage_task_definition.gdc[39m[0m
[  55% ] [90m[1msavepack[22m | 正在保存文件：res://InheritanceTasks/Data/heritage_task_presentation.gdc[39m[0m
[  56% ] [90m[1msavepack[22m | 正在保存文件：res://.godot/imported/dong_yong_chuanshuo.png-41d9a19c6fa558874d7e8b604f01ef6c.ctex[39m[0m
[  56% ] [90m[1msavepack[22m | 正在保存文件：res://InheritanceTasks/Art/Pixel/v1/runtime/covers/dong_yong_chuanshuo.png.import[39m[0m
[  56% ] [90m[1msavepack[22m | 正在保存文件：res://.godot/imported/ezhou_diaohua_jianzhi.png-1af673119be553da33ee3db4127ab466.ctex[39m[0m
[  56% ] [90m[1msavepack[22m | 正在保存文件：res://InheritanceTasks/Art/Pixel/v1/runtime/covers/ezhou_diaohua_jianzhi.png.import[39m[0m
[  56% ] [90m[1msavepack[22m | 正在保存文件：res://.godot/imported/gu_pen_ge.png-baa7929e06e43c166f4c4dd3d946afef.ctex[39m[0m
[  56% ] [90m[1msavepack[22m | 正在保存文件：res://InheritanceTasks/Art/Pixel/v1/runtime/covers/gu_pen_ge.png.import[39m[0m
[  56% ] [90m[1msavepack[22m | 正在保存文件：res://.godot/imported/han_ju.png-0bcd77992247f03b3e92ffe072bccf2e.ctex[39m[0m
[  56% ] [90m[1msavepack[22m | 正在保存文件：res://InheritanceTasks/Art/Pixel/v1/runtime/covers/han_ju.png.import[39m[0m
[  56% ] [90m[1msavepack[22m | 正在保存文件：res://.godot/imported/huangmei_xi.png-65486417da89adf9d4da64acf91ddc86.ctex[39m[0m
[  56% ] [90m[1msavepack[22m | 正在保存文件：res://InheritanceTasks/Art/Pixel/v1/runtime/covers/huangmei_xi.png.import[39m[0m
[  56% ] [90m[1msavepack[22m | 正在保存文件：res://.godot/imported/jingzhou_hua_gu_xi.png-604876f0331ae81c30075cb51d5fc7fa.ctex[39m[0m
[  56% ] [90m[1msavepack[22m | 正在保存文件：res://InheritanceTasks/Art/Pixel/v1/runtime/covers/jingzhou_hua_gu_xi.png.import[39m[0m
[  56% ] [90m[1msavepack[22m | 正在保存文件：res://.godot/imported/laohekou_si_xian.png-59823a414575cd37a437ca72619942cb.ctex[39m[0m
[  56% ] [90m[1msavepack[22m | 正在保存文件：res://InheritanceTasks/Art/Pixel/v1/runtime/covers/laohekou_si_xian.png.import[39m[0m
[  56% ] [90m[1msavepack[22m | 正在保存文件：res://.godot/imported/tianmen_tang_su.png-af1e2a122484b157110dac1dbf665be8.ctex[39m[0m
[  56% ] [90m[1msavepack[22m | 正在保存文件：res://InheritanceTasks/Art/Pixel/v1/runtime/covers/tianmen_tang_su.png.import[39m[0m
[  56% ] [90m[1msavepack[22m | 正在保存文件：res://.godot/imported/ti_qin_xi.png-60124ef9198f24cc49f273f35b0b9750.ctex[39m[0m
[  56% ] [90m[1msavepack[22m | 正在保存文件：res://InheritanceTasks/Art/Pixel/v1/runtime/covers/ti_qin_xi.png.import[39m[0m
[  56% ] [90m[1msavepack[22m | 正在保存文件：res://.godot/imported/tujia_saye_erhe.png-8c18900b688c9906d25c986d0283412d.ctex[39m[0m
[  56% ] [90m[1msavepack[22m | 正在保存文件：res://InheritanceTasks/Art/Pixel/v1/runtime/covers/tujia_saye_erhe.png.import[39m[0m
[  56% ] [90m[1msavepack[22m | 正在保存文件：res://.godot/imported/xiabaoping_minjian_gushi.png-c9b5691cf8cc6e15102430401332e811.ctex[39m[0m
[  56% ] [90m[1msavepack[22m | 正在保存文件：res://InheritanceTasks/Art/Pixel/v1/runtime/covers/xiabaoping_minjian_gushi.png.import[39m[0m
[  56% ] [90m[1msavepack[22m | 正在保存文件：res://.godot/imported/xia_lian_dan_shu.png-9b367fd8835a4a6f3f090865171bce05.ctex[39m[0m
[  56% ] [90m[1msavepack[22m | 正在保存文件：res://InheritanceTasks/Art/Pixel/v1/runtime/covers/xia_lian_dan_shu.png.import[39m[0m
[  56% ] [90m[1msavepack[22m | 正在保存文件：res://.godot/imported/xingshan_min_ge.png-22b4775ffd01b17f495add6910fada42.ctex[39m[0m
[  56% ] [90m[1msavepack[22m | 正在保存文件：res://InheritanceTasks/Art/Pixel/v1/runtime/covers/xingshan_min_ge.png.import[39m[0m
[  56% ] [90m[1msavepack[22m | 正在保存文件：res://.godot/imported/xisai_shenzhou_hui.png-18291d02a14d85fd5382bc525fdd87da.ctex[39m[0m
[  56% ] [90m[1msavepack[22m | 正在保存文件：res://InheritanceTasks/Art/Pixel/v1/runtime/covers/xisai_shenzhou_hui.png.import[39m[0m
[  56% ] [90m[1msavepack[22m | 正在保存文件：res://.godot/imported/yandi_shennong_chuanshuo.png-895ad2d4f4084fa63874c4d36531a16f.ctex[39m[0m
[  56% ] [90m[1msavepack[22m | 正在保存文件：res://InheritanceTasks/Art/Pixel/v1/runtime/covers/yandi_shennong_chuanshuo.png.import[39m[0m
[  56% ] [90m[1msavepack[22m | 正在保存文件：res://InheritanceTasks/Art/Pixel/v1/runtime/craft/anchors.json[39m[0m
[  56% ] [90m[1msavepack[22m | 正在保存文件：res://.godot/imported/ezhou_diaohua_jianzhi-artwork.png-faec27c4e7698f847a95447bf300bf8b.ctex[39m[0m
[  56% ] [90m[1msavepack[22m | 正在保存文件：res://InheritanceTasks/Art/Pixel/v1/runtime/craft/ezhou_diaohua_jianzhi-artwork.png.import[39m[0m
[  56% ] [90m[1msavepack[22m | 正在保存文件：res://.godot/imported/ezhou_diaohua_jianzhi-avatars.png-4aea101ab8c76081a40d0e7021991c3c.ctex[39m[0m
[  56% ] [90m[1msavepack[22m | 正在保存文件：res://InheritanceTasks/Art/Pixel/v1/runtime/craft/ezhou_diaohua_jianzhi-avatars.png.import[39m[0m
[  56% ] [90m[1msavepack[22m | 正在保存文件：res://.godot/imported/ezhou_diaohua_jianzhi-background.png-9628951d2a8b32b06171eaaaefdec37c.ctex[39m[0m
[  56% ] [90m[1msavepack[22m | 正在保存文件：res://InheritanceTasks/Art/Pixel/v1/runtime/craft/ezhou_diaohua_jianzhi-background.png.import[39m[0m
[  57% ] [90m[1msavepack[22m | 正在保存文件：res://.godot/imported/ezhou_diaohua_jianzhi-hands.png-60504cd67b32b34af57a454405edefed.ctex[39m[0m
[  57% ] [90m[1msavepack[22m | 正在保存文件：res://InheritanceTasks/Art/Pixel/v1/runtime/craft/ezhou_diaohua_jianzhi-hands.png.import[39m[0m
[  57% ] [90m[1msavepack[22m | 正在保存文件：res://.godot/imported/gu_pen_ge-avatars.png-cc28d7505a6d8c141dff2853cfde1c86.ctex[39m[0m
[  57% ] [90m[1msavepack[22m | 正在保存文件：res://InheritanceTasks/Art/Pixel/v1/runtime/craft/gu_pen_ge-avatars.png.import[39m[0m
[  57% ] [90m[1msavepack[22m | 正在保存文件：res://.godot/imported/gu_pen_ge-background.png-3ebecc7b66c3eff370e0c06dd30ff600.ctex[39m[0m
[  57% ] [90m[1msavepack[22m | 正在保存文件：res://InheritanceTasks/Art/Pixel/v1/runtime/craft/gu_pen_ge-background.png.import[39m[0m
[  57% ] [90m[1msavepack[22m | 正在保存文件：res://.godot/imported/gu_pen_ge-teacher.png-9df121ef22b2a4638f63fe56c39914f1.ctex[39m[0m
[  57% ] [90m[1msavepack[22m | 正在保存文件：res://InheritanceTasks/Art/Pixel/v1/runtime/craft/gu_pen_ge-teacher.png.import[39m[0m
[  57% ] [90m[1msavepack[22m | 正在保存文件：res://.godot/imported/huangmei_xi-avatars.png-7f201a771c2c91e44c5252a0b0e74c61.ctex[39m[0m
[  57% ] [90m[1msavepack[22m | 正在保存文件：res://InheritanceTasks/Art/Pixel/v1/runtime/craft/huangmei_xi-avatars.png.import[39m[0m
[  57% ] [90m[1msavepack[22m | 正在保存文件：res://.godot/imported/huangmei_xi-closed.png-bcac0b370e9ea4ed991d8248c0f1a5b0.ctex[39m[0m
[  57% ] [90m[1msavepack[22m | 正在保存文件：res://InheritanceTasks/Art/Pixel/v1/runtime/craft/huangmei_xi-closed.png.import[39m[0m
[  57% ] [90m[1msavepack[22m | 正在保存文件：res://.godot/imported/huangmei_xi-open.png-f937bcc16e0aa7205413d2a3f7304c56.ctex[39m[0m
[  57% ] [90m[1msavepack[22m | 正在保存文件：res://InheritanceTasks/Art/Pixel/v1/runtime/craft/huangmei_xi-open.png.import[39m[0m
[  57% ] [90m[1msavepack[22m | 正在保存文件：res://.godot/imported/tianmen_tang_su-avatars.png-b0926c36645953a6224f6a293e58756d.ctex[39m[0m
[  57% ] [90m[1msavepack[22m | 正在保存文件：res://InheritanceTasks/Art/Pixel/v1/runtime/craft/tianmen_tang_su-avatars.png.import[39m[0m
[  57% ] [90m[1msavepack[22m | 正在保存文件：res://.godot/imported/tianmen_tang_su-background.png-bba2727b22c5a938fd4553dccd0ba5f9.ctex[39m[0m
[  57% ] [90m[1msavepack[22m | 正在保存文件：res://InheritanceTasks/Art/Pixel/v1/runtime/craft/tianmen_tang_su-background.png.import[39m[0m
[  57% ] [90m[1msavepack[22m | 正在保存文件：res://.godot/imported/tianmen_tang_su-bubbles.png-01bc19c24e8ca4e7c21a9ad7e5efc273.ctex[39m[0m
[  57% ] [90m[1msavepack[22m | 正在保存文件：res://InheritanceTasks/Art/Pixel/v1/runtime/craft/tianmen_tang_su-bubbles.png.import[39m[0m
[  57% ] [90m[1msavepack[22m | 正在保存文件：res://.godot/imported/avatars.png-4e1d1f658343edad5124e88e044a6e26.ctex[39m[0m
[  57% ] [90m[1msavepack[22m | 正在保存文件：res://InheritanceTasks/Art/Pixel/v1/runtime/dong_yong_chuanshuo/avatars.png.import[39m[0m
[  57% ] [90m[1msavepack[22m | 正在保存文件：res://.godot/imported/background-0.png-1719698d73958208ba93015978325353.ctex[39m[0m
[  57% ] [90m[1msavepack[22m | 正在保存文件：res://InheritanceTasks/Art/Pixel/v1/runtime/dong_yong_chuanshuo/background-0.png.import[39m[0m
[  57% ] [90m[1msavepack[22m | 正在保存文件：res://.godot/imported/bundle.png-b4fc3afa19ec3d83da6ba9e35a621072.ctex[39m[0m
[  57% ] [90m[1msavepack[22m | 正在保存文件：res://InheritanceTasks/Art/Pixel/v1/runtime/dong_yong_chuanshuo/bundle.png.import[39m[0m
[  57% ] [90m[1msavepack[22m | 正在保存文件：res://.godot/imported/cart.png-09c3484f9d6d595a41a594fb02929e2b.ctex[39m[0m
[  57% ] [90m[1msavepack[22m | 正在保存文件：res://InheritanceTasks/Art/Pixel/v1/runtime/dong_yong_chuanshuo/cart.png.import[39m[0m
[  57% ] [90m[1msavepack[22m | 正在保存文件：res://.godot/imported/father.png-38b6a51f64e88d3a8b1088f95f4690a9.ctex[39m[0m
[  57% ] [90m[1msavepack[22m | 正在保存文件：res://InheritanceTasks/Art/Pixel/v1/runtime/dong_yong_chuanshuo/father.png.import[39m[0m
[  57% ] [90m[1msavepack[22m | 正在保存文件：res://InheritanceTasks/Art/Pixel/v1/runtime/dong_yong_chuanshuo/hand-anchors.json[39m[0m
[  57% ] [90m[1msavepack[22m | 正在保存文件：res://.godot/imported/wheel.png-e5b0cb60da6ad6bc6d058a3177d28c02.ctex[39m[0m
[  57% ] [90m[1msavepack[22m | 正在保存文件：res://InheritanceTasks/Art/Pixel/v1/runtime/dong_yong_chuanshuo/wheel.png.import[39m[0m
[  57% ] [90m[1msavepack[22m | 正在保存文件：res://InheritanceTasks/Data/heritage_task_result.gdc[39m[0m
[  57% ] [90m[1msavepack[22m | 正在保存文件：res://InheritanceTasks/Data/heritage_task_run_context.gdc[39m[0m
[  58% ] [90m[1msavepack[22m | 正在保存文件：res://InheritanceTasks/Data/heritage_task_use_check.gdc[39m[0m
[  58% ] [90m[1msavepack[22m | 正在保存文件：res://InheritanceTasks/Data/paper-cut-geometry-v3.json[39m[0m
[  58% ] [90m[1msavepack[22m | 正在保存文件：res://InheritanceTasks/Data/paper-cut-geometry-v4.json[39m[0m
[  58% ] [90m[1msavepack[22m | 正在保存文件：res://.godot/imported/portrait.png-ff17c4fad6664de54051032cf7159c38.ctex[39m[0m
[  58% ] [90m[1msavepack[22m | 正在保存文件：res://InheritanceTasks/Art/Pixel/v1/runtime/identities/adventure/portrait.png.import[39m[0m
[  58% ] [90m[1msavepack[22m | 正在保存文件：res://InheritanceTasks/Data/paper_cut_pattern.gdc[39m[0m
[  58% ] [90m[1msavepack[22m | 正在保存文件：res://InheritanceTasks/Data/shenzhou_escort_route.gdc[39m[0m
[  58% ] [90m[1msavepack[22m | 正在保存文件：res://InheritanceTasks/Data/story-puzzle-bank-v1.json[39m[0m
[  58% ] [90m[1msavepack[22m | 正在保存文件：res://InheritanceTasks/Data/story_puzzle_catalog.gdc[39m[0m
[  58% ] [90m[1msavepack[22m | 正在保存文件：res://.godot/exported/133200997/export-0e7346432252ea1d79b725db86311635-dong_yong_chuanshuo.res[39m[0m
[  58% ] [90m[1msavepack[22m | 正在保存文件：res://.godot/exported/133200997/export-69618ad80b19bfbbdae16d714f7a325f-ezhou_diaohua_jianzhi.res[39m[0m
[  58% ] [90m[1msavepack[22m | 正在保存文件：res://.godot/exported/133200997/export-1ded97b0546536db4c7922f8b1a3360b-gu_pen_ge.res[39m[0m
[  58% ] [90m[1msavepack[22m | 正在保存文件：res://.godot/imported/portrait.png-1e6252ee5eed5b6719af8d92a105161f.ctex[39m[0m
[  58% ] [90m[1msavepack[22m | 正在保存文件：res://InheritanceTasks/Art/Pixel/v1/runtime/identities/business/portrait.png.import[39m[0m
[  58% ] [90m[1msavepack[22m | 正在保存文件：res://.godot/exported/133200997/export-cfcf0bf76dd08e9e50e660474dcc1277-han_ju.res[39m[0m
[  58% ] [90m[1msavepack[22m | 正在保存文件：res://.godot/exported/133200997/export-f6be6d30ca9b405eb673f898ecf826ec-huangmei_xi.res[39m[0m
[  58% ] [90m[1msavepack[22m | 正在保存文件：res://.godot/exported/133200997/export-3c724efeeae320fbf268ed043e826545-jingzhou_hua_gu_xi.res[39m[0m
[  58% ] [90m[1msavepack[22m | 正在保存文件：res://.godot/exported/133200997/export-31b6571b39be328eed5e2cc6f327cabb-laohekou_si_xian.res[39m[0m
[  58% ] [90m[1msavepack[22m | 正在保存文件：res://.godot/exported/133200997/export-71fe3fee44d796f6b2e5f445b097292a-tianmen_tang_su.res[39m[0m
[  58% ] [90m[1msavepack[22m | 正在保存文件：res://.godot/exported/133200997/export-bc12269e62b381a4c2e4615e6cbf48a1-ti_qin_xi.res[39m[0m
[  58% ] [90m[1msavepack[22m | 正在保存文件：res://.godot/exported/133200997/export-214c56e15650c200877bbf3021d257a5-tujia_saye_erhe.res[39m[0m
[  59% ] [90m[1msavepack[22m | 正在保存文件：res://.godot/imported/portrait.png-dbbbb9060314cdefa6a410e4997732d6.ctex[39m[0m
[  59% ] [90m[1msavepack[22m | 正在保存文件：res://InheritanceTasks/Art/Pixel/v1/runtime/identities/food/portrait.png.import[39m[0m
[  59% ] [90m[1msavepack[22m | 正在保存文件：res://.godot/exported/133200997/export-ba6153bec8e22076674c03bbda5cdfd7-xiabaoping_minjian_gushi.res[39m[0m
[  59% ] [90m[1msavepack[22m | 正在保存文件：res://.godot/exported/133200997/export-298f76282f7f985169737241266f0949-xia_lian_dan_shu.res[39m[0m
[  59% ] [90m[1msavepack[22m | 正在保存文件：res://.godot/exported/133200997/export-a41c54256992c256fbe0d1264c6cb52f-xingshan_min_ge.res[39m[0m
[  59% ] [90m[1msavepack[22m | 正在保存文件：res://.godot/exported/133200997/export-8618eead271243d13a5d60f0e7e69ee5-xisai_shenzhou_hui.res[39m[0m
[  59% ] [90m[1msavepack[22m | 正在保存文件：res://.godot/exported/133200997/export-1bd56c1f0a68af6c4ed6ada23ce89e54-yandi_shennong_chuanshuo.res[39m[0m
[  59% ] [90m[1msavepack[22m | 正在保存文件：res://InheritanceTasks/Presentation/Stages/dong_yong_chuanshuo_pixel.gdc[39m[0m
[  59% ] [90m[1msavepack[22m | 正在保存文件：res://.godot/exported/133200997/export-26c3a0ff659ecd31c76cd40d63207ff7-dong_yong_chuanshuo_pixel.scn[39m[0m
[  59% ] [90m[1msavepack[22m | 正在保存文件：res://.godot/imported/portrait.png-14cdd7b29ebf77585e9eb723d5155d2e.ctex[39m[0m
[  59% ] [90m[1msavepack[22m | 正在保存文件：res://InheritanceTasks/Art/Pixel/v1/runtime/identities/life/portrait.png.import[39m[0m
[  59% ] [90m[1msavepack[22m | 正在保存文件：res://InheritanceTasks/Presentation/Stages/ezhou_diaohua_jianzhi_pixel.gdc[39m[0m
[  59% ] [90m[1msavepack[22m | 正在保存文件：res://.godot/exported/133200997/export-8e6379e81260a475383eb0c9109c52d6-ezhou_diaohua_jianzhi_pixel.scn[39m[0m
[  59% ] [90m[1msavepack[22m | 正在保存文件：res://InheritanceTasks/Presentation/Stages/gu_pen_ge_pixel.gdc[39m[0m
[  59% ] [90m[1msavepack[22m | 正在保存文件：res://.godot/exported/133200997/export-74238d799573af8bb0daa2412f3db249-gu_pen_ge_pixel.scn[39m[0m
[  59% ] [90m[1msavepack[22m | 正在保存文件：res://InheritanceTasks/Presentation/Stages/han_ju_pixel.gdc[39m[0m
[  59% ] [90m[1msavepack[22m | 正在保存文件：res://.godot/exported/133200997/export-44642410816e0d913304c2600f38e870-han_ju_pixel.scn[39m[0m
[  59% ] [90m[1msavepack[22m | 正在保存文件：res://InheritanceTasks/Presentation/Stages/huangmei_xi_pixel.gdc[39m[0m
[  59% ] [90m[1msavepack[22m | 正在保存文件：res://.godot/imported/portrait.png-d950c933c2a8ac01d239457d9a4e597c.ctex[39m[0m
[  59% ] [90m[1msavepack[22m | 正在保存文件：res://InheritanceTasks/Art/Pixel/v1/runtime/identities/magic/portrait.png.import[39m[0m
[  59% ] [90m[1msavepack[22m | 正在保存文件：res://.godot/exported/133200997/export-420ba7cb7f182be3df3b88d4eccd5356-huangmei_xi_pixel.scn[39m[0m
[  59% ] [90m[1msavepack[22m | 正在保存文件：res://InheritanceTasks/Presentation/Stages/jingzhou_hua_gu_xi_pixel.gdc[39m[0m
[  60% ] [90m[1msavepack[22m | 正在保存文件：res://.godot/exported/133200997/export-825061a4db2e3700dc1e5a02573dc70d-jingzhou_hua_gu_xi_pixel.scn[39m[0m
[  60% ] [90m[1msavepack[22m | 正在保存文件：res://InheritanceTasks/Presentation/Stages/laohekou_si_xian_pixel.gdc[39m[0m
[  60% ] [90m[1msavepack[22m | 正在保存文件：res://.godot/exported/133200997/export-715dcc1e9c591c80cfd0b608a906c622-laohekou_si_xian_pixel.scn[39m[0m
[  60% ] [90m[1msavepack[22m | 正在保存文件：res://InheritanceTasks/Presentation/Stages/tianmen_tang_su_pixel.gdc[39m[0m
[  60% ] [90m[1msavepack[22m | 正在保存文件：res://.godot/exported/133200997/export-ad9084afce218269092e07d4a1dad6d8-tianmen_tang_su_pixel.scn[39m[0m
[  60% ] [90m[1msavepack[22m | 正在保存文件：res://.godot/imported/portrait.png-60d5f0fe993411ba8015a30488e1cc6f.ctex[39m[0m
[  60% ] [90m[1msavepack[22m | 正在保存文件：res://InheritanceTasks/Art/Pixel/v1/runtime/identities/travel/portrait.png.import[39m[0m
[  60% ] [90m[1msavepack[22m | 正在保存文件：res://InheritanceTasks/Presentation/Stages/ti_qin_xi_pixel.gdc[39m[0m
[  60% ] [90m[1msavepack[22m | 正在保存文件：res://.godot/exported/133200997/export-ea66cdddbf41fcef8570508adf9d58cb-ti_qin_xi_pixel.scn[39m[0m
[  60% ] [90m[1msavepack[22m | 正在保存文件：res://.godot/imported/panel-1-pose-1.png-d3ea073039e210e4628d1ae018348479.ctex[39m[0m
[  60% ] [90m[1msavepack[22m | 正在保存文件：res://InheritanceTasks/Art/Pixel/v1/runtime/story/v2/panel-1-pose-1.png.import[39m[0m
[  60% ] [90m[1msavepack[22m | 正在保存文件：res://.godot/imported/panel-1-pose-2.png-51d2a81fe228fd685b696e19e25f163d.ctex[39m[0m
[  60% ] [90m[1msavepack[22m | 正在保存文件：res://InheritanceTasks/Art/Pixel/v1/runtime/story/v2/panel-1-pose-2.png.import[39m[0m
[  60% ] [90m[1msavepack[22m | 正在保存文件：res://.godot/imported/panel-1-pose-3.png-98a1209eb4162ca78a996a778cfa4fdc.ctex[39m[0m
[  60% ] [90m[1msavepack[22m | 正在保存文件：res://InheritanceTasks/Art/Pixel/v1/runtime/story/v2/panel-1-pose-3.png.import[39m[0m
[  60% ] [90m[1msavepack[22m | 正在保存文件：res://.godot/imported/panel-2-pose-1.png-1154feb326ad8d591f97760f5ce9bccc.ctex[39m[0m
[  60% ] [90m[1msavepack[22m | 正在保存文件：res://InheritanceTasks/Art/Pixel/v1/runtime/story/v2/panel-2-pose-1.png.import[39m[0m
[  60% ] [90m[1msavepack[22m | 正在保存文件：res://.godot/imported/panel-2-pose-2.png-70de2ec04b406a3c83e679808bc7adb3.ctex[39m[0m
[  60% ] [90m[1msavepack[22m | 正在保存文件：res://InheritanceTasks/Art/Pixel/v1/runtime/story/v2/panel-2-pose-2.png.import[39m[0m
[  60% ] [90m[1msavepack[22m | 正在保存文件：res://.godot/imported/panel-2-pose-3.png-c5d87b4504d0e9af16ae60680a5c9816.ctex[39m[0m
[  60% ] [90m[1msavepack[22m | 正在保存文件：res://InheritanceTasks/Art/Pixel/v1/runtime/story/v2/panel-2-pose-3.png.import[39m[0m
[  60% ] [90m[1msavepack[22m | 正在保存文件：res://.godot/imported/panel-3-pose-1.png-42c962bf68b30927df8e561993c21191.ctex[39m[0m
[  60% ] [90m[1msavepack[22m | 正在保存文件：res://InheritanceTasks/Art/Pixel/v1/runtime/story/v2/panel-3-pose-1.png.import[39m[0m
[  60% ] [90m[1msavepack[22m | 正在保存文件：res://.godot/imported/panel-3-pose-2.png-c35aee5f8e05d892224ee283d0c1f834.ctex[39m[0m
[  60% ] [90m[1msavepack[22m | 正在保存文件：res://InheritanceTasks/Art/Pixel/v1/runtime/story/v2/panel-3-pose-2.png.import[39m[0m
[  60% ] [90m[1msavepack[22m | 正在保存文件：res://.godot/imported/panel-3-pose-3.png-8e2ea981334617e6b77eda421dded6e5.ctex[39m[0m
[  60% ] [90m[1msavepack[22m | 正在保存文件：res://InheritanceTasks/Art/Pixel/v1/runtime/story/v2/panel-3-pose-3.png.import[39m[0m
[  60% ] [90m[1msavepack[22m | 正在保存文件：res://.godot/imported/panel-4-pose-1.png-f3461c3eb929e0e9077050b318e5a7e2.ctex[39m[0m
[  60% ] [90m[1msavepack[22m | 正在保存文件：res://InheritanceTasks/Art/Pixel/v1/runtime/story/v2/panel-4-pose-1.png.import[39m[0m
[  60% ] [90m[1msavepack[22m | 正在保存文件：res://.godot/imported/panel-4-pose-2.png-8ed53ac035a3ea5af81928b0664edf40.ctex[39m[0m
[  60% ] [90m[1msavepack[22m | 正在保存文件：res://InheritanceTasks/Art/Pixel/v1/runtime/story/v2/panel-4-pose-2.png.import[39m[0m
[  60% ] [90m[1msavepack[22m | 正在保存文件：res://.godot/imported/panel-4-pose-3.png-15bd93af1d324dcd63a032b720df9b44.ctex[39m[0m
[  60% ] [90m[1msavepack[22m | 正在保存文件：res://InheritanceTasks/Art/Pixel/v1/runtime/story/v2/panel-4-pose-3.png.import[39m[0m
[  61% ] [90m[1msavepack[22m | 正在保存文件：res://.godot/imported/avatars.png-9bd1c8162d1d53bac10b661881278231.ctex[39m[0m
[  61% ] [90m[1msavepack[22m | 正在保存文件：res://InheritanceTasks/Art/Pixel/v1/runtime/story/avatars.png.import[39m[0m
[  61% ] [90m[1msavepack[22m | 正在保存文件：res://.godot/imported/background.png-c0af17b1bc825041ebfcbd4e8e4a40a1.ctex[39m[0m
[  61% ] [90m[1msavepack[22m | 正在保存文件：res://InheritanceTasks/Art/Pixel/v1/runtime/story/background.png.import[39m[0m
[  61% ] [90m[1msavepack[22m | 正在保存文件：res://.godot/imported/card-1.png-1bccc3b5a070ed7e220ea8cc1c812a72.ctex[39m[0m
[  61% ] [90m[1msavepack[22m | 正在保存文件：res://InheritanceTasks/Art/Pixel/v1/runtime/story/card-1.png.import[39m[0m
[  61% ] [90m[1msavepack[22m | 正在保存文件：res://.godot/imported/card-2.png-19fc610613662579144c4236fea05e36.ctex[39m[0m
[  61% ] [90m[1msavepack[22m | 正在保存文件：res://InheritanceTasks/Art/Pixel/v1/runtime/story/card-2.png.import[39m[0m
[  61% ] [90m[1msavepack[22m | 正在保存文件：res://.godot/imported/card-3.png-890e7d1e56cfe157bea6b02d0081339f.ctex[39m[0m
[  61% ] [90m[1msavepack[22m | 正在保存文件：res://InheritanceTasks/Art/Pixel/v1/runtime/story/card-3.png.import[39m[0m
[  61% ] [90m[1msavepack[22m | 正在保存文件：res://.godot/imported/card-4.png-5625b2027780655f72bfa97add9c0ac9.ctex[39m[0m
[  61% ] [90m[1msavepack[22m | 正在保存文件：res://InheritanceTasks/Art/Pixel/v1/runtime/story/card-4.png.import[39m[0m
[  61% ] [90m[1msavepack[22m | 正在保存文件：res://.godot/imported/panel-1.png-36c5a3c3b617a07f63e57d0dd0de436f.ctex[39m[0m
[  61% ] [90m[1msavepack[22m | 正在保存文件：res://InheritanceTasks/Art/Pixel/v1/runtime/story/panel-1.png.import[39m[0m
[  61% ] [90m[1msavepack[22m | 正在保存文件：res://.godot/imported/panel-2.png-787c682340a075b70b75010b7a6ae312.ctex[39m[0m
[  61% ] [90m[1msavepack[22m | 正在保存文件：res://InheritanceTasks/Art/Pixel/v1/runtime/story/panel-2.png.import[39m[0m
[  61% ] [90m[1msavepack[22m | 正在保存文件：res://.godot/imported/panel-3.png-bcaf00596911c8695bbb31e5a785f554.ctex[39m[0m
[  61% ] [90m[1msavepack[22m | 正在保存文件：res://InheritanceTasks/Art/Pixel/v1/runtime/story/panel-3.png.import[39m[0m
[  61% ] [90m[1msavepack[22m | 正在保存文件：res://.godot/imported/panel-4.png-ed9bd8994c75966c9397df5fe57d025b.ctex[39m[0m
[  61% ] [90m[1msavepack[22m | 正在保存文件：res://InheritanceTasks/Art/Pixel/v1/runtime/story/panel-4.png.import[39m[0m
[  61% ] [90m[1msavepack[22m | 正在保存文件：res://.godot/imported/body.png-0370b73c4f3f768f639ec16686f1b045.ctex[39m[0m
[  61% ] [90m[1msavepack[22m | 正在保存文件：res://InheritanceTasks/Art/Pixel/v1/runtime/tiqin-bow-v2/adventure/body.png.import[39m[0m
[  61% ] [90m[1msavepack[22m | 正在保存文件：res://.godot/imported/bow.png-1605b5243e27871cb4f5fac8392214e6.ctex[39m[0m
[  61% ] [90m[1msavepack[22m | 正在保存文件：res://InheritanceTasks/Art/Pixel/v1/runtime/tiqin-bow-v2/adventure/bow.png.import[39m[0m
[  61% ] [90m[1msavepack[22m | 正在保存文件：res://.godot/imported/forearm_hand.png-9c9d68d47d8752080baf57ea1ae5f0ff.ctex[39m[0m
[  61% ] [90m[1msavepack[22m | 正在保存文件：res://InheritanceTasks/Art/Pixel/v1/runtime/tiqin-bow-v2/adventure/forearm_hand.png.import[39m[0m
[  61% ] [90m[1msavepack[22m | 正在保存文件：res://.godot/imported/upper_arm.png-6736a4f38bc4f0dd564184378e75452e.ctex[39m[0m
[  61% ] [90m[1msavepack[22m | 正在保存文件：res://InheritanceTasks/Art/Pixel/v1/runtime/tiqin-bow-v2/adventure/upper_arm.png.import[39m[0m
[  61% ] [90m[1msavepack[22m | 正在保存文件：res://.godot/imported/body.png-9b44524f473695cb93a39debbaf30b3a.ctex[39m[0m
[  61% ] [90m[1msavepack[22m | 正在保存文件：res://InheritanceTasks/Art/Pixel/v1/runtime/tiqin-bow-v2/business/body.png.import[39m[0m
[  61% ] [90m[1msavepack[22m | 正在保存文件：res://.godot/imported/bow.png-aa4c587e62631c4ecfcb420575608406.ctex[39m[0m
[  61% ] [90m[1msavepack[22m | 正在保存文件：res://InheritanceTasks/Art/Pixel/v1/runtime/tiqin-bow-v2/business/bow.png.import[39m[0m
[  61% ] [90m[1msavepack[22m | 正在保存文件：res://.godot/imported/forearm_hand.png-4e7dafede1e383435ebe026fd8fa67ad.ctex[39m[0m
[  61% ] [90m[1msavepack[22m | 正在保存文件：res://InheritanceTasks/Art/Pixel/v1/runtime/tiqin-bow-v2/business/forearm_hand.png.import[39m[0m
[  61% ] [90m[1msavepack[22m | 正在保存文件：res://.godot/imported/upper_arm.png-2bf483b959a87b7f2130c8cfa3b37338.ctex[39m[0m
[  61% ] [90m[1msavepack[22m | 正在保存文件：res://InheritanceTasks/Art/Pixel/v1/runtime/tiqin-bow-v2/business/upper_arm.png.import[39m[0m
[  61% ] [90m[1msavepack[22m | 正在保存文件：res://.godot/imported/body.png-c70570549fb89e4d2afd1d70e30bb025.ctex[39m[0m
[  61% ] [90m[1msavepack[22m | 正在保存文件：res://InheritanceTasks/Art/Pixel/v1/runtime/tiqin-bow-v2/food/body.png.import[39m[0m
[  62% ] [90m[1msavepack[22m | 正在保存文件：res://.godot/imported/bow.png-fe8c93cafcdb9bfed7e97b7a0ec5a0ee.ctex[39m[0m
[  62% ] [90m[1msavepack[22m | 正在保存文件：res://InheritanceTasks/Art/Pixel/v1/runtime/tiqin-bow-v2/food/bow.png.import[39m[0m
[  62% ] [90m[1msavepack[22m | 正在保存文件：res://.godot/imported/forearm_hand.png-b0f38f5a120874001af47fa76fab3695.ctex[39m[0m
[  62% ] [90m[1msavepack[22m | 正在保存文件：res://InheritanceTasks/Art/Pixel/v1/runtime/tiqin-bow-v2/food/forearm_hand.png.import[39m[0m
[  62% ] [90m[1msavepack[22m | 正在保存文件：res://.godot/imported/upper_arm.png-faff2adefdcfee08556407eebc7aeafd.ctex[39m[0m
[  62% ] [90m[1msavepack[22m | 正在保存文件：res://InheritanceTasks/Art/Pixel/v1/runtime/tiqin-bow-v2/food/upper_arm.png.import[39m[0m
[  62% ] [90m[1msavepack[22m | 正在保存文件：res://.godot/imported/body.png-e3d7150029419ddf24a807c56b6758f5.ctex[39m[0m
[  62% ] [90m[1msavepack[22m | 正在保存文件：res://InheritanceTasks/Art/Pixel/v1/runtime/tiqin-bow-v2/life/body.png.import[39m[0m
[  62% ] [90m[1msavepack[22m | 正在保存文件：res://.godot/imported/bow.png-d3edb6edc78e30b3cf9f5acbf2ea5441.ctex[39m[0m
[  62% ] [90m[1msavepack[22m | 正在保存文件：res://InheritanceTasks/Art/Pixel/v1/runtime/tiqin-bow-v2/life/bow.png.import[39m[0m
[  62% ] [90m[1msavepack[22m | 正在保存文件：res://.godot/imported/forearm_hand.png-8fe09e4f18834cc96eaa36c4c92e241b.ctex[39m[0m
[  62% ] [90m[1msavepack[22m | 正在保存文件：res://InheritanceTasks/Art/Pixel/v1/runtime/tiqin-bow-v2/life/forearm_hand.png.import[39m[0m
[  62% ] [90m[1msavepack[22m | 正在保存文件：res://.godot/imported/upper_arm.png-ce0f38ebec1ff3151f47df30c9681ca5.ctex[39m[0m
[  62% ] [90m[1msavepack[22m | 正在保存文件：res://InheritanceTasks/Art/Pixel/v1/runtime/tiqin-bow-v2/life/upper_arm.png.import[39m[0m
[  62% ] [90m[1msavepack[22m | 正在保存文件：res://.godot/imported/body.png-af10056a1b29928972dfe43bd9309419.ctex[39m[0m
[  62% ] [90m[1msavepack[22m | 正在保存文件：res://InheritanceTasks/Art/Pixel/v1/runtime/tiqin-bow-v2/magic/body.png.import[39m[0m
[  62% ] [90m[1msavepack[22m | 正在保存文件：res://.godot/imported/bow.png-b15159595146b39f268e8ef3e7606f07.ctex[39m[0m
[  62% ] [90m[1msavepack[22m | 正在保存文件：res://InheritanceTasks/Art/Pixel/v1/runtime/tiqin-bow-v2/magic/bow.png.import[39m[0m
[  62% ] [90m[1msavepack[22m | 正在保存文件：res://.godot/imported/forearm_hand.png-56ad6d4ae9efde58afa3a19532683863.ctex[39m[0m
[  62% ] [90m[1msavepack[22m | 正在保存文件：res://InheritanceTasks/Art/Pixel/v1/runtime/tiqin-bow-v2/magic/forearm_hand.png.import[39m[0m
[  62% ] [90m[1msavepack[22m | 正在保存文件：res://.godot/imported/upper_arm.png-f8a44d32445a31566f2018bad11ea818.ctex[39m[0m
[  62% ] [90m[1msavepack[22m | 正在保存文件：res://InheritanceTasks/Art/Pixel/v1/runtime/tiqin-bow-v2/magic/upper_arm.png.import[39m[0m
[  62% ] [90m[1msavepack[22m | 正在保存文件：res://.godot/imported/body.png-fff4f55ab270647921ddefac2bf41f30.ctex[39m[0m
[  62% ] [90m[1msavepack[22m | 正在保存文件：res://InheritanceTasks/Art/Pixel/v1/runtime/tiqin-bow-v2/travel/body.png.import[39m[0m
[  62% ] [90m[1msavepack[22m | 正在保存文件：res://.godot/imported/bow.png-7603f720afd00ff524d452d5962d7c9d.ctex[39m[0m
[  62% ] [90m[1msavepack[22m | 正在保存文件：res://InheritanceTasks/Art/Pixel/v1/runtime/tiqin-bow-v2/travel/bow.png.import[39m[0m
[  62% ] [90m[1msavepack[22m | 正在保存文件：res://.godot/imported/forearm_hand.png-ea40fe5ae6a12256564831d523896108.ctex[39m[0m
[  62% ] [90m[1msavepack[22m | 正在保存文件：res://InheritanceTasks/Art/Pixel/v1/runtime/tiqin-bow-v2/travel/forearm_hand.png.import[39m[0m
[  62% ] [90m[1msavepack[22m | 正在保存文件：res://.godot/imported/upper_arm.png-24bab81a34524b0cbb1d5ededd006b1f.ctex[39m[0m
[  62% ] [90m[1msavepack[22m | 正在保存文件：res://InheritanceTasks/Art/Pixel/v1/runtime/tiqin-bow-v2/travel/upper_arm.png.import[39m[0m
[  62% ] [90m[1msavepack[22m | 正在保存文件：res://InheritanceTasks/Art/Pixel/v1/runtime/tiqin-bow-v2/anchors.json[39m[0m
[  62% ] [90m[1msavepack[22m | 正在保存文件：res://.godot/imported/avatars.png-50e38c351825dcbd961551b3582234ae.ctex[39m[0m
[  62% ] [90m[1msavepack[22m | 正在保存文件：res://InheritanceTasks/Art/Pixel/v1/runtime/xingshan_min_ge/avatars.png.import[39m[0m
[  62% ] [90m[1msavepack[22m | 正在保存文件：res://.godot/imported/background-0.png-10f6eb555aa4ba3d1f99205eddf26082.ctex[39m[0m
[  62% ] [90m[1msavepack[22m | 正在保存文件：res://InheritanceTasks/Art/Pixel/v1/runtime/xingshan_min_ge/background-0.png.import[39m[0m
[  62% ] [90m[1msavepack[22m | 正在保存文件：res://.godot/imported/background-1.png-87cc1a30225b28066b96448a4295b74f.ctex[39m[0m
[  62% ] [90m[1msavepack[22m | 正在保存文件：res://InheritanceTasks/Art/Pixel/v1/runtime/xingshan_min_ge/background-1.png.import[39m[0m
[  63% ] [90m[1msavepack[22m | 正在保存文件：res://.godot/imported/background-2.png-876720e41844ac27703b2be2c73f6e36.ctex[39m[0m
[  63% ] [90m[1msavepack[22m | 正在保存文件：res://InheritanceTasks/Art/Pixel/v1/runtime/xingshan_min_ge/background-2.png.import[39m[0m
[  63% ] [90m[1msavepack[22m | 正在保存文件：res://.godot/imported/background-3.png-3bdac98d3a64052ab40949613f6c9df4.ctex[39m[0m
[  63% ] [90m[1msavepack[22m | 正在保存文件：res://InheritanceTasks/Art/Pixel/v1/runtime/xingshan_min_ge/background-3.png.import[39m[0m
[  63% ] [90m[1msavepack[22m | 正在保存文件：res://.godot/imported/bird.png-5bd3a9bc51410ae4b85bae081135f83c.ctex[39m[0m
[  63% ] [90m[1msavepack[22m | 正在保存文件：res://InheritanceTasks/Art/Pixel/v1/runtime/xingshan_min_ge/bird.png.import[39m[0m
[  63% ] [90m[1msavepack[22m | 正在保存文件：res://.godot/imported/gate-bottom.png-54ed4cfd2e950e042aa4db3dd70e001a.ctex[39m[0m
[  63% ] [90m[1msavepack[22m | 正在保存文件：res://InheritanceTasks/Art/Pixel/v1/runtime/xingshan_min_ge/gate-bottom.png.import[39m[0m
[  63% ] [90m[1msavepack[22m | 正在保存文件：res://.godot/imported/gate-top.png-2745b44fe287b649d4416365956fd84c.ctex[39m[0m
[  63% ] [90m[1msavepack[22m | 正在保存文件：res://InheritanceTasks/Art/Pixel/v1/runtime/xingshan_min_ge/gate-top.png.import[39m[0m
[  63% ] [90m[1msavepack[22m | 正在保存文件：res://.godot/imported/avatars.png-beb52017f27c6aec7a1d8b1befdc2454.ctex[39m[0m
[  63% ] [90m[1msavepack[22m | 正在保存文件：res://InheritanceTasks/Art/Pixel/v1/runtime/xisai_shenzhou_hui/avatars.png.import[39m[0m
[  63% ] [90m[1msavepack[22m | 正在保存文件：res://.godot/imported/background-0.png-43e433603c4966da7406eed7be39fc6d.ctex[39m[0m
[  63% ] [90m[1msavepack[22m | 正在保存文件：res://InheritanceTasks/Art/Pixel/v1/runtime/xisai_shenzhou_hui/background-0.png.import[39m[0m
[  63% ] [90m[1msavepack[22m | 正在保存文件：res://.godot/imported/boat.png-f9cc890e07b8149614f9d82378d73442.ctex[39m[0m
[  63% ] [90m[1msavepack[22m | 正在保存文件：res://InheritanceTasks/Art/Pixel/v1/runtime/xisai_shenzhou_hui/boat.png.import[39m[0m
[  63% ] [90m[1msavepack[22m | 正在保存文件：res://.godot/imported/avatars.png-e86080c97663c6db0724bf693b7f8f08.ctex[39m[0m
[  63% ] [90m[1msavepack[22m | 正在保存文件：res://InheritanceTasks/Art/Pixel/v1/runtime/yandi_shennong_chuanshuo/avatars.png.import[39m[0m
[  63% ] [90m[1msavepack[22m | 正在保存文件：res://.godot/imported/background-0.png-deaa213f61cb470d8279a26c175356ad.ctex[39m[0m
[  63% ] [90m[1msavepack[22m | 正在保存文件：res://InheritanceTasks/Art/Pixel/v1/runtime/yandi_shennong_chuanshuo/background-0.png.import[39m[0m
[  63% ] [90m[1msavepack[22m | 正在保存文件：res://.godot/imported/background-1.png-f58f6996e2df341430528eb8a94f549f.ctex[39m[0m
[  63% ] [90m[1msavepack[22m | 正在保存文件：res://InheritanceTasks/Art/Pixel/v1/runtime/yandi_shennong_chuanshuo/background-1.png.import[39m[0m
[  63% ] [90m[1msavepack[22m | 正在保存文件：res://.godot/imported/background-2.png-d1ee5511cb4377a26fd9897e16658969.ctex[39m[0m
[  63% ] [90m[1msavepack[22m | 正在保存文件：res://InheritanceTasks/Art/Pixel/v1/runtime/yandi_shennong_chuanshuo/background-2.png.import[39m[0m
[  63% ] [90m[1msavepack[22m | 正在保存文件：res://.godot/imported/branch.png-63b895874f750674ac682c3c85422d61.ctex[39m[0m
[  63% ] [90m[1msavepack[22m | 正在保存文件：res://InheritanceTasks/Art/Pixel/v1/runtime/yandi_shennong_chuanshuo/branch.png.import[39m[0m
[  63% ] [90m[1msavepack[22m | 正在保存文件：res://.godot/imported/creek.png-ea7d0fbd2ee0d4c2590049630d7af632.ctex[39m[0m
[  63% ] [90m[1msavepack[22m | 正在保存文件：res://InheritanceTasks/Art/Pixel/v1/runtime/yandi_shennong_chuanshuo/creek.png.import[39m[0m
[  63% ] [90m[1msavepack[22m | 正在保存文件：res://.godot/imported/forest.png-c51f3e1a94af75e5a1246a0739dc88e7.ctex[39m[0m
[  63% ] [90m[1msavepack[22m | 正在保存文件：res://InheritanceTasks/Art/Pixel/v1/runtime/yandi_shennong_chuanshuo/forest.png.import[39m[0m
[  63% ] [90m[1msavepack[22m | 正在保存文件：res://.godot/imported/marker.png-69a3d0e68b8626edf3315a8c4146bf60.ctex[39m[0m
[  63% ] [90m[1msavepack[22m | 正在保存文件：res://InheritanceTasks/Art/Pixel/v1/runtime/yandi_shennong_chuanshuo/marker.png.import[39m[0m
[  63% ] [90m[1msavepack[22m | 正在保存文件：res://.godot/imported/ridge.png-453068ed7fe777b981a31ffc73b5dc4d.ctex[39m[0m
[  63% ] [90m[1msavepack[22m | 正在保存文件：res://InheritanceTasks/Art/Pixel/v1/runtime/yandi_shennong_chuanshuo/ridge.png.import[39m[0m
[  63% ] [90m[1msavepack[22m | 正在保存文件：res://.godot/imported/rock.png-7be87ad81b476d8acb6c588e3d8bf31d.ctex[39m[0m
[  63% ] [90m[1msavepack[22m | 正在保存文件：res://InheritanceTasks/Art/Pixel/v1/runtime/yandi_shennong_chuanshuo/rock.png.import[39m[0m
[  63% ] [90m[1msavepack[22m | 正在保存文件：res://.godot/imported/han_ju-avatars.png-56ced44a84e40c8f11fca1563a9bdb7f.ctex[39m[0m
[  63% ] [90m[1msavepack[22m | 正在保存文件：res://InheritanceTasks/Art/Pixel/v1/runtime/han_ju-avatars.png.import[39m[0m
[  64% ] [90m[1msavepack[22m | 正在保存文件：res://.godot/imported/han_ju-background.png-08431f59626826299049d4abf7737cbf.ctex[39m[0m
[  64% ] [90m[1msavepack[22m | 正在保存文件：res://InheritanceTasks/Art/Pixel/v1/runtime/han_ju-background.png.import[39m[0m
[  64% ] [90m[1msavepack[22m | 正在保存文件：res://.godot/imported/jingzhou_hua_gu_xi-avatars.png-ac8ac4e17be3f58ecddfd397716ca5e0.ctex[39m[0m
[  64% ] [90m[1msavepack[22m | 正在保存文件：res://InheritanceTasks/Art/Pixel/v1/runtime/jingzhou_hua_gu_xi-avatars.png.import[39m[0m
[  64% ] [90m[1msavepack[22m | 正在保存文件：res://.godot/imported/jingzhou_hua_gu_xi-background.png-87fd0b38d60043a8b24be95dca059e5a.ctex[39m[0m
[  64% ] [90m[1msavepack[22m | 正在保存文件：res://InheritanceTasks/Art/Pixel/v1/runtime/jingzhou_hua_gu_xi-background.png.import[39m[0m
[  64% ] [90m[1msavepack[22m | 正在保存文件：res://.godot/imported/laohekou_si_xian-avatars.png-86909e1e73bb1dcda23e0f4368f7f584.ctex[39m[0m
[  64% ] [90m[1msavepack[22m | 正在保存文件：res://InheritanceTasks/Art/Pixel/v1/runtime/laohekou_si_xian-avatars.png.import[39m[0m
[  64% ] [90m[1msavepack[22m | 正在保存文件：res://.godot/imported/laohekou_si_xian-background.png-7fc04e9af30d118ae2a5ee47b563d873.ctex[39m[0m
[  64% ] [90m[1msavepack[22m | 正在保存文件：res://InheritanceTasks/Art/Pixel/v1/runtime/laohekou_si_xian-background.png.import[39m[0m
[  64% ] [90m[1msavepack[22m | 正在保存文件：res://.godot/imported/music-npcs.png-34f2ac994519c6cc0490c6792273431a.ctex[39m[0m
[  64% ] [90m[1msavepack[22m | 正在保存文件：res://InheritanceTasks/Art/Pixel/v1/runtime/music-npcs.png.import[39m[0m
[  64% ] [90m[1msavepack[22m | 正在保存文件：res://.godot/imported/outdoor-avatars.png-6b1cdd181ae8e6ee1ce4005a61edf820.ctex[39m[0m
[  64% ] [90m[1msavepack[22m | 正在保存文件：res://InheritanceTasks/Art/Pixel/v1/runtime/outdoor-avatars.png.import[39m[0m
[  64% ] [90m[1msavepack[22m | 正在保存文件：res://.godot/imported/ti_qin_xi-avatars.png-974bbf64e0ab105fb87ee970134179c8.ctex[39m[0m
[  64% ] [90m[1msavepack[22m | 正在保存文件：res://InheritanceTasks/Art/Pixel/v1/runtime/ti_qin_xi-avatars.png.import[39m[0m
[  64% ] [90m[1msavepack[22m | 正在保存文件：res://.godot/imported/ti_qin_xi-background.png-c720af20a594971fd3ac8384b67158fe.ctex[39m[0m
[  64% ] [90m[1msavepack[22m | 正在保存文件：res://InheritanceTasks/Art/Pixel/v1/runtime/ti_qin_xi-background.png.import[39m[0m
[  64% ] [90m[1msavepack[22m | 正在保存文件：res://.godot/imported/tujia_saye_erhe-avatars.png-de96580bcfd54ec3a509c73b6b054bad.ctex[39m[0m
[  64% ] [90m[1msavepack[22m | 正在保存文件：res://InheritanceTasks/Art/Pixel/v1/runtime/tujia_saye_erhe-avatars.png.import[39m[0m
[  64% ] [90m[1msavepack[22m | 正在保存文件：res://.godot/imported/tujia_saye_erhe-background.png-d1e7b96d57291f0f3b6f659a090639b7.ctex[39m[0m
[  64% ] [90m[1msavepack[22m | 正在保存文件：res://InheritanceTasks/Art/Pixel/v1/runtime/tujia_saye_erhe-background.png.import[39m[0m
[  64% ] [90m[1msavepack[22m | 正在保存文件：res://.godot/imported/tv.png-87e96714a8b8e548091d4456ba4e721e.ctex[39m[0m
[  64% ] [90m[1msavepack[22m | 正在保存文件：res://InheritanceTasks/Art/Pixel/v1/runtime/tv.png.import[39m[0m
[  64% ] [90m[1msavepack[22m | 正在保存文件：res://.godot/imported/workshop-avatars.png-d8cbfab8b0796c7661a5c97b62219c54.ctex[39m[0m
[  64% ] [90m[1msavepack[22m | 正在保存文件：res://InheritanceTasks/Art/Pixel/v1/runtime/workshop-avatars.png.import[39m[0m
[  64% ] [90m[1msavepack[22m | 正在保存文件：res://.godot/imported/workshop-background.png-115ed697eea1435d4d40484aa34639a2.ctex[39m[0m
[  64% ] [90m[1msavepack[22m | 正在保存文件：res://InheritanceTasks/Art/Pixel/v1/runtime/workshop-background.png.import[39m[0m
[  64% ] [90m[1msavepack[22m | 正在保存文件：res://InheritanceTasks/Presentation/Stages/tujia_saye_erhe_pixel.gdc[39m[0m
[  64% ] [90m[1msavepack[22m | 正在保存文件：res://.godot/exported/133200997/export-b064c40c43895eeaf06f94cbf90bf43a-tujia_saye_erhe_pixel.scn[39m[0m
[  64% ] [90m[1msavepack[22m | 正在保存文件：res://InheritanceTasks/Presentation/Stages/xia_lian_dan_shu_pixel.gdc[39m[0m
[  64% ] [90m[1msavepack[22m | 正在保存文件：res://.godot/exported/133200997/export-602121fe6dbc6e03106198d45a4a1126-xia_lian_dan_shu_pixel.scn[39m[0m
[  64% ] [90m[1msavepack[22m | 正在保存文件：res://InheritanceTasks/Presentation/Stages/xingshan_min_ge_pixel.gdc[39m[0m
[  65% ] [90m[1msavepack[22m | 正在保存文件：res://.godot/exported/133200997/export-95ba413837b295375385549a7937cc71-xingshan_min_ge_pixel.scn[39m[0m
[  65% ] [90m[1msavepack[22m | 正在保存文件：res://InheritanceTasks/Presentation/Stages/xisai_shenzhou_hui_pixel.gdc[39m[0m
[  65% ] [90m[1msavepack[22m | 正在保存文件：res://.godot/exported/133200997/export-813f359f6bae5163ed64388e061e5fb9-xisai_shenzhou_hui_pixel.scn[39m[0m
[  65% ] [90m[1msavepack[22m | 正在保存文件：res://InheritanceTasks/Presentation/Stages/yandi_shennong_chuanshuo_pixel.gdc[39m[0m
[  65% ] [90m[1msavepack[22m | 正在保存文件：res://.godot/exported/133200997/export-2c33bdd9385dd10c2ac5c345ca5e0a46-yandi_shennong_chuanshuo_pixel.scn[39m[0m
[  65% ] [90m[1msavepack[22m | 正在保存文件：res://InheritanceTasks/Presentation/heritage_pixel_canvas.gdc[39m[0m
[  65% ] [90m[1msavepack[22m | 正在保存文件：res://InheritanceTasks/Presentation/heritage_pixel_stage.gdc[39m[0m
[  65% ] [90m[1msavepack[22m | 正在保存文件：res://InheritanceTasks/Presentation/heritage_rhythm_cues.gdc[39m[0m
[  65% ] [90m[1msavepack[22m | 正在保存文件：res://.godot/exported/133200997/export-3656911a39bae1feb3d40bbefd1c6a52-player.scn[39m[0m
[  65% ] [90m[1msavepack[22m | 正在保存文件：res://Players/player.gdshader[39m[0m
[  65% ] [90m[1msavepack[22m | 正在保存文件：res://Players/player.gdc[39m[0m
[  65% ] [90m[1msavepack[22m | 正在保存文件：res://.godot/exported/133200997/export-b2d12e94c5430476f06ca84c263bac45-turn_manager.scn[39m[0m
[  65% ] [90m[1msavepack[22m | 正在保存文件：res://Managers/turn_manager.gdc[39m[0m
[  65% ] [90m[1msavepack[22m | 正在保存文件：res://.godot/exported/133200997/export-e59d4bc8756b85a3750bf85455c4a337-ResouceManager.scn[39m[0m
[  65% ] [90m[1msavepack[22m | 正在保存文件：res://Managers/ResouceManager.gdc[39m[0m
[  65% ] [90m[1msavepack[22m | 正在保存文件：res://Managers/profession_manager.gdc[39m[0m
[  65% ] [90m[1msavepack[22m | 正在保存文件：res://Managers/market_manager.gdc[39m[0m
[  65% ] [90m[1msavepack[22m | 正在保存文件：res://Managers/interaction_coordinator.gdc[39m[0m
[  65% ] [90m[1msavepack[22m | 正在保存文件：res://Managers/heritage_task_manager.gdc[39m[0m
[  65% ] [90m[1msavepack[22m | 正在保存文件：res://Managers/game_result_entry.gdc[39m[0m
[  66% ] [90m[1msavepack[22m | 正在保存文件：res://Managers/game_result.gdc[39m[0m
[  66% ] [90m[1msavepack[22m | 正在保存文件：res://.godot/exported/133200997/export-18066baa6c9e61cdcb01860855da22c1-game_manager.scn[39m[0m
[  66% ] [90m[1msavepack[22m | 正在保存文件：res://Managers/game_manager.gdc[39m[0m
[  66% ] [90m[1msavepack[22m | 正在保存文件：res://Managers/food_manager.gdc[39m[0m
[  66% ] [90m[1msavepack[22m | 正在保存文件：res://Managers/event_manager.gdc[39m[0m
[  66% ] [90m[1msavepack[22m | 正在保存文件：res://Managers/discovery_manager.gdc[39m[0m
[  66% ] [90m[1msavepack[22m | 正在保存文件：res://Managers/achievement_manager.gdc[39m[0m
[  66% ] [90m[1msavepack[22m | 正在保存文件：res://InheritanceTasks/UI/vocal_score_breakdown.gdc[39m[0m
[  66% ] [90m[1msavepack[22m | 正在保存文件：res://InheritanceTasks/UI/heritage_television_style.gdc[39m[0m
[  66% ] [90m[1msavepack[22m | 正在保存文件：res://.godot/exported/133200997/export-bdd1c52f3891e7bc26ffb723fd273ce9-heritage_task_host.scn[39m[0m
[  66% ] [90m[1msavepack[22m | 正在保存文件：res://InheritanceTasks/UI/heritage_task_host.gdc[39m[0m
[  66% ] [90m[1msavepack[22m | 正在保存文件：res://InheritanceTasks/UI/heritage_input_glyph.gdc[39m[0m
[  66% ] [90m[1msavepack[22m | 正在保存文件：res://InheritanceTasks/UI/heritage_broadcast_overlay.gdc[39m[0m
[  66% ] [90m[1msavepack[22m | 正在保存文件：res://.godot/exported/133200997/export-25a639bdad632909052952d9c25119e3-yandi_shennong_chuanshuo.scn[39m[0m
[  66% ] [90m[1msavepack[22m | 正在保存文件：res://InheritanceTasks/Tasks/yandi_shennong_chuanshuo.gdc[39m[0m
[  66% ] [90m[1msavepack[22m | 正在保存文件：res://.godot/exported/133200997/export-3b4298037f509b41a76ea45c5f50e407-xisai_shenzhou_hui.scn[39m[0m
[  66% ] [90m[1msavepack[22m | 正在保存文件：res://InheritanceTasks/Tasks/xisai_shenzhou_hui.gdc[39m[0m
[  66% ] [90m[1msavepack[22m | 正在保存文件：res://.godot/exported/133200997/export-c605b235763c45622eda049f64241e59-xingshan_min_ge.scn[39m[0m
[  66% ] [90m[1msavepack[22m | 正在保存文件：res://InheritanceTasks/Tasks/xingshan_min_ge.gdc[39m[0m
[  66% ] [90m[1msavepack[22m | 正在保存文件：res://.godot/exported/133200997/export-1336c1a01aa6dce4febcfe8313e08b77-xia_lian_dan_shu.scn[39m[0m
[  66% ] [90m[1msavepack[22m | 正在保存文件：res://InheritanceTasks/Tasks/xia_lian_dan_shu.gdc[39m[0m
[  66% ] [90m[1msavepack[22m | 正在保存文件：res://.godot/exported/133200997/export-9d20e2330bc189570ca5b7ae89877971-xiabaoping_minjian_gushi.scn[39m[0m
[  66% ] [90m[1msavepack[22m | 正在保存文件：res://InheritanceTasks/Tasks/xiabaoping_minjian_gushi.gdc[39m[0m
[  66% ] [90m[1msavepack[22m | 正在保存文件：res://.godot/exported/133200997/export-ad4cb31c4bbd2f5c6dbc5e3ea6b74c82-tujia_saye_erhe.scn[39m[0m
[  66% ] [90m[1msavepack[22m | 正在保存文件：res://InheritanceTasks/Tasks/tujia_saye_erhe.gdc[39m[0m
[  66% ] [90m[1msavepack[22m | 正在保存文件：res://.godot/exported/133200997/export-f1a9ee0558d677d4f0e36fb13ab53de2-ti_qin_xi.scn[39m[0m
[  66% ] [90m[1msavepack[22m | 正在保存文件：res://InheritanceTasks/Tasks/ti_qin_xi.gdc[39m[0m
[  66% ] [90m[1msavepack[22m | 正在保存文件：res://.godot/exported/133200997/export-177c3f9b084ee099b43b5960d7a4b879-tianmen_tang_su.scn[39m[0m
[  66% ] [90m[1msavepack[22m | 正在保存文件：res://InheritanceTasks/Tasks/tianmen_tang_su.gdc[39m[0m
[  66% ] [90m[1msavepack[22m | 正在保存文件：res://.godot/exported/133200997/export-2f890950167ce66974f96b84dada1cd0-laohekou_si_xian.scn[39m[0m
[  66% ] [90m[1msavepack[22m | 正在保存文件：res://InheritanceTasks/Tasks/laohekou_si_xian.gdc[39m[0m
[  66% ] [90m[1msavepack[22m | 正在保存文件：res://.godot/exported/133200997/export-f184968fe3f5f21648252dd39a2a99ff-jingzhou_hua_gu_xi.scn[39m[0m
[  66% ] [90m[1msavepack[22m | 正在保存文件：res://InheritanceTasks/Tasks/jingzhou_hua_gu_xi.gdc[39m[0m
[  66% ] [90m[1msavepack[22m | 正在保存文件：res://.godot/exported/133200997/export-2228fc6bc809238ef599ff5093acaf56-huangmei_xi.scn[39m[0m
[  66% ] [90m[1msavepack[22m | 正在保存文件：res://InheritanceTasks/Tasks/huangmei_xi.gdc[39m[0m
[  66% ] [90m[1msavepack[22m | 正在保存文件：res://.godot/exported/133200997/export-4d087fa13011c6262a149b2686156f79-han_ju.scn[39m[0m
[  66% ] [90m[1msavepack[22m | 正在保存文件：res://InheritanceTasks/Tasks/han_ju.gdc[39m[0m
[  66% ] [90m[1msavepack[22m | 正在保存文件：res://.godot/exported/133200997/export-202a2ed33c8b9f1432d573a920d66801-gu_pen_ge.scn[39m[0m
[  67% ] [90m[1msavepack[22m | 正在保存文件：res://InheritanceTasks/Tasks/gu_pen_ge.gdc[39m[0m
[  67% ] [90m[1msavepack[22m | 正在保存文件：res://.godot/exported/133200997/export-d9186e4560f97e4119e5a6bd6e14d161-ezhou_diaohua_jianzhi.scn[39m[0m
[  67% ] [90m[1msavepack[22m | 正在保存文件：res://InheritanceTasks/Tasks/ezhou_diaohua_jianzhi.gdc[39m[0m
[  67% ] [90m[1msavepack[22m | 正在保存文件：res://.godot/exported/133200997/export-c2ec8acb15e4d5e8945c090da0288fc2-dong_yong_chuanshuo.scn[39m[0m
[  67% ] [90m[1msavepack[22m | 正在保存文件：res://InheritanceTasks/Tasks/dong_yong_chuanshuo.gdc[39m[0m
[  67% ] [90m[1msavepack[22m | 正在保存文件：res://InheritanceTasks/Presentation/tiqin_bow_motion.gdc[39m[0m
[  67% ] [90m[1msavepack[22m | 正在保存文件：res://.godot/imported/narration-1-source.wav-a8894b33d5ce2491aecbf9bc52374584.sample[39m[0m
[  67% ] [90m[1msavepack[22m | 正在保存文件：res://InheritanceTasks/Audio/water-cow-v1/narration-1-source.wav.import[39m[0m
[  67% ] [90m[1msavepack[22m | 正在保存文件：res://.godot/imported/narration-1.ogg-d36bb6b4e89c4ed4ca299f36b71ad90a.oggvorbisstr[39m[0m
[  67% ] [90m[1msavepack[22m | 正在保存文件：res://InheritanceTasks/Audio/water-cow-v1/narration-1.ogg.import[39m[0m
[  67% ] [90m[1msavepack[22m | 正在保存文件：res://.godot/imported/narration-2-source.wav-eb3e865f8ab627a5917caa9dd8da2cc6.sample[39m[0m
[  67% ] [90m[1msavepack[22m | 正在保存文件：res://InheritanceTasks/Audio/water-cow-v1/narration-2-source.wav.import[39m[0m
[  67% ] [90m[1msavepack[22m | 正在保存文件：res://.godot/imported/narration-2.ogg-edef14a881987f3c128b7ca042cba05d.oggvorbisstr[39m[0m
[  67% ] [90m[1msavepack[22m | 正在保存文件：res://InheritanceTasks/Audio/water-cow-v1/narration-2.ogg.import[39m[0m
[  67% ] [90m[1msavepack[22m | 正在保存文件：res://.godot/imported/narration-3-source.wav-54cc292f605380e08dc3e8b3fdc6a8f1.sample[39m[0m
[  67% ] [90m[1msavepack[22m | 正在保存文件：res://InheritanceTasks/Audio/water-cow-v1/narration-3-source.wav.import[39m[0m
[  67% ] [90m[1msavepack[22m | 正在保存文件：res://.godot/imported/narration-3.ogg-16add9e88f1d96de58a0d6b10fba3611.oggvorbisstr[39m[0m
[  67% ] [90m[1msavepack[22m | 正在保存文件：res://InheritanceTasks/Audio/water-cow-v1/narration-3.ogg.import[39m[0m
[  67% ] [90m[1msavepack[22m | 正在保存文件：res://.godot/imported/narration-4-source.wav-811c4eabe0c5b4e5f9f69ad600dce92d.sample[39m[0m
[  67% ] [90m[1msavepack[22m | 正在保存文件：res://InheritanceTasks/Audio/water-cow-v1/narration-4-source.wav.import[39m[0m
[  67% ] [90m[1msavepack[22m | 正在保存文件：res://.godot/imported/narration-4.ogg-a9c4fce1e13ce6356c7c820d5f0dfd6f.oggvorbisstr[39m[0m
[  67% ] [90m[1msavepack[22m | 正在保存文件：res://InheritanceTasks/Audio/water-cow-v1/narration-4.ogg.import[39m[0m
[  67% ] [90m[1msavepack[22m | 正在保存文件：res://.godot/imported/action-feedback.wav-a748b06b2b76720040e3fb3867a97be8.sample[39m[0m
[  67% ] [90m[1msavepack[22m | 正在保存文件：res://InheritanceTasks/Audio/action-feedback.wav.import[39m[0m
[  67% ] [90m[1msavepack[22m | 正在保存文件：res://InheritanceTasks/Art/Pixel/v1/presentation-manifest.json[39m[0m
[  67% ] [90m[1msavepack[22m | 正在保存文件：res://.godot/imported/breath-feedback.wav-2b131d2a4264914b5e7542d6be3069e5.sample[39m[0m
[  67% ] [90m[1msavepack[22m | 正在保存文件：res://InheritanceTasks/Audio/breath-feedback.wav.import[39m[0m
[  67% ] [90m[1msavepack[22m | 正在保存文件：res://.godot/imported/fusion-pixel-10px-proportional-zh_hans.ttf-9638315033d26de4f550f769cd31eb61.fontdata[39m[0m
[  67% ] [90m[1msavepack[22m | 正在保存文件：res://InheritanceTasks/Art/Pixel/v2/fonts/fusion-pixel-10px-proportional-zh_hans.ttf.import[39m[0m
[  67% ] [90m[1msavepack[22m | 正在保存文件：res://.godot/imported/fusion-pixel-12px-proportional-zh_hans.ttf-0c0584fefb1047a032a1ba3012b4e51a.fontdata[39m[0m
[  67% ] [90m[1msavepack[22m | 正在保存文件：res://InheritanceTasks/Art/Pixel/v2/fonts/fusion-pixel-12px-proportional-zh_hans.ttf.import[39m[0m
[  68% ] [90m[1msavepack[22m | 正在保存文件：res://.godot/exported/133200997/export-cad4a0efb8e3fda7827717e63b8ec135-xia_lian_dan_shu.res[39m[0m
[  68% ] [90m[1msavepack[22m | 正在保存文件：res://.godot/exported/133200997/export-122da82f09afb46e5f14f0785404ae88-yandi_shennong_chuanshuo.res[39m[0m
[  68% ] [90m[1msavepack[22m | 正在保存文件：res://.godot/imported/adventure-redraw-4x.png-9199d64fde17b0af5b1572b6fbc41652.ctex[39m[0m
[  68% ] [90m[1msavepack[22m | 正在保存文件：res://InheritanceTasks/Art/Pixel/v2/review/avatar-identity-r2/adventure-redraw-4x.png.import[39m[0m
[  68% ] [90m[1msavepack[22m | 正在保存文件：res://InheritanceTasks/Art/Pixel/v2/review/avatar-identity-r2/adventure-redraw.json[39m[0m
[  68% ] [90m[1msavepack[22m | 正在保存文件：res://.godot/imported/adventure-redraw.png-10258f8c1873fcb56c72240599db3c18.ctex[39m[0m
[  68% ] [90m[1msavepack[22m | 正在保存文件：res://InheritanceTasks/Art/Pixel/v2/review/avatar-identity-r2/adventure-redraw.png.import[39m[0m
[  68% ] [90m[1msavepack[22m | 正在保存文件：res://.godot/imported/adventure-redraw.review.png-cc6ada0b9c1f09f44c5685d9fbf8a757.ctex[39m[0m
[  68% ] [90m[1msavepack[22m | 正在保存文件：res://InheritanceTasks/Art/Pixel/v2/review/avatar-identity-r2/adventure-redraw.review.png.import[39m[0m
[  68% ] [90m[1msavepack[22m | 正在保存文件：res://.godot/imported/adventure-study-4x.png-c5a2d23868c7676175cbfd1fa6f69b8a.ctex[39m[0m
[  68% ] [90m[1msavepack[22m | 正在保存文件：res://InheritanceTasks/Art/Pixel/v2/review/avatar-identity-r2/adventure-study-4x.png.import[39m[0m
[  68% ] [90m[1msavepack[22m | 正在保存文件：res://.godot/imported/adventure-study.png-c9d588a35e477f7a15eb81dfeb0fffb3.ctex[39m[0m
[  68% ] [90m[1msavepack[22m | 正在保存文件：res://InheritanceTasks/Art/Pixel/v2/review/avatar-identity-r2/adventure-study.png.import[39m[0m
[  68% ] [90m[1msavepack[22m | 正在保存文件：res://.godot/imported/business-redraw-4x-black.png-2eaa5b24e93ae32387c6e6d01c90e887.ctex[39m[0m
[  68% ] [90m[1msavepack[22m | 正在保存文件：res://InheritanceTasks/Art/Pixel/v2/review/avatar-identity-r2/business-redraw-4x-black.png.import[39m[0m
[  68% ] [90m[1msavepack[22m | 正在保存文件：res://.godot/imported/business-redraw-4x-white.png-15ef280a99edcbf4b956f639b16faaef.ctex[39m[0m
[  68% ] [90m[1msavepack[22m | 正在保存文件：res://InheritanceTasks/Art/Pixel/v2/review/avatar-identity-r2/business-redraw-4x-white.png.import[39m[0m
[  68% ] [90m[1msavepack[22m | 正在保存文件：res://.godot/imported/business-redraw-4x.png-ae012146115643337f1391dab652f41b.ctex[39m[0m
[  68% ] [90m[1msavepack[22m | 正在保存文件：res://InheritanceTasks/Art/Pixel/v2/review/avatar-identity-r2/business-redraw-4x.png.import[39m[0m
[  68% ] [90m[1msavepack[22m | 正在保存文件：res://InheritanceTasks/Art/Pixel/v2/review/avatar-identity-r2/business-redraw.json[39m[0m
[  68% ] [90m[1msavepack[22m | 正在保存文件：res://.godot/imported/business-redraw.png-84e29030ec12c6a81ada80fd93cf51e3.ctex[39m[0m
[  68% ] [90m[1msavepack[22m | 正在保存文件：res://InheritanceTasks/Art/Pixel/v2/review/avatar-identity-r2/business-redraw.png.import[39m[0m
[  68% ] [90m[1msavepack[22m | 正在保存文件：res://.godot/imported/business-study-4x.png-7999c209c8fea67c0c9479b91956554f.ctex[39m[0m
[  68% ] [90m[1msavepack[22m | 正在保存文件：res://InheritanceTasks/Art/Pixel/v2/review/avatar-identity-r2/business-study-4x.png.import[39m[0m
[  68% ] [90m[1msavepack[22m | 正在保存文件：res://.godot/imported/business-study.png-34965eff6d2ebe6e0b343a8532636597.ctex[39m[0m
[  68% ] [90m[1msavepack[22m | 正在保存文件：res://InheritanceTasks/Art/Pixel/v2/review/avatar-identity-r2/business-study.png.import[39m[0m
[  68% ] [90m[1msavepack[22m | 正在保存文件：res://.godot/imported/food-redraw-4x.png-b533f397d98f71a9ffb25ad0cd0e7d53.ctex[39m[0m
[  68% ] [90m[1msavepack[22m | 正在保存文件：res://InheritanceTasks/Art/Pixel/v2/review/avatar-identity-r2/food-redraw-4x.png.import[39m[0m
[  68% ] [90m[1msavepack[22m | 正在保存文件：res://.godot/imported/food-redraw-black-white.png-2a1edbcaf8a751bacdbffa2167ac7c14.ctex[39m[0m
[  68% ] [90m[1msavepack[22m | 正在保存文件：res://InheritanceTasks/Art/Pixel/v2/review/avatar-identity-r2/food-redraw-black-white.png.import[39m[0m
[  68% ] [90m[1msavepack[22m | 正在保存文件：res://.godot/imported/food-redraw-reopened.png-9fa50f25a2bd2205fa51f0d3c394edc9.ctex[39m[0m
[  68% ] [90m[1msavepack[22m | 正在保存文件：res://InheritanceTasks/Art/Pixel/v2/review/avatar-identity-r2/food-redraw-reopened.png.import[39m[0m
[  68% ] [90m[1msavepack[22m | 正在保存文件：res://InheritanceTasks/Art/Pixel/v2/review/avatar-identity-r2/food-redraw-validation.json[39m[0m
[  69% ] [90m[1msavepack[22m | 正在保存文件：res://InheritanceTasks/Art/Pixel/v2/review/avatar-identity-r2/food-redraw.json[39m[0m
[  69% ] [90m[1msavepack[22m | 正在保存文件：res://.godot/imported/food-redraw.png-78f93dfab106afb454cf1c07061b7e84.ctex[39m[0m
[  69% ] [90m[1msavepack[22m | 正在保存文件：res://InheritanceTasks/Art/Pixel/v2/review/avatar-identity-r2/food-redraw.png.import[39m[0m
[  69% ] [90m[1msavepack[22m | 正在保存文件：res://.godot/imported/food-study-4x.png-565ed4f8f675659a5d8f16cf680421ce.ctex[39m[0m
[  69% ] [90m[1msavepack[22m | 正在保存文件：res://InheritanceTasks/Art/Pixel/v2/review/avatar-identity-r2/food-study-4x.png.import[39m[0m
[  69% ] [90m[1msavepack[22m | 正在保存文件：res://.godot/imported/food-study.png-8343b3197520fa1e825f524e564580b8.ctex[39m[0m
[  69% ] [90m[1msavepack[22m | 正在保存文件：res://InheritanceTasks/Art/Pixel/v2/review/avatar-identity-r2/food-study.png.import[39m[0m
[  69% ] [90m[1msavepack[22m | 正在保存文件：res://.godot/imported/life-redraw-4x.png-135736c6a6beb0dd0b29150879e1f36a.ctex[39m[0m
[  69% ] [90m[1msavepack[22m | 正在保存文件：res://InheritanceTasks/Art/Pixel/v2/review/avatar-identity-r2/life-redraw-4x.png.import[39m[0m
[  69% ] [90m[1msavepack[22m | 正在保存文件：res://.godot/imported/life-redraw-black-white.png-cac49c05465b6b30842da728d123d451.ctex[39m[0m
[  69% ] [90m[1msavepack[22m | 正在保存文件：res://InheritanceTasks/Art/Pixel/v2/review/avatar-identity-r2/life-redraw-black-white.png.import[39m[0m
[  69% ] [90m[1msavepack[22m | 正在保存文件：res://.godot/imported/life-redraw-reopened.png-60babc3d9665bf7e84f1f0d6d8e6a35b.ctex[39m[0m
[  69% ] [90m[1msavepack[22m | 正在保存文件：res://InheritanceTasks/Art/Pixel/v2/review/avatar-identity-r2/life-redraw-reopened.png.import[39m[0m
[  69% ] [90m[1msavepack[22m | 正在保存文件：res://InheritanceTasks/Art/Pixel/v2/review/avatar-identity-r2/life-redraw-validation.json[39m[0m
[  69% ] [90m[1msavepack[22m | 正在保存文件：res://InheritanceTasks/Art/Pixel/v2/review/avatar-identity-r2/life-redraw.json[39m[0m
[  69% ] [90m[1msavepack[22m | 正在保存文件：res://.godot/imported/life-redraw.png-b28c23683718fb8fed0c9e00a225d802.ctex[39m[0m
[  69% ] [90m[1msavepack[22m | 正在保存文件：res://InheritanceTasks/Art/Pixel/v2/review/avatar-identity-r2/life-redraw.png.import[39m[0m
[  69% ] [90m[1msavepack[22m | 正在保存文件：res://.godot/imported/life-study-4x.png-84697f1ea73438fc8fdb4b1230f8e4b0.ctex[39m[0m
[  69% ] [90m[1msavepack[22m | 正在保存文件：res://InheritanceTasks/Art/Pixel/v2/review/avatar-identity-r2/life-study-4x.png.import[39m[0m
[  69% ] [90m[1msavepack[22m | 正在保存文件：res://.godot/imported/life-study.png-6e19c89bfd30217d8558e58966ec1fd1.ctex[39m[0m
[  69% ] [90m[1msavepack[22m | 正在保存文件：res://InheritanceTasks/Art/Pixel/v2/review/avatar-identity-r2/life-study.png.import[39m[0m
[  69% ] [90m[1msavepack[22m | 正在保存文件：res://.godot/imported/magic-redraw-4x-black.png-56d0f30c610b8a43fed92a30ef4528a0.ctex[39m[0m
[  69% ] [90m[1msavepack[22m | 正在保存文件：res://InheritanceTasks/Art/Pixel/v2/review/avatar-identity-r2/magic-redraw-4x-black.png.import[39m[0m
[  69% ] [90m[1msavepack[22m | 正在保存文件：res://.godot/imported/magic-redraw-4x-white.png-f0d00aede569ab2cda8b624ac0a0dcc3.ctex[39m[0m
[  69% ] [90m[1msavepack[22m | 正在保存文件：res://InheritanceTasks/Art/Pixel/v2/review/avatar-identity-r2/magic-redraw-4x-white.png.import[39m[0m
[  69% ] [90m[1msavepack[22m | 正在保存文件：res://.godot/imported/magic-redraw-4x.png-080ffe80579425ca51a4646ca9e3aa85.ctex[39m[0m
[  69% ] [90m[1msavepack[22m | 正在保存文件：res://InheritanceTasks/Art/Pixel/v2/review/avatar-identity-r2/magic-redraw-4x.png.import[39m[0m
[  69% ] [90m[1msavepack[22m | 正在保存文件：res://InheritanceTasks/Art/Pixel/v2/review/avatar-identity-r2/magic-redraw.json[39m[0m
[  69% ] [90m[1msavepack[22m | 正在保存文件：res://.godot/imported/magic-redraw.png-3a21e28adb891f448ddd9d8280fd43ff.ctex[39m[0m
[  69% ] [90m[1msavepack[22m | 正在保存文件：res://InheritanceTasks/Art/Pixel/v2/review/avatar-identity-r2/magic-redraw.png.import[39m[0m
[  69% ] [90m[1msavepack[22m | 正在保存文件：res://.godot/imported/magic-study-4x.png-f82486826ea1d47676085032bd294d88.ctex[39m[0m
[  69% ] [90m[1msavepack[22m | 正在保存文件：res://InheritanceTasks/Art/Pixel/v2/review/avatar-identity-r2/magic-study-4x.png.import[39m[0m
[  69% ] [90m[1msavepack[22m | 正在保存文件：res://.godot/imported/magic-study.png-49e1feab08cd0aebfb316745a13e5c8d.ctex[39m[0m
[  69% ] [90m[1msavepack[22m | 正在保存文件：res://InheritanceTasks/Art/Pixel/v2/review/avatar-identity-r2/magic-study.png.import[39m[0m
[  69% ] [90m[1msavepack[22m | 正在保存文件：res://.godot/imported/travel-redraw-4x.png-24a13897ed817d52c0e5d81f58c5105f.ctex[39m[0m
[  69% ] [90m[1msavepack[22m | 正在保存文件：res://InheritanceTasks/Art/Pixel/v2/review/avatar-identity-r2/travel-redraw-4x.png.import[39m[0m
[  70% ] [90m[1msavepack[22m | 正在保存文件：res://.godot/imported/travel-redraw.png-ac3def2014888e6637271e64c97649a8.ctex[39m[0m
[  70% ] [90m[1msavepack[22m | 正在保存文件：res://InheritanceTasks/Art/Pixel/v2/review/avatar-identity-r2/travel-redraw.png.import[39m[0m
[  70% ] [90m[1msavepack[22m | 正在保存文件：res://.godot/imported/travel-study-4x.png-2f8d31ed0b611cbce021a898823e2bab.ctex[39m[0m
[  70% ] [90m[1msavepack[22m | 正在保存文件：res://InheritanceTasks/Art/Pixel/v2/review/avatar-identity-r2/travel-study-4x.png.import[39m[0m
[  70% ] [90m[1msavepack[22m | 正在保存文件：res://.godot/imported/travel-study.png-e63c4fef1953d8c03c5823cbe63c595e.ctex[39m[0m
[  70% ] [90m[1msavepack[22m | 正在保存文件：res://InheritanceTasks/Art/Pixel/v2/review/avatar-identity-r2/travel-study.png.import[39m[0m
[  70% ] [90m[1msavepack[22m | 正在保存文件：res://.godot/imported/character-handle-sheet.png-befbccd670e63972e3ed4bf1a998b238.ctex[39m[0m
[  70% ] [90m[1msavepack[22m | 正在保存文件：res://InheritanceTasks/Art/Pixel/v2/review/generated-motion-r4/character-handle-sheet.png.import[39m[0m
[  70% ] [90m[1msavepack[22m | 正在保存文件：res://.godot/imported/fire-sheet.png-55222b4b0b5b6b3d6188252c419fabd9.ctex[39m[0m
[  70% ] [90m[1msavepack[22m | 正在保存文件：res://InheritanceTasks/Art/Pixel/v2/review/generated-motion-r4/fire-sheet.png.import[39m[0m
[  70% ] [90m[1msavepack[22m | 正在保存文件：res://InheritanceTasks/Art/Pixel/v2/review/generated-motion-r4/manifest.json[39m[0m
[  70% ] [90m[1msavepack[22m | 正在保存文件：res://.godot/imported/pump-cycle-alpha-attempt.png-b7ed9bd1810a160f68827716f4c86aa3.ctex[39m[0m
[  70% ] [90m[1msavepack[22m | 正在保存文件：res://InheritanceTasks/Art/Pixel/v2/review/generated-motion-r4/pump-cycle-alpha-attempt.png.import[39m[0m
[  70% ] [90m[1msavepack[22m | 正在保存文件：res://.godot/imported/pump-cycle-matte.png-018262bf03b51d19cdf0211b80acd668.ctex[39m[0m
[  70% ] [90m[1msavepack[22m | 正在保存文件：res://InheritanceTasks/Art/Pixel/v2/review/generated-motion-r4/pump-cycle-matte.png.import[39m[0m
[  70% ] [90m[1msavepack[22m | 正在保存文件：res://.godot/imported/pump-cycle-sheet.png-f66019273e06984354927f50122f367c.ctex[39m[0m
[  70% ] [90m[1msavepack[22m | 正在保存文件：res://InheritanceTasks/Art/Pixel/v2/review/generated-motion-r4/pump-cycle-sheet.png.import[39m[0m
[  70% ] [90m[1msavepack[22m | 正在保存文件：res://.godot/imported/workshop-clean-plate.png-7b0ee9541653e05eddcea71c4492aefb.ctex[39m[0m
[  70% ] [90m[1msavepack[22m | 正在保存文件：res://InheritanceTasks/Art/Pixel/v2/review/generated-motion-r4/workshop-clean-plate.png.import[39m[0m
[  70% ] [90m[1msavepack[22m | 正在保存文件：res://.godot/imported/workshop-keyframe.png-5049c78ac65547fac1b34c9cf415d9be.ctex[39m[0m
[  70% ] [90m[1msavepack[22m | 正在保存文件：res://InheritanceTasks/Art/Pixel/v2/review/generated-motion-r4/workshop-keyframe.png.import[39m[0m
[  70% ] [90m[1msavepack[22m | 正在保存文件：res://InheritanceTasks/Art/Pixel/v2/review/generated-workshop/preparation-report-r2.json[39m[0m
[  70% ] [90m[1msavepack[22m | 正在保存文件：res://InheritanceTasks/Art/Pixel/v2/review/generated-workshop/preparation-report.json[39m[0m
[  70% ] [90m[1msavepack[22m | 正在保存文件：res://InheritanceTasks/Art/Pixel/v2/review/generated-workshop/program-validation.json[39m[0m
[  70% ] [90m[1msavepack[22m | 正在保存文件：res://.godot/imported/workshop-r1-48-2x.png-1492e3468da8bdf8987ed1d2582762c1.ctex[39m[0m
[  70% ] [90m[1msavepack[22m | 正在保存文件：res://InheritanceTasks/Art/Pixel/v2/review/generated-workshop/workshop-r1-48-2x.png.import[39m[0m
[  70% ] [90m[1msavepack[22m | 正在保存文件：res://.godot/imported/workshop-r1-48-before-cleanup.png-b8925b36d2ddd18060581aef86a93cc4.ctex[39m[0m
[  70% ] [90m[1msavepack[22m | 正在保存文件：res://InheritanceTasks/Art/Pixel/v2/review/generated-workshop/workshop-r1-48-before-cleanup.png.import[39m[0m
[  70% ] [90m[1msavepack[22m | 正在保存文件：res://InheritanceTasks/Art/Pixel/v2/review/generated-workshop/workshop-r1-48-metadata.json[39m[0m
[  70% ] [90m[1msavepack[22m | 正在保存文件：res://.godot/imported/workshop-r1-48-reopened.png-3fef80c51021039301794aaa213e3c28.ctex[39m[0m
[  70% ] [90m[1msavepack[22m | 正在保存文件：res://InheritanceTasks/Art/Pixel/v2/review/generated-workshop/workshop-r1-48-reopened.png.import[39m[0m
[  70% ] [90m[1msavepack[22m | 正在保存文件：res://.godot/imported/workshop-r1-48.png-797c1ef304a87eff9f231be5b98f1c78.ctex[39m[0m
[  70% ] [90m[1msavepack[22m | 正在保存文件：res://InheritanceTasks/Art/Pixel/v2/review/generated-workshop/workshop-r1-48.png.import[39m[0m
[  71% ] [90m[1msavepack[22m | 正在保存文件：res://.godot/imported/workshop-r1-64-2x.png-92d37d0446839b9c7a4927c54beeefc7.ctex[39m[0m
[  71% ] [90m[1msavepack[22m | 正在保存文件：res://InheritanceTasks/Art/Pixel/v2/review/generated-workshop/workshop-r1-64-2x.png.import[39m[0m
[  71% ] [90m[1msavepack[22m | 正在保存文件：res://.godot/imported/workshop-r1-64-before-cleanup.png-cef9a10f8a36108c923c4aa1fd1f00c7.ctex[39m[0m
[  71% ] [90m[1msavepack[22m | 正在保存文件：res://InheritanceTasks/Art/Pixel/v2/review/generated-workshop/workshop-r1-64-before-cleanup.png.import[39m[0m
[  71% ] [90m[1msavepack[22m | 正在保存文件：res://InheritanceTasks/Art/Pixel/v2/review/generated-workshop/workshop-r1-64-metadata.json[39m[0m
[  71% ] [90m[1msavepack[22m | 正在保存文件：res://.godot/imported/workshop-r1-64-reopened.png-781ee12f289996620522fe9c96d8c4ed.ctex[39m[0m
[  71% ] [90m[1msavepack[22m | 正在保存文件：res://InheritanceTasks/Art/Pixel/v2/review/generated-workshop/workshop-r1-64-reopened.png.import[39m[0m
[  71% ] [90m[1msavepack[22m | 正在保存文件：res://.godot/imported/workshop-r1-64.png-90b830f0f4249d0d4f58a6ba1ef8b8b2.ctex[39m[0m
[  71% ] [90m[1msavepack[22m | 正在保存文件：res://InheritanceTasks/Art/Pixel/v2/review/generated-workshop/workshop-r1-64.png.import[39m[0m
[  71% ] [90m[1msavepack[22m | 正在保存文件：res://.godot/imported/workshop-r2-48-2x.png-ffd027071531bbf5338a7fbc20bdda71.ctex[39m[0m
[  71% ] [90m[1msavepack[22m | 正在保存文件：res://InheritanceTasks/Art/Pixel/v2/review/generated-workshop/workshop-r2-48-2x.png.import[39m[0m
[  71% ] [90m[1msavepack[22m | 正在保存文件：res://.godot/imported/workshop-r2-48-before-cleanup.png-499b1ba1ef8b6145d48d9a615099f131.ctex[39m[0m
[  71% ] [90m[1msavepack[22m | 正在保存文件：res://InheritanceTasks/Art/Pixel/v2/review/generated-workshop/workshop-r2-48-before-cleanup.png.import[39m[0m
[  71% ] [90m[1msavepack[22m | 正在保存文件：res://.godot/imported/workshop-r2-48.png-738cfb4adca06245f20e47211c202c55.ctex[39m[0m
[  71% ] [90m[1msavepack[22m | 正在保存文件：res://InheritanceTasks/Art/Pixel/v2/review/generated-workshop/workshop-r2-48.png.import[39m[0m
[  71% ] [90m[1msavepack[22m | 正在保存文件：res://.godot/imported/workshop-r2-64-2x.png-377303f4a3619f18b03bff4847a50774.ctex[39m[0m
[  71% ] [90m[1msavepack[22m | 正在保存文件：res://InheritanceTasks/Art/Pixel/v2/review/generated-workshop/workshop-r2-64-2x.png.import[39m[0m
[  71% ] [90m[1msavepack[22m | 正在保存文件：res://.godot/imported/workshop-r2-64-before-cleanup.png-48e872a64892cc5b21a444f8aa33f004.ctex[39m[0m
[  71% ] [90m[1msavepack[22m | 正在保存文件：res://InheritanceTasks/Art/Pixel/v2/review/generated-workshop/workshop-r2-64-before-cleanup.png.import[39m[0m
[  71% ] [90m[1msavepack[22m | 正在保存文件：res://.godot/imported/workshop-r2-64.png-0df012ff7cb091ccec7c63aa99514e1c.ctex[39m[0m
[  71% ] [90m[1msavepack[22m | 正在保存文件：res://InheritanceTasks/Art/Pixel/v2/review/generated-workshop/workshop-r2-64.png.import[39m[0m
[  71% ] [90m[1msavepack[22m | 正在保存文件：res://.godot/imported/workshop-source-r1.png-6cbba29e065afe13e579a387d3941ac6.ctex[39m[0m
[  71% ] [90m[1msavepack[22m | 正在保存文件：res://InheritanceTasks/Art/Pixel/v2/review/generated-workshop/workshop-source-r1.png.import[39m[0m
[  71% ] [90m[1msavepack[22m | 正在保存文件：res://.godot/imported/workshop-source-r2.png-4607fcfedea315033820e9ec06a85fe9.ctex[39m[0m
[  71% ] [90m[1msavepack[22m | 正在保存文件：res://InheritanceTasks/Art/Pixel/v2/review/generated-workshop/workshop-source-r2.png.import[39m[0m
[  71% ] [90m[1msavepack[22m | 正在保存文件：res://InheritanceTasks/Art/Pixel/v2/review/workshop-composition-r2/contact-anchors.json[39m[0m
[  71% ] [90m[1msavepack[22m | 正在保存文件：res://.godot/imported/travel-work-keyframe1.png-1f77058b8cf44f4e06a6be88b7fa79ee.ctex[39m[0m
[  71% ] [90m[1msavepack[22m | 正在保存文件：res://InheritanceTasks/Art/Pixel/v2/review/workshop-composition-r2/travel-work-keyframe1.png.import[39m[0m
[  71% ] [90m[1msavepack[22m | 正在保存文件：res://.godot/imported/travel-work-keyframe2.png-e245dd3446a4cb2f0a77d9a51722e2d9.ctex[39m[0m
[  71% ] [90m[1msavepack[22m | 正在保存文件：res://InheritanceTasks/Art/Pixel/v2/review/workshop-composition-r2/travel-work-keyframe2.png.import[39m[0m
[  71% ] [90m[1msavepack[22m | 正在保存文件：res://.godot/imported/travel-work-keyframe3.png-147d3a60853848cdf68620a7c5048e6f.ctex[39m[0m
[  71% ] [90m[1msavepack[22m | 正在保存文件：res://InheritanceTasks/Art/Pixel/v2/review/workshop-composition-r2/travel-work-keyframe3.png.import[39m[0m
[  71% ] [90m[1msavepack[22m | 正在保存文件：res://.godot/imported/travel-work-keyframe4.png-d787fcae702c994a6da5a77603610bf8.ctex[39m[0m
[  71% ] [90m[1msavepack[22m | 正在保存文件：res://InheritanceTasks/Art/Pixel/v2/review/workshop-composition-r2/travel-work-keyframe4.png.import[39m[0m
[  71% ] [90m[1msavepack[22m | 正在保存文件：res://.godot/imported/travel-work-keyframe5.png-d0582996c6486012d376ac858fc5365a.ctex[39m[0m
[  71% ] [90m[1msavepack[22m | 正在保存文件：res://InheritanceTasks/Art/Pixel/v2/review/workshop-composition-r2/travel-work-keyframe5.png.import[39m[0m
[  72% ] [90m[1msavepack[22m | 正在保存文件：res://.godot/imported/travel-work-keyframe6.png-e12bf2ad9d93dbeac28bb27a1107fc96.ctex[39m[0m
[  72% ] [90m[1msavepack[22m | 正在保存文件：res://InheritanceTasks/Art/Pixel/v2/review/workshop-composition-r2/travel-work-keyframe6.png.import[39m[0m
[  72% ] [90m[1msavepack[22m | 正在保存文件：res://.godot/imported/travel-work-keyframe7.png-3c9c86a079303c41353373f28998320c.ctex[39m[0m
[  72% ] [90m[1msavepack[22m | 正在保存文件：res://InheritanceTasks/Art/Pixel/v2/review/workshop-composition-r2/travel-work-keyframe7.png.import[39m[0m
[  72% ] [90m[1msavepack[22m | 正在保存文件：res://.godot/imported/travel-work-keyframe8.png-6a6b4f34801f6466b87d65b589d1be41.ctex[39m[0m
[  72% ] [90m[1msavepack[22m | 正在保存文件：res://InheritanceTasks/Art/Pixel/v2/review/workshop-composition-r2/travel-work-keyframe8.png.import[39m[0m
[  72% ] [90m[1msavepack[22m | 正在保存文件：res://.godot/imported/workshop-travel-review1.png-b6a5344c1f08717d6092f81cba2c9380.ctex[39m[0m
[  72% ] [90m[1msavepack[22m | 正在保存文件：res://InheritanceTasks/Art/Pixel/v2/review/workshop-composition-r2/workshop-travel-review1.png.import[39m[0m
[  72% ] [90m[1msavepack[22m | 正在保存文件：res://.godot/imported/workshop-travel-review2.png-7805222c1f9c00f3f82d6cc7447ba998.ctex[39m[0m
[  72% ] [90m[1msavepack[22m | 正在保存文件：res://InheritanceTasks/Art/Pixel/v2/review/workshop-composition-r2/workshop-travel-review2.png.import[39m[0m
[  72% ] [90m[1msavepack[22m | 正在保存文件：res://.godot/imported/workshop-travel-review3.png-f81029b37d927a58eabfde04e6051bf1.ctex[39m[0m
[  72% ] [90m[1msavepack[22m | 正在保存文件：res://InheritanceTasks/Art/Pixel/v2/review/workshop-composition-r2/workshop-travel-review3.png.import[39m[0m
[  72% ] [90m[1msavepack[22m | 正在保存文件：res://.godot/imported/workshop-travel-review4.png-2c649f13edd160ffb8a2d7cc4c2bee68.ctex[39m[0m
[  72% ] [90m[1msavepack[22m | 正在保存文件：res://InheritanceTasks/Art/Pixel/v2/review/workshop-composition-r2/workshop-travel-review4.png.import[39m[0m
[  72% ] [90m[1msavepack[22m | 正在保存文件：res://.godot/imported/workshop-travel-review5.png-7554b55bc9dd308b6cf8b70627f0c41c.ctex[39m[0m
[  72% ] [90m[1msavepack[22m | 正在保存文件：res://InheritanceTasks/Art/Pixel/v2/review/workshop-composition-r2/workshop-travel-review5.png.import[39m[0m
[  72% ] [90m[1msavepack[22m | 正在保存文件：res://.godot/imported/workshop-travel-review6.png-6a8565c02ddab30f2c7189ac7bf8b207.ctex[39m[0m
[  72% ] [90m[1msavepack[22m | 正在保存文件：res://InheritanceTasks/Art/Pixel/v2/review/workshop-composition-r2/workshop-travel-review6.png.import[39m[0m
[  72% ] [90m[1msavepack[22m | 正在保存文件：res://.godot/imported/workshop-travel-review7.png-e764133a9d491c3e25a67a91ab626fa9.ctex[39m[0m
[  72% ] [90m[1msavepack[22m | 正在保存文件：res://InheritanceTasks/Art/Pixel/v2/review/workshop-composition-r2/workshop-travel-review7.png.import[39m[0m
[  72% ] [90m[1msavepack[22m | 正在保存文件：res://.godot/imported/workshop-travel-review8.png-a1347ca4f3f9e6ffe9dee8c22c236c81.ctex[39m[0m
[  72% ] [90m[1msavepack[22m | 正在保存文件：res://InheritanceTasks/Art/Pixel/v2/review/workshop-composition-r2/workshop-travel-review8.png.import[39m[0m
[  72% ] [90m[1msavepack[22m | 正在保存文件：res://.godot/imported/workshop-travel-review-2x1.png-3b00c95a97b7a889d2f1fe937894791c.ctex[39m[0m
[  72% ] [90m[1msavepack[22m | 正在保存文件：res://InheritanceTasks/Art/Pixel/v2/review/workshop-composition-r2/workshop-travel-review-2x1.png.import[39m[0m
[  72% ] [90m[1msavepack[22m | 正在保存文件：res://.godot/imported/workshop-travel-review-2x2.png-b658d04402985c726486f047d2baab48.ctex[39m[0m
[  72% ] [90m[1msavepack[22m | 正在保存文件：res://InheritanceTasks/Art/Pixel/v2/review/workshop-composition-r2/workshop-travel-review-2x2.png.import[39m[0m
[  72% ] [90m[1msavepack[22m | 正在保存文件：res://.godot/imported/workshop-travel-review-2x3.png-5b87d68903311ac95cfcabd81f8d8250.ctex[39m[0m
[  72% ] [90m[1msavepack[22m | 正在保存文件：res://InheritanceTasks/Art/Pixel/v2/review/workshop-composition-r2/workshop-travel-review-2x3.png.import[39m[0m
[  72% ] [90m[1msavepack[22m | 正在保存文件：res://.godot/imported/workshop-travel-review-2x4.png-7f29eb38450afda2b332cd38c9e7ab33.ctex[39m[0m
[  72% ] [90m[1msavepack[22m | 正在保存文件：res://InheritanceTasks/Art/Pixel/v2/review/workshop-composition-r2/workshop-travel-review-2x4.png.import[39m[0m
[  72% ] [90m[1msavepack[22m | 正在保存文件：res://.godot/imported/workshop-travel-review-2x5.png-3aac6bb865ccefac04408e38b920f686.ctex[39m[0m
[  72% ] [90m[1msavepack[22m | 正在保存文件：res://InheritanceTasks/Art/Pixel/v2/review/workshop-composition-r2/workshop-travel-review-2x5.png.import[39m[0m
[  72% ] [90m[1msavepack[22m | 正在保存文件：res://.godot/imported/workshop-travel-review-2x6.png-8a09db8837091ed2c25b3bb2f96f4f33.ctex[39m[0m
[  72% ] [90m[1msavepack[22m | 正在保存文件：res://InheritanceTasks/Art/Pixel/v2/review/workshop-composition-r2/workshop-travel-review-2x6.png.import[39m[0m
[  72% ] [90m[1msavepack[22m | 正在保存文件：res://.godot/imported/workshop-travel-review-2x7.png-6e057c47e261700cd2499d78f01f44c0.ctex[39m[0m
[  72% ] [90m[1msavepack[22m | 正在保存文件：res://InheritanceTasks/Art/Pixel/v2/review/workshop-composition-r2/workshop-travel-review-2x7.png.import[39m[0m
[  72% ] [90m[1msavepack[22m | 正在保存文件：res://.godot/imported/workshop-travel-review-2x8.png-68e672aca319b803a4d143f3bc17de96.ctex[39m[0m
[  72% ] [90m[1msavepack[22m | 正在保存文件：res://InheritanceTasks/Art/Pixel/v2/review/workshop-composition-r2/workshop-travel-review-2x8.png.import[39m[0m
[  73% ] [90m[1msavepack[22m | 正在保存文件：res://.godot/imported/bellows-cycle1.png-39d711745588e59263399c883087e5a0.ctex[39m[0m
[  73% ] [90m[1msavepack[22m | 正在保存文件：res://InheritanceTasks/Art/Pixel/v2/review/workshop-motion-r3/bellows-cycle1.png.import[39m[0m
[  73% ] [90m[1msavepack[22m | 正在保存文件：res://.godot/imported/bellows-cycle2.png-5adc09e8fe27b89b60ee76a93a32b6da.ctex[39m[0m
[  73% ] [90m[1msavepack[22m | 正在保存文件：res://InheritanceTasks/Art/Pixel/v2/review/workshop-motion-r3/bellows-cycle2.png.import[39m[0m
[  73% ] [90m[1msavepack[22m | 正在保存文件：res://.godot/imported/bellows-cycle3.png-20dab0e761f3f14c3606435c869077ad.ctex[39m[0m
[  73% ] [90m[1msavepack[22m | 正在保存文件：res://InheritanceTasks/Art/Pixel/v2/review/workshop-motion-r3/bellows-cycle3.png.import[39m[0m
[  73% ] [90m[1msavepack[22m | 正在保存文件：res://.godot/imported/bellows-cycle4.png-86b826f0e6498c10686b7e92d3682675.ctex[39m[0m
[  73% ] [90m[1msavepack[22m | 正在保存文件：res://InheritanceTasks/Art/Pixel/v2/review/workshop-motion-r3/bellows-cycle4.png.import[39m[0m
[  73% ] [90m[1msavepack[22m | 正在保存文件：res://.godot/imported/bellows-cycle5.png-816c4432306884199fd82c862d132c63.ctex[39m[0m
[  73% ] [90m[1msavepack[22m | 正在保存文件：res://InheritanceTasks/Art/Pixel/v2/review/workshop-motion-r3/bellows-cycle5.png.import[39m[0m
[  73% ] [90m[1msavepack[22m | 正在保存文件：res://.godot/imported/bellows-cycle6.png-8aa4ce8dcfb46320f9534a456bb1311b.ctex[39m[0m
[  73% ] [90m[1msavepack[22m | 正在保存文件：res://InheritanceTasks/Art/Pixel/v2/review/workshop-motion-r3/bellows-cycle6.png.import[39m[0m
[  73% ] [90m[1msavepack[22m | 正在保存文件：res://.godot/imported/bellows-cycle7.png-dcd48af60978daf5dd832f402a0bc95c.ctex[39m[0m
[  73% ] [90m[1msavepack[22m | 正在保存文件：res://InheritanceTasks/Art/Pixel/v2/review/workshop-motion-r3/bellows-cycle7.png.import[39m[0m
[  73% ] [90m[1msavepack[22m | 正在保存文件：res://.godot/imported/bellows-cycle8.png-48a6b224f7bb65c4007a16b1240ec024.ctex[39m[0m
[  73% ] [90m[1msavepack[22m | 正在保存文件：res://InheritanceTasks/Art/Pixel/v2/review/workshop-motion-r3/bellows-cycle8.png.import[39m[0m
[  73% ] [90m[1msavepack[22m | 正在保存文件：res://.godot/imported/bellows-cycle9.png-a8e48ce07a0e25a19ccde8e4157b56cf.ctex[39m[0m
[  73% ] [90m[1msavepack[22m | 正在保存文件：res://InheritanceTasks/Art/Pixel/v2/review/workshop-motion-r3/bellows-cycle9.png.import[39m[0m
[  73% ] [90m[1msavepack[22m | 正在保存文件：res://.godot/imported/bellows-cycle10.png-b3da07a04f937993bed1bc085da4a36f.ctex[39m[0m
[  73% ] [90m[1msavepack[22m | 正在保存文件：res://InheritanceTasks/Art/Pixel/v2/review/workshop-motion-r3/bellows-cycle10.png.import[39m[0m
[  73% ] [90m[1msavepack[22m | 正在保存文件：res://.godot/imported/bellows-cycle11.png-35c0c44ddc3e39122ca771369395fe71.ctex[39m[0m
[  73% ] [90m[1msavepack[22m | 正在保存文件：res://InheritanceTasks/Art/Pixel/v2/review/workshop-motion-r3/bellows-cycle11.png.import[39m[0m
[  73% ] [90m[1msavepack[22m | 正在保存文件：res://.godot/imported/bellows-cycle12.png-991705bc2b73f84d726b1ac557036e45.ctex[39m[0m
[  73% ] [90m[1msavepack[22m | 正在保存文件：res://InheritanceTasks/Art/Pixel/v2/review/workshop-motion-r3/bellows-cycle12.png.import[39m[0m
[  73% ] [90m[1msavepack[22m | 正在保存文件：res://.godot/imported/bellows-cycle13.png-85b40921c6771246165db4da12dc5771.ctex[39m[0m
[  73% ] [90m[1msavepack[22m | 正在保存文件：res://InheritanceTasks/Art/Pixel/v2/review/workshop-motion-r3/bellows-cycle13.png.import[39m[0m
[  73% ] [90m[1msavepack[22m | 正在保存文件：res://.godot/imported/bellows-cycle14.png-4dce553286326628f7ba3a10c9838b65.ctex[39m[0m
[  73% ] [90m[1msavepack[22m | 正在保存文件：res://InheritanceTasks/Art/Pixel/v2/review/workshop-motion-r3/bellows-cycle14.png.import[39m[0m
[  73% ] [90m[1msavepack[22m | 正在保存文件：res://.godot/imported/bellows-cycle15.png-b4b03277cb9098e7111771153cdcd2d4.ctex[39m[0m
[  73% ] [90m[1msavepack[22m | 正在保存文件：res://InheritanceTasks/Art/Pixel/v2/review/workshop-motion-r3/bellows-cycle15.png.import[39m[0m
[  73% ] [90m[1msavepack[22m | 正在保存文件：res://.godot/imported/bellows-cycle16.png-31d2f0f94b023a8e1d3fdee8e503296c.ctex[39m[0m
[  73% ] [90m[1msavepack[22m | 正在保存文件：res://InheritanceTasks/Art/Pixel/v2/review/workshop-motion-r3/bellows-cycle16.png.import[39m[0m
[  73% ] [90m[1msavepack[22m | 正在保存文件：res://.godot/imported/bellows-cycle17.png-c58fd5e7c2e9004cdaf5f4c2355a07e1.ctex[39m[0m
[  73% ] [90m[1msavepack[22m | 正在保存文件：res://InheritanceTasks/Art/Pixel/v2/review/workshop-motion-r3/bellows-cycle17.png.import[39m[0m
[  73% ] [90m[1msavepack[22m | 正在保存文件：res://.godot/imported/bellows-cycle18.png-dbbc731081fa2fa397ab52616951191d.ctex[39m[0m
[  73% ] [90m[1msavepack[22m | 正在保存文件：res://InheritanceTasks/Art/Pixel/v2/review/workshop-motion-r3/bellows-cycle18.png.import[39m[0m
[  73% ] [90m[1msavepack[22m | 正在保存文件：res://.godot/imported/bellows-cycle19.png-6df5a7945f6f48beca677cf9668e7cc6.ctex[39m[0m
[  73% ] [90m[1msavepack[22m | 正在保存文件：res://InheritanceTasks/Art/Pixel/v2/review/workshop-motion-r3/bellows-cycle19.png.import[39m[0m
[  74% ] [90m[1msavepack[22m | 正在保存文件：res://.godot/imported/bellows-cycle20.png-a67b5addf7151e7f3436b6664956a437.ctex[39m[0m
[  74% ] [90m[1msavepack[22m | 正在保存文件：res://InheritanceTasks/Art/Pixel/v2/review/workshop-motion-r3/bellows-cycle20.png.import[39m[0m
[  74% ] [90m[1msavepack[22m | 正在保存文件：res://.godot/imported/bellows-cycle21.png-70c963c59fb0ea36a9668f31183c36ff.ctex[39m[0m
[  74% ] [90m[1msavepack[22m | 正在保存文件：res://InheritanceTasks/Art/Pixel/v2/review/workshop-motion-r3/bellows-cycle21.png.import[39m[0m
[  74% ] [90m[1msavepack[22m | 正在保存文件：res://.godot/imported/bellows-cycle22.png-8f8df8aa2fb1b216170850660b4bae66.ctex[39m[0m
[  74% ] [90m[1msavepack[22m | 正在保存文件：res://InheritanceTasks/Art/Pixel/v2/review/workshop-motion-r3/bellows-cycle22.png.import[39m[0m
[  74% ] [90m[1msavepack[22m | 正在保存文件：res://.godot/imported/bellows-cycle23.png-133cbe54fc0c020183806b1085148c69.ctex[39m[0m
[  74% ] [90m[1msavepack[22m | 正在保存文件：res://InheritanceTasks/Art/Pixel/v2/review/workshop-motion-r3/bellows-cycle23.png.import[39m[0m
[  74% ] [90m[1msavepack[22m | 正在保存文件：res://.godot/imported/bellows-cycle24.png-971d7c7aecfb0218d3d7e13fd9cbeb45.ctex[39m[0m
[  74% ] [90m[1msavepack[22m | 正在保存文件：res://InheritanceTasks/Art/Pixel/v2/review/workshop-motion-r3/bellows-cycle24.png.import[39m[0m
[  74% ] [90m[1msavepack[22m | 正在保存文件：res://InheritanceTasks/Art/Pixel/v2/review/workshop-motion-r3/body-anchors.json[39m[0m
[  74% ] [90m[1msavepack[22m | 正在保存文件：res://.godot/imported/clean-background.png-2519300e56b7adb8b6a6d62b582a6f33.ctex[39m[0m
[  74% ] [90m[1msavepack[22m | 正在保存文件：res://InheritanceTasks/Art/Pixel/v2/review/workshop-motion-r3/clean-background.png.import[39m[0m
[  74% ] [90m[1msavepack[22m | 正在保存文件：res://InheritanceTasks/Art/Pixel/v2/review/workshop-motion-r3/fire-anchors-and-layers.json[39m[0m
[  74% ] [90m[1msavepack[22m | 正在保存文件：res://.godot/imported/fire-atlas.png-f39fe0ebcda32e31293d440dcafd654f.ctex[39m[0m
[  74% ] [90m[1msavepack[22m | 正在保存文件：res://InheritanceTasks/Art/Pixel/v2/review/workshop-motion-r3/fire-atlas.png.import[39m[0m
[  74% ] [90m[1msavepack[22m | 正在保存文件：res://.godot/imported/furnace-foreground.png-8140984b092eebe6307c2c56891c8b5f.ctex[39m[0m
[  74% ] [90m[1msavepack[22m | 正在保存文件：res://InheritanceTasks/Art/Pixel/v2/review/workshop-motion-r3/furnace-foreground.png.import[39m[0m
[  74% ] [90m[1msavepack[22m | 正在保存文件：res://.godot/imported/furnace-high-sample-4x.png-039e04a680c58ac156c87473c45e268e.ctex[39m[0m
[  74% ] [90m[1msavepack[22m | 正在保存文件：res://InheritanceTasks/Art/Pixel/v2/review/workshop-motion-r3/furnace-high-sample-4x.png.import[39m[0m
[  74% ] [90m[1msavepack[22m | 正在保存文件：res://.godot/imported/furnace-low-sample-4x.png-f395434d1db5639eef4ea92ce723b696.ctex[39m[0m
[  74% ] [90m[1msavepack[22m | 正在保存文件：res://InheritanceTasks/Art/Pixel/v2/review/workshop-motion-r3/furnace-low-sample-4x.png.import[39m[0m
[  74% ] [90m[1msavepack[22m | 正在保存文件：res://.godot/imported/furnace-medium-all-frames-2x.png-cdf278eebc2c82335d907e57c72d6699.ctex[39m[0m
[  74% ] [90m[1msavepack[22m | 正在保存文件：res://InheritanceTasks/Art/Pixel/v2/review/workshop-motion-r3/furnace-medium-all-frames-2x.png.import[39m[0m
[  74% ] [90m[1msavepack[22m | 正在保存文件：res://.godot/imported/furnace-medium-sample-4x.png-da68d87f3e7587f9a33face2914c851a.ctex[39m[0m
[  74% ] [90m[1msavepack[22m | 正在保存文件：res://InheritanceTasks/Art/Pixel/v2/review/workshop-motion-r3/furnace-medium-sample-4x.png.import[39m[0m
[  74% ] [90m[1msavepack[22m | 正在保存文件：res://.godot/imported/furnace-original-4x.png-20b4bf4f5bc8ce2174ae7d729770f3c1.ctex[39m[0m
[  74% ] [90m[1msavepack[22m | 正在保存文件：res://InheritanceTasks/Art/Pixel/v2/review/workshop-motion-r3/furnace-original-4x.png.import[39m[0m
[  74% ] [90m[1msavepack[22m | 正在保存文件：res://.godot/imported/lower-interior-mask.png-e3c0057fc89256fd4cf6502d174f3d73.ctex[39m[0m
[  74% ] [90m[1msavepack[22m | 正在保存文件：res://InheritanceTasks/Art/Pixel/v2/review/workshop-motion-r3/lower-interior-mask.png.import[39m[0m
[  74% ] [90m[1msavepack[22m | 正在保存文件：res://.godot/imported/main-interior-mask.png-bab05b68e77eb1512f07e6f7c6c16b43.ctex[39m[0m
[  74% ] [90m[1msavepack[22m | 正在保存文件：res://InheritanceTasks/Art/Pixel/v2/review/workshop-motion-r3/main-interior-mask.png.import[39m[0m
[  74% ] [90m[1msavepack[22m | 正在保存文件：res://.godot/imported/pot-mask.png-4e8f0031427a38c7f908b6b89ba174b3.ctex[39m[0m
[  74% ] [90m[1msavepack[22m | 正在保存文件：res://InheritanceTasks/Art/Pixel/v2/review/workshop-motion-r3/pot-mask.png.import[39m[0m
[  74% ] [90m[1msavepack[22m | 正在保存文件：res://.godot/imported/smoke-atlas.png-799d16ad19ec6821bef4234832c99a5e.ctex[39m[0m
[  74% ] [90m[1msavepack[22m | 正在保存文件：res://InheritanceTasks/Art/Pixel/v2/review/workshop-motion-r3/smoke-atlas.png.import[39m[0m
[  74% ] [90m[1msavepack[22m | 正在保存文件：res://.godot/imported/travel-work-cycle1.png-3786666703f940b3a3cbe4066f549271.ctex[39m[0m
[  74% ] [90m[1msavepack[22m | 正在保存文件：res://InheritanceTasks/Art/Pixel/v2/review/workshop-motion-r3/travel-work-cycle1.png.import[39m[0m
[  75% ] [90m[1msavepack[22m | 正在保存文件：res://.godot/imported/travel-work-cycle2.png-3a1d3aa919f4235f644b55eb75dad048.ctex[39m[0m
[  75% ] [90m[1msavepack[22m | 正在保存文件：res://InheritanceTasks/Art/Pixel/v2/review/workshop-motion-r3/travel-work-cycle2.png.import[39m[0m
[  75% ] [90m[1msavepack[22m | 正在保存文件：res://.godot/imported/travel-work-cycle3.png-6911280ea7f31986226f793cccefc3f2.ctex[39m[0m
[  75% ] [90m[1msavepack[22m | 正在保存文件：res://InheritanceTasks/Art/Pixel/v2/review/workshop-motion-r3/travel-work-cycle3.png.import[39m[0m
[  75% ] [90m[1msavepack[22m | 正在保存文件：res://.godot/imported/travel-work-cycle4.png-74cb1b73d886d5126a11e04f2a197fe4.ctex[39m[0m
[  75% ] [90m[1msavepack[22m | 正在保存文件：res://InheritanceTasks/Art/Pixel/v2/review/workshop-motion-r3/travel-work-cycle4.png.import[39m[0m
[  75% ] [90m[1msavepack[22m | 正在保存文件：res://.godot/imported/travel-work-cycle5.png-87e861e0e29a6a102049bc92ae65080a.ctex[39m[0m
[  75% ] [90m[1msavepack[22m | 正在保存文件：res://InheritanceTasks/Art/Pixel/v2/review/workshop-motion-r3/travel-work-cycle5.png.import[39m[0m
[  75% ] [90m[1msavepack[22m | 正在保存文件：res://.godot/imported/travel-work-cycle6.png-1551b3deabf97e451376f5f128f927d5.ctex[39m[0m
[  75% ] [90m[1msavepack[22m | 正在保存文件：res://InheritanceTasks/Art/Pixel/v2/review/workshop-motion-r3/travel-work-cycle6.png.import[39m[0m
[  75% ] [90m[1msavepack[22m | 正在保存文件：res://.godot/imported/travel-work-cycle7.png-24e3dc4e3de9fba4b7b181f7b7c33896.ctex[39m[0m
[  75% ] [90m[1msavepack[22m | 正在保存文件：res://InheritanceTasks/Art/Pixel/v2/review/workshop-motion-r3/travel-work-cycle7.png.import[39m[0m
[  75% ] [90m[1msavepack[22m | 正在保存文件：res://.godot/imported/travel-work-cycle8.png-2843771c74047122336d17013d00e86e.ctex[39m[0m
[  75% ] [90m[1msavepack[22m | 正在保存文件：res://InheritanceTasks/Art/Pixel/v2/review/workshop-motion-r3/travel-work-cycle8.png.import[39m[0m
[  75% ] [90m[1msavepack[22m | 正在保存文件：res://.godot/imported/travel-work-cycle9.png-c4926c605a821ac05d659d27b0a609a7.ctex[39m[0m
[  75% ] [90m[1msavepack[22m | 正在保存文件：res://InheritanceTasks/Art/Pixel/v2/review/workshop-motion-r3/travel-work-cycle9.png.import[39m[0m
[  75% ] [90m[1msavepack[22m | 正在保存文件：res://.godot/imported/travel-work-cycle10.png-7282eefe4862467a0204970a392a661e.ctex[39m[0m
[  75% ] [90m[1msavepack[22m | 正在保存文件：res://InheritanceTasks/Art/Pixel/v2/review/workshop-motion-r3/travel-work-cycle10.png.import[39m[0m
[  75% ] [90m[1msavepack[22m | 正在保存文件：res://.godot/imported/travel-work-cycle11.png-8684bfcea59a5995f9df1be2373c8df7.ctex[39m[0m
[  75% ] [90m[1msavepack[22m | 正在保存文件：res://InheritanceTasks/Art/Pixel/v2/review/workshop-motion-r3/travel-work-cycle11.png.import[39m[0m
[  75% ] [90m[1msavepack[22m | 正在保存文件：res://.godot/imported/travel-work-cycle12.png-d8a29b914186ccbca09df64369ffc430.ctex[39m[0m
[  75% ] [90m[1msavepack[22m | 正在保存文件：res://InheritanceTasks/Art/Pixel/v2/review/workshop-motion-r3/travel-work-cycle12.png.import[39m[0m
[  75% ] [90m[1msavepack[22m | 正在保存文件：res://.godot/imported/travel-work-cycle13.png-a35ff139e575b18756aab9784fee6a62.ctex[39m[0m
[  75% ] [90m[1msavepack[22m | 正在保存文件：res://InheritanceTasks/Art/Pixel/v2/review/workshop-motion-r3/travel-work-cycle13.png.import[39m[0m
[  75% ] [90m[1msavepack[22m | 正在保存文件：res://.godot/imported/travel-work-cycle14.png-acb0e9b3da855c44a41a072b0524eee0.ctex[39m[0m
[  75% ] [90m[1msavepack[22m | 正在保存文件：res://InheritanceTasks/Art/Pixel/v2/review/workshop-motion-r3/travel-work-cycle14.png.import[39m[0m
[  75% ] [90m[1msavepack[22m | 正在保存文件：res://.godot/imported/travel-work-cycle15.png-f55701f7b8e3779cc8875bc7cfd9249e.ctex[39m[0m
[  75% ] [90m[1msavepack[22m | 正在保存文件：res://InheritanceTasks/Art/Pixel/v2/review/workshop-motion-r3/travel-work-cycle15.png.import[39m[0m
[  75% ] [90m[1msavepack[22m | 正在保存文件：res://.godot/imported/travel-work-cycle16.png-ab7c94601f79294c681051aca244a69c.ctex[39m[0m
[  75% ] [90m[1msavepack[22m | 正在保存文件：res://InheritanceTasks/Art/Pixel/v2/review/workshop-motion-r3/travel-work-cycle16.png.import[39m[0m
[  75% ] [90m[1msavepack[22m | 正在保存文件：res://.godot/imported/travel-work-cycle17.png-f1fa0e8fc243752a285c13d94637a36e.ctex[39m[0m
[  75% ] [90m[1msavepack[22m | 正在保存文件：res://InheritanceTasks/Art/Pixel/v2/review/workshop-motion-r3/travel-work-cycle17.png.import[39m[0m
[  75% ] [90m[1msavepack[22m | 正在保存文件：res://.godot/imported/travel-work-cycle18.png-aa1f9d77b9569afefd1c321372cfcc53.ctex[39m[0m
[  75% ] [90m[1msavepack[22m | 正在保存文件：res://InheritanceTasks/Art/Pixel/v2/review/workshop-motion-r3/travel-work-cycle18.png.import[39m[0m
[  75% ] [90m[1msavepack[22m | 正在保存文件：res://.godot/imported/travel-work-cycle19.png-1e7b976c2e41a58c93f177b4d759752e.ctex[39m[0m
[  75% ] [90m[1msavepack[22m | 正在保存文件：res://InheritanceTasks/Art/Pixel/v2/review/workshop-motion-r3/travel-work-cycle19.png.import[39m[0m
[  75% ] [90m[1msavepack[22m | 正在保存文件：res://.godot/imported/travel-work-cycle20.png-32a9cbf6be38e4a8dbdb2fcbd38ae1cc.ctex[39m[0m
[  75% ] [90m[1msavepack[22m | 正在保存文件：res://InheritanceTasks/Art/Pixel/v2/review/workshop-motion-r3/travel-work-cycle20.png.import[39m[0m
[  76% ] [90m[1msavepack[22m | 正在保存文件：res://.godot/imported/travel-work-cycle21.png-860cc821f03adde04b8ce9326d687d30.ctex[39m[0m
[  76% ] [90m[1msavepack[22m | 正在保存文件：res://InheritanceTasks/Art/Pixel/v2/review/workshop-motion-r3/travel-work-cycle21.png.import[39m[0m
[  76% ] [90m[1msavepack[22m | 正在保存文件：res://.godot/imported/travel-work-cycle22.png-3cd8b47336fe5d1c5aa68aacb28f5bb5.ctex[39m[0m
[  76% ] [90m[1msavepack[22m | 正在保存文件：res://InheritanceTasks/Art/Pixel/v2/review/workshop-motion-r3/travel-work-cycle22.png.import[39m[0m
[  76% ] [90m[1msavepack[22m | 正在保存文件：res://.godot/imported/travel-work-cycle23.png-5ca3d38e36c5bd40a757fa70c12c91f2.ctex[39m[0m
[  76% ] [90m[1msavepack[22m | 正在保存文件：res://InheritanceTasks/Art/Pixel/v2/review/workshop-motion-r3/travel-work-cycle23.png.import[39m[0m
[  76% ] [90m[1msavepack[22m | 正在保存文件：res://.godot/imported/travel-work-cycle24.png-4970d6179ec5bdb8a10cb2933f42d19d.ctex[39m[0m
[  76% ] [90m[1msavepack[22m | 正在保存文件：res://InheritanceTasks/Art/Pixel/v2/review/workshop-motion-r3/travel-work-cycle24.png.import[39m[0m
[  76% ] [90m[1msavepack[22m | 正在保存文件：res://.godot/imported/warm-glow-atlas.png-d91983d46c6b0aa79a09a8a903a83d9f.ctex[39m[0m
[  76% ] [90m[1msavepack[22m | 正在保存文件：res://InheritanceTasks/Art/Pixel/v2/review/workshop-motion-r3/warm-glow-atlas.png.import[39m[0m
[  76% ] [90m[1msavepack[22m | 正在保存文件：res://.godot/imported/workshop-high-sample.png-5a8a20c7a500fc334f6204fa481e3f5d.ctex[39m[0m
[  76% ] [90m[1msavepack[22m | 正在保存文件：res://InheritanceTasks/Art/Pixel/v2/review/workshop-motion-r3/workshop-high-sample.png.import[39m[0m
[  76% ] [90m[1msavepack[22m | 正在保存文件：res://.godot/imported/workshop-low-sample.png-c62516c06419508c31286fe2266f4760.ctex[39m[0m
[  76% ] [90m[1msavepack[22m | 正在保存文件：res://InheritanceTasks/Art/Pixel/v2/review/workshop-motion-r3/workshop-low-sample.png.import[39m[0m
[  76% ] [90m[1msavepack[22m | 正在保存文件：res://.godot/imported/workshop-medium-sample.png-c7e96f03d3c86911fd95152415a7fb82.ctex[39m[0m
[  76% ] [90m[1msavepack[22m | 正在保存文件：res://InheritanceTasks/Art/Pixel/v2/review/workshop-motion-r3/workshop-medium-sample.png.import[39m[0m
[  76% ] [90m[1msavepack[22m | 正在保存文件：res://InheritanceTasks/Art/Pixel/v2/runtime/alchemy/adventure.json[39m[0m
[  76% ] [90m[1msavepack[22m | 正在保存文件：res://.godot/imported/adventure.png-79a3d2c955a52a170d720da89d2b5116.ctex[39m[0m
[  76% ] [90m[1msavepack[22m | 正在保存文件：res://InheritanceTasks/Art/Pixel/v2/runtime/alchemy/adventure.png.import[39m[0m
[  76% ] [90m[1msavepack[22m | 正在保存文件：res://InheritanceTasks/Art/Pixel/v2/runtime/alchemy/background.json[39m[0m
[  76% ] [90m[1msavepack[22m | 正在保存文件：res://.godot/imported/background.png-5e3b8afeeacf267b8a2742f1e5f7a7d7.ctex[39m[0m
[  76% ] [90m[1msavepack[22m | 正在保存文件：res://InheritanceTasks/Art/Pixel/v2/runtime/alchemy/background.png.import[39m[0m
[  76% ] [90m[1msavepack[22m | 正在保存文件：res://InheritanceTasks/Art/Pixel/v2/runtime/alchemy/bellows.json[39m[0m
[  76% ] [90m[1msavepack[22m | 正在保存文件：res://.godot/imported/bellows.png-bbeb1d77b83fe975fd4c1abfad3e3878.ctex[39m[0m
[  76% ] [90m[1msavepack[22m | 正在保存文件：res://InheritanceTasks/Art/Pixel/v2/runtime/alchemy/bellows.png.import[39m[0m
[  76% ] [90m[1msavepack[22m | 正在保存文件：res://InheritanceTasks/Art/Pixel/v2/runtime/alchemy/brew_gauge.json[39m[0m
[  76% ] [90m[1msavepack[22m | 正在保存文件：res://.godot/imported/brew_gauge.png-0cb1c270f098583b437e785de6c087d8.ctex[39m[0m
[  76% ] [90m[1msavepack[22m | 正在保存文件：res://InheritanceTasks/Art/Pixel/v2/runtime/alchemy/brew_gauge.png.import[39m[0m
[  76% ] [90m[1msavepack[22m | 正在保存文件：res://InheritanceTasks/Art/Pixel/v2/runtime/alchemy/business.json[39m[0m
[  76% ] [90m[1msavepack[22m | 正在保存文件：res://.godot/imported/business.png-5b10a620387baa87f1abeaa6c3a14e91.ctex[39m[0m
[  76% ] [90m[1msavepack[22m | 正在保存文件：res://InheritanceTasks/Art/Pixel/v2/runtime/alchemy/business.png.import[39m[0m
[  76% ] [90m[1msavepack[22m | 正在保存文件：res://InheritanceTasks/Art/Pixel/v2/runtime/alchemy/cover-adventure.json[39m[0m
[  77% ] [90m[1msavepack[22m | 正在保存文件：res://.godot/imported/cover-adventure.png-e70f5e90b9c7e046d85be4ad6e646caa.ctex[39m[0m
[  77% ] [90m[1msavepack[22m | 正在保存文件：res://InheritanceTasks/Art/Pixel/v2/runtime/alchemy/cover-adventure.png.import[39m[0m
[  77% ] [90m[1msavepack[22m | 正在保存文件：res://InheritanceTasks/Art/Pixel/v2/runtime/alchemy/cover-business.json[39m[0m
[  77% ] [90m[1msavepack[22m | 正在保存文件：res://.godot/imported/cover-business.png-602f78fa7c8f73243d715efa521d4503.ctex[39m[0m
[  77% ] [90m[1msavepack[22m | 正在保存文件：res://InheritanceTasks/Art/Pixel/v2/runtime/alchemy/cover-business.png.import[39m[0m
[  77% ] [90m[1msavepack[22m | 正在保存文件：res://InheritanceTasks/Art/Pixel/v2/runtime/alchemy/cover-food.json[39m[0m
[  77% ] [90m[1msavepack[22m | 正在保存文件：res://.godot/imported/cover-food.png-f1aae10467960440998996e476017b88.ctex[39m[0m
[  77% ] [90m[1msavepack[22m | 正在保存文件：res://InheritanceTasks/Art/Pixel/v2/runtime/alchemy/cover-food.png.import[39m[0m
[  77% ] [90m[1msavepack[22m | 正在保存文件：res://InheritanceTasks/Art/Pixel/v2/runtime/alchemy/cover-life.json[39m[0m
[  77% ] [90m[1msavepack[22m | 正在保存文件：res://.godot/imported/cover-life.png-6a92d3f1b6fd792f3efb890d5b2f48fa.ctex[39m[0m
[  77% ] [90m[1msavepack[22m | 正在保存文件：res://InheritanceTasks/Art/Pixel/v2/runtime/alchemy/cover-life.png.import[39m[0m
[  77% ] [90m[1msavepack[22m | 正在保存文件：res://InheritanceTasks/Art/Pixel/v2/runtime/alchemy/cover-magic.json[39m[0m
[  77% ] [90m[1msavepack[22m | 正在保存文件：res://.godot/imported/cover-magic.png-acee233ad600da64e207fc51d2ba2c86.ctex[39m[0m
[  77% ] [90m[1msavepack[22m | 正在保存文件：res://InheritanceTasks/Art/Pixel/v2/runtime/alchemy/cover-magic.png.import[39m[0m
[  77% ] [90m[1msavepack[22m | 正在保存文件：res://InheritanceTasks/Art/Pixel/v2/runtime/alchemy/cover-travel.json[39m[0m
[  77% ] [90m[1msavepack[22m | 正在保存文件：res://.godot/imported/cover-travel.png-eb1c36f2e265be8d39b62413856c2cc2.ctex[39m[0m
[  77% ] [90m[1msavepack[22m | 正在保存文件：res://InheritanceTasks/Art/Pixel/v2/runtime/alchemy/cover-travel.png.import[39m[0m
[  77% ] [90m[1msavepack[22m | 正在保存文件：res://InheritanceTasks/Art/Pixel/v2/runtime/alchemy/cover.json[39m[0m
[  77% ] [90m[1msavepack[22m | 正在保存文件：res://.godot/imported/cover.png-1cc5ebd41d228fa8adf345f6287c4a17.ctex[39m[0m
[  77% ] [90m[1msavepack[22m | 正在保存文件：res://InheritanceTasks/Art/Pixel/v2/runtime/alchemy/cover.png.import[39m[0m
[  77% ] [90m[1msavepack[22m | 正在保存文件：res://InheritanceTasks/Art/Pixel/v2/runtime/alchemy/fire.json[39m[0m
[  77% ] [90m[1msavepack[22m | 正在保存文件：res://.godot/imported/fire.png-3412a0374e658ece2c87173a79bc4c60.ctex[39m[0m
[  77% ] [90m[1msavepack[22m | 正在保存文件：res://InheritanceTasks/Art/Pixel/v2/runtime/alchemy/fire.png.import[39m[0m
[  77% ] [90m[1msavepack[22m | 正在保存文件：res://InheritanceTasks/Art/Pixel/v2/runtime/alchemy/food.json[39m[0m
[  77% ] [90m[1msavepack[22m | 正在保存文件：res://.godot/imported/food.png-035bb57d935606700b083f3a7ae862db.ctex[39m[0m
[  77% ] [90m[1msavepack[22m | 正在保存文件：res://InheritanceTasks/Art/Pixel/v2/runtime/alchemy/food.png.import[39m[0m
[  77% ] [90m[1msavepack[22m | 正在保存文件：res://InheritanceTasks/Art/Pixel/v2/runtime/alchemy/furnace.json[39m[0m
[  77% ] [90m[1msavepack[22m | 正在保存文件：res://.godot/imported/furnace.png-c3e6d4b33674b6ac107641c118e959ae.ctex[39m[0m
[  77% ] [90m[1msavepack[22m | 正在保存文件：res://InheritanceTasks/Art/Pixel/v2/runtime/alchemy/furnace.png.import[39m[0m
[  78% ] [90m[1msavepack[22m | 正在保存文件：res://InheritanceTasks/Art/Pixel/v2/runtime/alchemy/heat_gauge.json[39m[0m
[  78% ] [90m[1msavepack[22m | 正在保存文件：res://.godot/imported/heat_gauge.png-c277bb08266b9803d5a4edd72054e05e.ctex[39m[0m
[  78% ] [90m[1msavepack[22m | 正在保存文件：res://InheritanceTasks/Art/Pixel/v2/runtime/alchemy/heat_gauge.png.import[39m[0m
[  78% ] [90m[1msavepack[22m | 正在保存文件：res://InheritanceTasks/Art/Pixel/v2/runtime/alchemy/life.json[39m[0m
[  78% ] [90m[1msavepack[22m | 正在保存文件：res://.godot/imported/life.png-182431b4e0fd5df84793b251606e6b93.ctex[39m[0m
[  78% ] [90m[1msavepack[22m | 正在保存文件：res://InheritanceTasks/Art/Pixel/v2/runtime/alchemy/life.png.import[39m[0m
[  78% ] [90m[1msavepack[22m | 正在保存文件：res://InheritanceTasks/Art/Pixel/v2/runtime/alchemy/magic.json[39m[0m
[  78% ] [90m[1msavepack[22m | 正在保存文件：res://.godot/imported/magic.png-dfab3dcef95f575fc68e4efcb0b94ddf.ctex[39m[0m
[  78% ] [90m[1msavepack[22m | 正在保存文件：res://InheritanceTasks/Art/Pixel/v2/runtime/alchemy/magic.png.import[39m[0m
[  78% ] [90m[1msavepack[22m | 正在保存文件：res://InheritanceTasks/Art/Pixel/v2/runtime/alchemy/travel.json[39m[0m
[  78% ] [90m[1msavepack[22m | 正在保存文件：res://.godot/imported/travel.png-9bbab16656f3a9684b0ed4f5d86d37e2.ctex[39m[0m
[  78% ] [90m[1msavepack[22m | 正在保存文件：res://InheritanceTasks/Art/Pixel/v2/runtime/alchemy/travel.png.import[39m[0m
[  78% ] [90m[1msavepack[22m | 正在保存文件：res://InheritanceTasks/Art/Pixel/v2/runtime/shennong/adventure.json[39m[0m
[  78% ] [90m[1msavepack[22m | 正在保存文件：res://.godot/imported/adventure.png-ee454226e3e1b3e86295cee3ccf5751a.ctex[39m[0m
[  78% ] [90m[1msavepack[22m | 正在保存文件：res://InheritanceTasks/Art/Pixel/v2/runtime/shennong/adventure.png.import[39m[0m
[  78% ] [90m[1msavepack[22m | 正在保存文件：res://InheritanceTasks/Art/Pixel/v2/runtime/shennong/background-0.json[39m[0m
[  78% ] [90m[1msavepack[22m | 正在保存文件：res://.godot/imported/background-0.png-3847098e236b31f418ef9eb268925498.ctex[39m[0m
[  78% ] [90m[1msavepack[22m | 正在保存文件：res://InheritanceTasks/Art/Pixel/v2/runtime/shennong/background-0.png.import[39m[0m
[  78% ] [90m[1msavepack[22m | 正在保存文件：res://InheritanceTasks/Art/Pixel/v2/runtime/shennong/background-1.json[39m[0m
[  78% ] [90m[1msavepack[22m | 正在保存文件：res://.godot/imported/background-1.png-273ea0d07d6e403eab3f8e838666951c.ctex[39m[0m
[  78% ] [90m[1msavepack[22m | 正在保存文件：res://InheritanceTasks/Art/Pixel/v2/runtime/shennong/background-1.png.import[39m[0m
[  78% ] [90m[1msavepack[22m | 正在保存文件：res://InheritanceTasks/Art/Pixel/v2/runtime/shennong/background-2.json[39m[0m
[  78% ] [90m[1msavepack[22m | 正在保存文件：res://.godot/imported/background-2.png-2dfcdc65de8384d5ea387e7d7c89eca8.ctex[39m[0m
[  78% ] [90m[1msavepack[22m | 正在保存文件：res://InheritanceTasks/Art/Pixel/v2/runtime/shennong/background-2.png.import[39m[0m
[  78% ] [90m[1msavepack[22m | 正在保存文件：res://InheritanceTasks/Art/Pixel/v2/runtime/shennong/branch.json[39m[0m
[  78% ] [90m[1msavepack[22m | 正在保存文件：res://.godot/imported/branch.png-842c1f9a0e955147e1aec58933fb1734.ctex[39m[0m
[  78% ] [90m[1msavepack[22m | 正在保存文件：res://InheritanceTasks/Art/Pixel/v2/runtime/shennong/branch.png.import[39m[0m
[  78% ] [90m[1msavepack[22m | 正在保存文件：res://InheritanceTasks/Art/Pixel/v2/runtime/shennong/business.json[39m[0m
[  79% ] [90m[1msavepack[22m | 正在保存文件：res://.godot/imported/business.png-420795df3835112ac1906572273ee3f1.ctex[39m[0m
[  79% ] [90m[1msavepack[22m | 正在保存文件：res://InheritanceTasks/Art/Pixel/v2/runtime/shennong/business.png.import[39m[0m
[  79% ] [90m[1msavepack[22m | 正在保存文件：res://InheritanceTasks/Art/Pixel/v2/runtime/shennong/creek.json[39m[0m
[  79% ] [90m[1msavepack[22m | 正在保存文件：res://.godot/imported/creek.png-61e4c4e0423b62de8086098377642156.ctex[39m[0m
[  79% ] [90m[1msavepack[22m | 正在保存文件：res://InheritanceTasks/Art/Pixel/v2/runtime/shennong/creek.png.import[39m[0m
[  79% ] [90m[1msavepack[22m | 正在保存文件：res://InheritanceTasks/Art/Pixel/v2/runtime/shennong/food.json[39m[0m
[  79% ] [90m[1msavepack[22m | 正在保存文件：res://.godot/imported/food.png-7253621f291df5912720a489d78924ff.ctex[39m[0m
[  79% ] [90m[1msavepack[22m | 正在保存文件：res://InheritanceTasks/Art/Pixel/v2/runtime/shennong/food.png.import[39m[0m
[  79% ] [90m[1msavepack[22m | 正在保存文件：res://InheritanceTasks/Art/Pixel/v2/runtime/shennong/forest.json[39m[0m
[  79% ] [90m[1msavepack[22m | 正在保存文件：res://.godot/imported/forest.png-e0d5ffaf03f908cfaf3991b37f6fc20c.ctex[39m[0m
[  79% ] [90m[1msavepack[22m | 正在保存文件：res://InheritanceTasks/Art/Pixel/v2/runtime/shennong/forest.png.import[39m[0m
[  79% ] [90m[1msavepack[22m | 正在保存文件：res://InheritanceTasks/Art/Pixel/v2/runtime/shennong/life.json[39m[0m
[  79% ] [90m[1msavepack[22m | 正在保存文件：res://.godot/imported/life.png-83d216779d5b395dcfa09443dbe76640.ctex[39m[0m
[  79% ] [90m[1msavepack[22m | 正在保存文件：res://InheritanceTasks/Art/Pixel/v2/runtime/shennong/life.png.import[39m[0m
[  79% ] [90m[1msavepack[22m | 正在保存文件：res://InheritanceTasks/Art/Pixel/v2/runtime/shennong/magic.json[39m[0m
[  79% ] [90m[1msavepack[22m | 正在保存文件：res://.godot/imported/magic.png-f53490f91b4fa28287d002e4a851dbd1.ctex[39m[0m
[  79% ] [90m[1msavepack[22m | 正在保存文件：res://InheritanceTasks/Art/Pixel/v2/runtime/shennong/magic.png.import[39m[0m
[  79% ] [90m[1msavepack[22m | 正在保存文件：res://InheritanceTasks/Art/Pixel/v2/runtime/shennong/marker.json[39m[0m
[  79% ] [90m[1msavepack[22m | 正在保存文件：res://.godot/imported/marker.png-0af89db0db9c44e609f1a005900ee118.ctex[39m[0m
[  79% ] [90m[1msavepack[22m | 正在保存文件：res://InheritanceTasks/Art/Pixel/v2/runtime/shennong/marker.png.import[39m[0m
[  79% ] [90m[1msavepack[22m | 正在保存文件：res://InheritanceTasks/Art/Pixel/v2/runtime/shennong/ridge.json[39m[0m
[  79% ] [90m[1msavepack[22m | 正在保存文件：res://.godot/imported/ridge.png-b089df59d7f23471588ded6e2c55c72e.ctex[39m[0m
[  79% ] [90m[1msavepack[22m | 正在保存文件：res://InheritanceTasks/Art/Pixel/v2/runtime/shennong/ridge.png.import[39m[0m
[  79% ] [90m[1msavepack[22m | 正在保存文件：res://InheritanceTasks/Art/Pixel/v2/runtime/shennong/rock-14x8.json[39m[0m
[  79% ] [90m[1msavepack[22m | 正在保存文件：res://.godot/imported/rock-14x8.png-92391f78c96eda9da30a34cc1e508544.ctex[39m[0m
[  79% ] [90m[1msavepack[22m | 正在保存文件：res://InheritanceTasks/Art/Pixel/v2/runtime/shennong/rock-14x8.png.import[39m[0m
[  79% ] [90m[1msavepack[22m | 正在保存文件：res://InheritanceTasks/Art/Pixel/v2/runtime/shennong/rock-14x10.json[39m[0m
[  79% ] [90m[1msavepack[22m | 正在保存文件：res://.godot/imported/rock-14x10.png-cf73b7b38c41c1cf24a1f2e11005f383.ctex[39m[0m
[  79% ] [90m[1msavepack[22m | 正在保存文件：res://InheritanceTasks/Art/Pixel/v2/runtime/shennong/rock-14x10.png.import[39m[0m
[  79% ] [90m[1msavepack[22m | 正在保存文件：res://InheritanceTasks/Art/Pixel/v2/runtime/shennong/rock-14x11.json[39m[0m
[  80% ] [90m[1msavepack[22m | 正在保存文件：res://.godot/imported/rock-14x11.png-1410865ce038b1380cd0cdb6cc0f7947.ctex[39m[0m
[  80% ] [90m[1msavepack[22m | 正在保存文件：res://InheritanceTasks/Art/Pixel/v2/runtime/shennong/rock-14x11.png.import[39m[0m
[  80% ] [90m[1msavepack[22m | 正在保存文件：res://InheritanceTasks/Art/Pixel/v2/runtime/shennong/rock-15x10.json[39m[0m
[  80% ] [90m[1msavepack[22m | 正在保存文件：res://.godot/imported/rock-15x10.png-f288ddb2feda29ec34a16ba614bf9b36.ctex[39m[0m
[  80% ] [90m[1msavepack[22m | 正在保存文件：res://InheritanceTasks/Art/Pixel/v2/runtime/shennong/rock-15x10.png.import[39m[0m
[  80% ] [90m[1msavepack[22m | 正在保存文件：res://InheritanceTasks/Art/Pixel/v2/runtime/shennong/rock-15x11.json[39m[0m
[  80% ] [90m[1msavepack[22m | 正在保存文件：res://.godot/imported/rock-15x11.png-f1d84d207dad67dd998a6442a9a3ced9.ctex[39m[0m
[  80% ] [90m[1msavepack[22m | 正在保存文件：res://InheritanceTasks/Art/Pixel/v2/runtime/shennong/rock-15x11.png.import[39m[0m
[  80% ] [90m[1msavepack[22m | 正在保存文件：res://InheritanceTasks/Art/Pixel/v2/runtime/shennong/rock.json[39m[0m
[  80% ] [90m[1msavepack[22m | 正在保存文件：res://.godot/imported/rock.png-4a905144c2bcc2bf61aaf18dcfd90312.ctex[39m[0m
[  80% ] [90m[1msavepack[22m | 正在保存文件：res://InheritanceTasks/Art/Pixel/v2/runtime/shennong/rock.png.import[39m[0m
[  80% ] [90m[1msavepack[22m | 正在保存文件：res://InheritanceTasks/Art/Pixel/v2/runtime/shennong/travel.json[39m[0m
[  80% ] [90m[1msavepack[22m | 正在保存文件：res://.godot/imported/travel.png-ed721afd9679fc594b9306aab516e8e1.ctex[39m[0m
[  80% ] [90m[1msavepack[22m | 正在保存文件：res://InheritanceTasks/Art/Pixel/v2/runtime/shennong/travel.png.import[39m[0m
[  80% ] [90m[1msavepack[22m | 正在保存文件：res://InheritanceTasks/Art/Pixel/v2/runtime/ui/button.json[39m[0m
[  80% ] [90m[1msavepack[22m | 正在保存文件：res://.godot/imported/button.png-1db428131c888a1489c84d4b4af9c20c.ctex[39m[0m
[  80% ] [90m[1msavepack[22m | 正在保存文件：res://InheritanceTasks/Art/Pixel/v2/runtime/ui/button.png.import[39m[0m
[  80% ] [90m[1msavepack[22m | 正在保存文件：res://InheritanceTasks/Art/Pixel/v2/runtime/ui/button_disabled.json[39m[0m
[  80% ] [90m[1msavepack[22m | 正在保存文件：res://.godot/imported/button_disabled.png-1a4551b1e02d7e4bb4ef74f7f0f530e0.ctex[39m[0m
[  80% ] [90m[1msavepack[22m | 正在保存文件：res://InheritanceTasks/Art/Pixel/v2/runtime/ui/button_disabled.png.import[39m[0m
[  80% ] [90m[1msavepack[22m | 正在保存文件：res://InheritanceTasks/Art/Pixel/v2/runtime/ui/button_focus.json[39m[0m
[  80% ] [90m[1msavepack[22m | 正在保存文件：res://.godot/imported/button_focus.png-119ab1c64c784d5ec8d45523a75e0237.ctex[39m[0m
[  80% ] [90m[1msavepack[22m | 正在保存文件：res://InheritanceTasks/Art/Pixel/v2/runtime/ui/button_focus.png.import[39m[0m
[  80% ] [90m[1msavepack[22m | 正在保存文件：res://InheritanceTasks/Art/Pixel/v2/runtime/ui/button_hover.json[39m[0m
[  80% ] [90m[1msavepack[22m | 正在保存文件：res://.godot/imported/button_hover.png-e02fd3357527ce80f7e3c311184e81a3.ctex[39m[0m
[  80% ] [90m[1msavepack[22m | 正在保存文件：res://InheritanceTasks/Art/Pixel/v2/runtime/ui/button_hover.png.import[39m[0m
[  80% ] [90m[1msavepack[22m | 正在保存文件：res://InheritanceTasks/Art/Pixel/v2/runtime/ui/button_pressed.json[39m[0m
[  80% ] [90m[1msavepack[22m | 正在保存文件：res://.godot/imported/button_pressed.png-53cc164941726e0ff0ef0369eb05594a.ctex[39m[0m
[  80% ] [90m[1msavepack[22m | 正在保存文件：res://InheritanceTasks/Art/Pixel/v2/runtime/ui/button_pressed.png.import[39m[0m
[  81% ] [90m[1msavepack[22m | 正在保存文件：res://InheritanceTasks/Art/Pixel/v2/runtime/ui/checkbox_off.json[39m[0m
[  81% ] [90m[1msavepack[22m | 正在保存文件：res://.godot/imported/checkbox_off.png-f17bf65d8eb22a934e86c3798eccff53.ctex[39m[0m
[  81% ] [90m[1msavepack[22m | 正在保存文件：res://InheritanceTasks/Art/Pixel/v2/runtime/ui/checkbox_off.png.import[39m[0m
[  81% ] [90m[1msavepack[22m | 正在保存文件：res://InheritanceTasks/Art/Pixel/v2/runtime/ui/checkbox_on.json[39m[0m
[  81% ] [90m[1msavepack[22m | 正在保存文件：res://.godot/imported/checkbox_on.png-c4708b5bd3ec781a5aae8513c7bb15a0.ctex[39m[0m
[  81% ] [90m[1msavepack[22m | 正在保存文件：res://InheritanceTasks/Art/Pixel/v2/runtime/ui/checkbox_on.png.import[39m[0m
[  81% ] [90m[1msavepack[22m | 正在保存文件：res://InheritanceTasks/Art/Pixel/v2/runtime/ui/panel.json[39m[0m
[  81% ] [90m[1msavepack[22m | 正在保存文件：res://.godot/imported/panel.png-a22dc340f53099ffccf5c1d93185c92a.ctex[39m[0m
[  81% ] [90m[1msavepack[22m | 正在保存文件：res://InheritanceTasks/Art/Pixel/v2/runtime/ui/panel.png.import[39m[0m
[  81% ] [90m[1msavepack[22m | 正在保存文件：res://InheritanceTasks/Art/Pixel/v2/runtime/ui/slider_grip.json[39m[0m
[  81% ] [90m[1msavepack[22m | 正在保存文件：res://.godot/imported/slider_grip.png-06025778a4fff5455134b6f5b1291044.ctex[39m[0m
[  81% ] [90m[1msavepack[22m | 正在保存文件：res://InheritanceTasks/Art/Pixel/v2/runtime/ui/slider_grip.png.import[39m[0m
[  81% ] [90m[1msavepack[22m | 正在保存文件：res://InheritanceTasks/Art/Pixel/v2/runtime/ui/slider_track.json[39m[0m
[  81% ] [90m[1msavepack[22m | 正在保存文件：res://.godot/imported/slider_track.png-4a249a9dd87e0b7ad778da3f19d59f03.ctex[39m[0m
[  81% ] [90m[1msavepack[22m | 正在保存文件：res://InheritanceTasks/Art/Pixel/v2/runtime/ui/slider_track.png.import[39m[0m
[  81% ] [90m[1msavepack[22m | 正在保存文件：res://InheritanceTasks/Art/Pixel/v2/runtime/ui/tv.json[39m[0m
[  81% ] [90m[1msavepack[22m | 正在保存文件：res://.godot/imported/tv.png-922c5cb286223f346912bc2767239d58.ctex[39m[0m
[  81% ] [90m[1msavepack[22m | 正在保存文件：res://InheritanceTasks/Art/Pixel/v2/runtime/ui/tv.png.import[39m[0m
[  81% ] [90m[1msavepack[22m | 正在保存文件：res://InheritanceTasks/Art/Pixel/v2/p1-manifest.json[39m[0m
[  81% ] [90m[1msavepack[22m | 正在保存文件：res://InheritanceTasks/Art/Pixel/v2/palette.json[39m[0m
[  81% ] [90m[1msavepack[22m | 正在保存文件：res://.godot/exported/133200997/export-ef2e706f00a3130440673a8c803aa6eb-dong_yong_chuanshuo.res[39m[0m
[  81% ] [90m[1msavepack[22m | 正在保存文件：res://.godot/exported/133200997/export-a5631e75f478d3d9edebffbdd1d9d735-ezhou_diaohua_jianzhi.res[39m[0m
[  81% ] [90m[1msavepack[22m | 正在保存文件：res://.godot/exported/133200997/export-f1cee6f4f88bf917c99f8c61f28fd930-gu_pen_ge.res[39m[0m
[  81% ] [90m[1msavepack[22m | 正在保存文件：res://.godot/exported/133200997/export-5705bfa8c3e700f5fc002bb8bddaa7da-han_ju.res[39m[0m
[  81% ] [90m[1msavepack[22m | 正在保存文件：res://.godot/exported/133200997/export-db9253120d2b01043f8259b511699494-huangmei_xi.res[39m[0m
[  82% ] [90m[1msavepack[22m | 正在保存文件：res://.godot/exported/133200997/export-e1d394bd483165dbe92d039786c026ec-jingzhou_hua_gu_xi.res[39m[0m
[  82% ] [90m[1msavepack[22m | 正在保存文件：res://.godot/exported/133200997/export-e21f921ea72164e1c402e272bf970b63-laohekou_si_xian.res[39m[0m
[  82% ] [90m[1msavepack[22m | 正在保存文件：res://.godot/exported/133200997/export-e35a87e216bfb9e794cf9efbef20673c-tianmen_tang_su.res[39m[0m
[  82% ] [90m[1msavepack[22m | 正在保存文件：res://.godot/exported/133200997/export-ed10425eedfc7d08c108e7e0e377b9d8-ti_qin_xi.res[39m[0m
[  82% ] [90m[1msavepack[22m | 正在保存文件：res://.godot/exported/133200997/export-829874b106eb5a7348b6e280594420bb-tujia_saye_erhe.res[39m[0m
[  82% ] [90m[1msavepack[22m | 正在保存文件：res://.godot/exported/133200997/export-21938c14e4fe82c7a20e486a8492f7bf-xiabaoping_minjian_gushi.res[39m[0m
[  82% ] [90m[1msavepack[22m | 正在保存文件：res://.godot/exported/133200997/export-8669438a4bb188d7b3a13c7120bfc858-xia_lian_dan_shu.res[39m[0m
[  82% ] [90m[1msavepack[22m | 正在保存文件：res://.godot/exported/133200997/export-3f9332e7f05f5c80d90a88271a699fc6-xingshan_min_ge.res[39m[0m
[  82% ] [90m[1msavepack[22m | 正在保存文件：res://.godot/exported/133200997/export-b2e27668aeac0ece85dee3f2efaae7fd-xisai_shenzhou_hui.res[39m[0m
[  82% ] [90m[1msavepack[22m | 正在保存文件：res://.godot/exported/133200997/export-7125a56352bce67dafb3cb160d183a39-yandi_shennong_chuanshuo.res[39m[0m
[  82% ] [90m[1msavepack[22m | 正在保存文件：res://InheritanceTasks/Art/Pixel/v3/runtime/dong/adventure_blogger/anchors.json[39m[0m
[  82% ] [90m[1msavepack[22m | 正在保存文件：res://.godot/imported/forearm.png-657b47ea62e7d3e6d056bcab1e4533d0.ctex[39m[0m
[  82% ] [90m[1msavepack[22m | 正在保存文件：res://InheritanceTasks/Art/Pixel/v3/runtime/dong/adventure_blogger/forearm.png.import[39m[0m
[  82% ] [90m[1msavepack[22m | 正在保存文件：res://.godot/imported/hand.png-c484cab9cdecb55bc54bf5745ef5abf2.ctex[39m[0m
[  82% ] [90m[1msavepack[22m | 正在保存文件：res://InheritanceTasks/Art/Pixel/v3/runtime/dong/adventure_blogger/hand.png.import[39m[0m
[  82% ] [90m[1msavepack[22m | 正在保存文件：res://.godot/imported/head.png-723f944013962a75fd5db8e609cb21f3.ctex[39m[0m
[  82% ] [90m[1msavepack[22m | 正在保存文件：res://InheritanceTasks/Art/Pixel/v3/runtime/dong/adventure_blogger/head.png.import[39m[0m
[  82% ] [90m[1msavepack[22m | 正在保存文件：res://.godot/imported/reference.png-d165ce68c429c57bf5791d6690d5df77.ctex[39m[0m
[  82% ] [90m[1msavepack[22m | 正在保存文件：res://InheritanceTasks/Art/Pixel/v3/runtime/dong/adventure_blogger/reference.png.import[39m[0m
[  82% ] [90m[1msavepack[22m | 正在保存文件：res://.godot/imported/shin.png-d231b25e6aa043834eb1929366e0e356.ctex[39m[0m
[  82% ] [90m[1msavepack[22m | 正在保存文件：res://InheritanceTasks/Art/Pixel/v3/runtime/dong/adventure_blogger/shin.png.import[39m[0m
[  82% ] [90m[1msavepack[22m | 正在保存文件：res://.godot/imported/thigh.png-183dbf47fdec5d510815bf66c49270db.ctex[39m[0m
[  82% ] [90m[1msavepack[22m | 正在保存文件：res://InheritanceTasks/Art/Pixel/v3/runtime/dong/adventure_blogger/thigh.png.import[39m[0m
[  82% ] [90m[1msavepack[22m | 正在保存文件：res://.godot/imported/torso.png-f7bd87f3673c2983f1f83dd49d85c8b1.ctex[39m[0m
[  82% ] [90m[1msavepack[22m | 正在保存文件：res://InheritanceTasks/Art/Pixel/v3/runtime/dong/adventure_blogger/torso.png.import[39m[0m
[  82% ] [90m[1msavepack[22m | 正在保存文件：res://.godot/imported/upper-arm.png-0e6e1549b90c13c428551e64cef61941.ctex[39m[0m
[  82% ] [90m[1msavepack[22m | 正在保存文件：res://InheritanceTasks/Art/Pixel/v3/runtime/dong/adventure_blogger/upper-arm.png.import[39m[0m
[  83% ] [90m[1msavepack[22m | 正在保存文件：res://InheritanceTasks/Art/Pixel/v3/runtime/dong/business_blogger/anchors.json[39m[0m
[  83% ] [90m[1msavepack[22m | 正在保存文件：res://.godot/imported/forearm.png-a7e494976c0da4a9952fc1bb5c5179ca.ctex[39m[0m
[  83% ] [90m[1msavepack[22m | 正在保存文件：res://InheritanceTasks/Art/Pixel/v3/runtime/dong/business_blogger/forearm.png.import[39m[0m
[  83% ] [90m[1msavepack[22m | 正在保存文件：res://.godot/imported/hand.png-2e8a1fe5ae912016e3e6e21bc9516d47.ctex[39m[0m
[  83% ] [90m[1msavepack[22m | 正在保存文件：res://InheritanceTasks/Art/Pixel/v3/runtime/dong/business_blogger/hand.png.import[39m[0m
[  83% ] [90m[1msavepack[22m | 正在保存文件：res://.godot/imported/head.png-4e7ddb9fade3209b25722ce78c0ffd0d.ctex[39m[0m
[  83% ] [90m[1msavepack[22m | 正在保存文件：res://InheritanceTasks/Art/Pixel/v3/runtime/dong/business_blogger/head.png.import[39m[0m
[  83% ] [90m[1msavepack[22m | 正在保存文件：res://.godot/imported/reference.png-8e48a49de5e753d4ae2abd1be0e24a0d.ctex[39m[0m
[  83% ] [90m[1msavepack[22m | 正在保存文件：res://InheritanceTasks/Art/Pixel/v3/runtime/dong/business_blogger/reference.png.import[39m[0m
[  83% ] [90m[1msavepack[22m | 正在保存文件：res://.godot/imported/shin.png-aa00967ee337eaa5590d7438065eb8a2.ctex[39m[0m
[  83% ] [90m[1msavepack[22m | 正在保存文件：res://InheritanceTasks/Art/Pixel/v3/runtime/dong/business_blogger/shin.png.import[39m[0m
[  83% ] [90m[1msavepack[22m | 正在保存文件：res://.godot/imported/thigh.png-6b0cc581f825fbf4a3c0bf65e68e1e47.ctex[39m[0m
[  83% ] [90m[1msavepack[22m | 正在保存文件：res://InheritanceTasks/Art/Pixel/v3/runtime/dong/business_blogger/thigh.png.import[39m[0m
[  83% ] [90m[1msavepack[22m | 正在保存文件：res://.godot/imported/torso.png-fdae345a337eb29d84a93546276cfc33.ctex[39m[0m
[  83% ] [90m[1msavepack[22m | 正在保存文件：res://InheritanceTasks/Art/Pixel/v3/runtime/dong/business_blogger/torso.png.import[39m[0m
[  83% ] [90m[1msavepack[22m | 正在保存文件：res://.godot/imported/upper-arm.png-df45e99d893ce47bb08b2b7fc341f4cd.ctex[39m[0m
[  83% ] [90m[1msavepack[22m | 正在保存文件：res://InheritanceTasks/Art/Pixel/v3/runtime/dong/business_blogger/upper-arm.png.import[39m[0m
[  83% ] [90m[1msavepack[22m | 正在保存文件：res://InheritanceTasks/Art/Pixel/v3/runtime/dong/food_blogger/anchors.json[39m[0m
[  83% ] [90m[1msavepack[22m | 正在保存文件：res://.godot/imported/forearm.png-18463e17e5720c96cf61fec9b3f9a917.ctex[39m[0m
[  83% ] [90m[1msavepack[22m | 正在保存文件：res://InheritanceTasks/Art/Pixel/v3/runtime/dong/food_blogger/forearm.png.import[39m[0m
[  83% ] [90m[1msavepack[22m | 正在保存文件：res://.godot/imported/hand.png-4a9b9794308542cad286ec4263e1df46.ctex[39m[0m
[  83% ] [90m[1msavepack[22m | 正在保存文件：res://InheritanceTasks/Art/Pixel/v3/runtime/dong/food_blogger/hand.png.import[39m[0m
[  83% ] [90m[1msavepack[22m | 正在保存文件：res://.godot/imported/head.png-a4a8ad631f1320a78c445255b806024f.ctex[39m[0m
[  83% ] [90m[1msavepack[22m | 正在保存文件：res://InheritanceTasks/Art/Pixel/v3/runtime/dong/food_blogger/head.png.import[39m[0m
[  83% ] [90m[1msavepack[22m | 正在保存文件：res://.godot/imported/reference.png-cd7831f5fb77b38b9f59f55c72be7f3d.ctex[39m[0m
[  83% ] [90m[1msavepack[22m | 正在保存文件：res://InheritanceTasks/Art/Pixel/v3/runtime/dong/food_blogger/reference.png.import[39m[0m
[  83% ] [90m[1msavepack[22m | 正在保存文件：res://.godot/imported/shin.png-0b6807ebfb75603dd8e746065c66ddc8.ctex[39m[0m
[  83% ] [90m[1msavepack[22m | 正在保存文件：res://InheritanceTasks/Art/Pixel/v3/runtime/dong/food_blogger/shin.png.import[39m[0m
[  83% ] [90m[1msavepack[22m | 正在保存文件：res://.godot/imported/thigh.png-7c59db7693f43b920b2b3200ae4366c5.ctex[39m[0m
[  83% ] [90m[1msavepack[22m | 正在保存文件：res://InheritanceTasks/Art/Pixel/v3/runtime/dong/food_blogger/thigh.png.import[39m[0m
[  83% ] [90m[1msavepack[22m | 正在保存文件：res://.godot/imported/torso.png-cd3933820c5259ffac38d1b8a76ac373.ctex[39m[0m
[  83% ] [90m[1msavepack[22m | 正在保存文件：res://InheritanceTasks/Art/Pixel/v3/runtime/dong/food_blogger/torso.png.import[39m[0m
[  83% ] [90m[1msavepack[22m | 正在保存文件：res://.godot/imported/upper-arm.png-dce4798c5d2454db2da108017bf63b1a.ctex[39m[0m
[  83% ] [90m[1msavepack[22m | 正在保存文件：res://InheritanceTasks/Art/Pixel/v3/runtime/dong/food_blogger/upper-arm.png.import[39m[0m
[  83% ] [90m[1msavepack[22m | 正在保存文件：res://InheritanceTasks/Art/Pixel/v3/runtime/dong/life_blogger/anchors.json[39m[0m
[  84% ] [90m[1msavepack[22m | 正在保存文件：res://.godot/imported/forearm.png-fe77c2d6a03b6b14c2bd995c85c2a250.ctex[39m[0m
[  84% ] [90m[1msavepack[22m | 正在保存文件：res://InheritanceTasks/Art/Pixel/v3/runtime/dong/life_blogger/forearm.png.import[39m[0m
[  84% ] [90m[1msavepack[22m | 正在保存文件：res://.godot/imported/hand.png-8b2a59461dd0d72c0e3f7343aa067c5e.ctex[39m[0m
[  84% ] [90m[1msavepack[22m | 正在保存文件：res://InheritanceTasks/Art/Pixel/v3/runtime/dong/life_blogger/hand.png.import[39m[0m
[  84% ] [90m[1msavepack[22m | 正在保存文件：res://.godot/imported/head.png-a4fdc4ee283f10d86f7caf9fc16edd9c.ctex[39m[0m
[  84% ] [90m[1msavepack[22m | 正在保存文件：res://InheritanceTasks/Art/Pixel/v3/runtime/dong/life_blogger/head.png.import[39m[0m
[  84% ] [90m[1msavepack[22m | 正在保存文件：res://.godot/imported/reference.png-f78ba7b966a6b35c00cf9363f9fa46a3.ctex[39m[0m
[  84% ] [90m[1msavepack[22m | 正在保存文件：res://InheritanceTasks/Art/Pixel/v3/runtime/dong/life_blogger/reference.png.import[39m[0m
[  84% ] [90m[1msavepack[22m | 正在保存文件：res://.godot/imported/shin.png-681eca134c9addc16eb39a70dd7c49e8.ctex[39m[0m
[  84% ] [90m[1msavepack[22m | 正在保存文件：res://InheritanceTasks/Art/Pixel/v3/runtime/dong/life_blogger/shin.png.import[39m[0m
[  84% ] [90m[1msavepack[22m | 正在保存文件：res://.godot/imported/thigh.png-141b22d0c9eedb2c5ce5ec3be3167da0.ctex[39m[0m
[  84% ] [90m[1msavepack[22m | 正在保存文件：res://InheritanceTasks/Art/Pixel/v3/runtime/dong/life_blogger/thigh.png.import[39m[0m
[  84% ] [90m[1msavepack[22m | 正在保存文件：res://.godot/imported/torso.png-715e29ac999629013d467553d7a19155.ctex[39m[0m
[  84% ] [90m[1msavepack[22m | 正在保存文件：res://InheritanceTasks/Art/Pixel/v3/runtime/dong/life_blogger/torso.png.import[39m[0m
[  84% ] [90m[1msavepack[22m | 正在保存文件：res://.godot/imported/upper-arm.png-dbdc2db7169b9d915cbc26d7879ef3d9.ctex[39m[0m
[  84% ] [90m[1msavepack[22m | 正在保存文件：res://InheritanceTasks/Art/Pixel/v3/runtime/dong/life_blogger/upper-arm.png.import[39m[0m
[  84% ] [90m[1msavepack[22m | 正在保存文件：res://InheritanceTasks/Art/Pixel/v3/runtime/dong/magic_blogger/anchors.json[39m[0m
[  84% ] [90m[1msavepack[22m | 正在保存文件：res://.godot/imported/forearm.png-e17a5fda234114a0c2e956fc75338a26.ctex[39m[0m
[  84% ] [90m[1msavepack[22m | 正在保存文件：res://InheritanceTasks/Art/Pixel/v3/runtime/dong/magic_blogger/forearm.png.import[39m[0m
[  84% ] [90m[1msavepack[22m | 正在保存文件：res://.godot/imported/hand.png-753517905ea09d507a4b687cdf2a4144.ctex[39m[0m
[  84% ] [90m[1msavepack[22m | 正在保存文件：res://InheritanceTasks/Art/Pixel/v3/runtime/dong/magic_blogger/hand.png.import[39m[0m
[  84% ] [90m[1msavepack[22m | 正在保存文件：res://.godot/imported/head.png-9465c9e59a9435fcd3349829cbc06000.ctex[39m[0m
[  84% ] [90m[1msavepack[22m | 正在保存文件：res://InheritanceTasks/Art/Pixel/v3/runtime/dong/magic_blogger/head.png.import[39m[0m
[  84% ] [90m[1msavepack[22m | 正在保存文件：res://.godot/imported/reference.png-b2d684b05c9fac548175b1012530945a.ctex[39m[0m
[  84% ] [90m[1msavepack[22m | 正在保存文件：res://InheritanceTasks/Art/Pixel/v3/runtime/dong/magic_blogger/reference.png.import[39m[0m
[  84% ] [90m[1msavepack[22m | 正在保存文件：res://.godot/imported/shin.png-12bb1ecb19521b6cf9e41d3ae9178e5b.ctex[39m[0m
[  84% ] [90m[1msavepack[22m | 正在保存文件：res://InheritanceTasks/Art/Pixel/v3/runtime/dong/magic_blogger/shin.png.import[39m[0m
[  84% ] [90m[1msavepack[22m | 正在保存文件：res://.godot/imported/thigh.png-d7f0242ceeca107fd5b4da6a74109123.ctex[39m[0m
[  84% ] [90m[1msavepack[22m | 正在保存文件：res://InheritanceTasks/Art/Pixel/v3/runtime/dong/magic_blogger/thigh.png.import[39m[0m
[  84% ] [90m[1msavepack[22m | 正在保存文件：res://.godot/imported/torso.png-7299e615a1fba909f3401eafb695da18.ctex[39m[0m
[  84% ] [90m[1msavepack[22m | 正在保存文件：res://InheritanceTasks/Art/Pixel/v3/runtime/dong/magic_blogger/torso.png.import[39m[0m
[  84% ] [90m[1msavepack[22m | 正在保存文件：res://.godot/imported/upper-arm.png-e25872c14c1ee823f2ec9650cd2f8e7e.ctex[39m[0m
[  84% ] [90m[1msavepack[22m | 正在保存文件：res://InheritanceTasks/Art/Pixel/v3/runtime/dong/magic_blogger/upper-arm.png.import[39m[0m
[  84% ] [90m[1msavepack[22m | 正在保存文件：res://InheritanceTasks/Art/Pixel/v3/runtime/dong/travel_blogger/anchors.json[39m[0m
[  84% ] [90m[1msavepack[22m | 正在保存文件：res://.godot/imported/forearm.png-cb96953ac1c4ce092783eae36234b5ec.ctex[39m[0m
[  84% ] [90m[1msavepack[22m | 正在保存文件：res://InheritanceTasks/Art/Pixel/v3/runtime/dong/travel_blogger/forearm.png.import[39m[0m
[  84% ] [90m[1msavepack[22m | 正在保存文件：res://.godot/imported/hand.png-2a360cd066b933aa01e3405afcde28eb.ctex[39m[0m
[  84% ] [90m[1msavepack[22m | 正在保存文件：res://InheritanceTasks/Art/Pixel/v3/runtime/dong/travel_blogger/hand.png.import[39m[0m
[  85% ] [90m[1msavepack[22m | 正在保存文件：res://.godot/imported/head.png-293a73ee04607f1b8de7f87faac33497.ctex[39m[0m
[  85% ] [90m[1msavepack[22m | 正在保存文件：res://InheritanceTasks/Art/Pixel/v3/runtime/dong/travel_blogger/head.png.import[39m[0m
[  85% ] [90m[1msavepack[22m | 正在保存文件：res://.godot/imported/reference.png-ac8d23cc63472ac33c3dc486806c3fce.ctex[39m[0m
[  85% ] [90m[1msavepack[22m | 正在保存文件：res://InheritanceTasks/Art/Pixel/v3/runtime/dong/travel_blogger/reference.png.import[39m[0m
[  85% ] [90m[1msavepack[22m | 正在保存文件：res://.godot/imported/shin.png-759715f45d5b91cfc85f0f1d47b03300.ctex[39m[0m
[  85% ] [90m[1msavepack[22m | 正在保存文件：res://InheritanceTasks/Art/Pixel/v3/runtime/dong/travel_blogger/shin.png.import[39m[0m
[  85% ] [90m[1msavepack[22m | 正在保存文件：res://.godot/imported/thigh.png-84f5694cec8f9f4f43ca625cd27d5716.ctex[39m[0m
[  85% ] [90m[1msavepack[22m | 正在保存文件：res://InheritanceTasks/Art/Pixel/v3/runtime/dong/travel_blogger/thigh.png.import[39m[0m
[  85% ] [90m[1msavepack[22m | 正在保存文件：res://.godot/imported/torso.png-e646682e62c4a1fb6e7a9c8875608340.ctex[39m[0m
[  85% ] [90m[1msavepack[22m | 正在保存文件：res://InheritanceTasks/Art/Pixel/v3/runtime/dong/travel_blogger/torso.png.import[39m[0m
[  85% ] [90m[1msavepack[22m | 正在保存文件：res://.godot/imported/upper-arm.png-c9a03791f12c3bbaf37f9700d8e3ae1a.ctex[39m[0m
[  85% ] [90m[1msavepack[22m | 正在保存文件：res://InheritanceTasks/Art/Pixel/v3/runtime/dong/travel_blogger/upper-arm.png.import[39m[0m
[  85% ] [90m[1msavepack[22m | 正在保存文件：res://.godot/imported/background.png-3b81c377fb7746894a730db84848131c.ctex[39m[0m
[  85% ] [90m[1msavepack[22m | 正在保存文件：res://InheritanceTasks/Art/Pixel/v3/runtime/dong/background.png.import[39m[0m
[  85% ] [90m[1msavepack[22m | 正在保存文件：res://.godot/imported/blanket.png-9d57c0e732a1357ca114168851af36b0.ctex[39m[0m
[  85% ] [90m[1msavepack[22m | 正在保存文件：res://InheritanceTasks/Art/Pixel/v3/runtime/dong/blanket.png.import[39m[0m
[  85% ] [90m[1msavepack[22m | 正在保存文件：res://InheritanceTasks/Art/Pixel/v3/runtime/dong/bridge-anchors.json[39m[0m
[  85% ] [90m[1msavepack[22m | 正在保存文件：res://.godot/imported/bridge.png-4db0ebcf27d209bc6c32f1c3f3e5b04e.ctex[39m[0m
[  85% ] [90m[1msavepack[22m | 正在保存文件：res://InheritanceTasks/Art/Pixel/v3/runtime/dong/bridge.png.import[39m[0m
[  85% ] [90m[1msavepack[22m | 正在保存文件：res://.godot/imported/bundle.png-ceade6c61dbb58df310b009151619c5e.ctex[39m[0m
[  85% ] [90m[1msavepack[22m | 正在保存文件：res://InheritanceTasks/Art/Pixel/v3/runtime/dong/bundle.png.import[39m[0m
[  85% ] [90m[1msavepack[22m | 正在保存文件：res://.godot/imported/cart.png-b82a82b7bb96e690963482349827d064.ctex[39m[0m
[  85% ] [90m[1msavepack[22m | 正在保存文件：res://InheritanceTasks/Art/Pixel/v3/runtime/dong/cart.png.import[39m[0m
[  85% ] [90m[1msavepack[22m | 正在保存文件：res://.godot/imported/cover-adventure.png-855589652d80f3f2b0f21b0962851bef.ctex[39m[0m
[  85% ] [90m[1msavepack[22m | 正在保存文件：res://InheritanceTasks/Art/Pixel/v3/runtime/dong/cover-adventure.png.import[39m[0m
[  85% ] [90m[1msavepack[22m | 正在保存文件：res://.godot/imported/cover-business.png-61899a5920630cef4d472140da691fbd.ctex[39m[0m
[  85% ] [90m[1msavepack[22m | 正在保存文件：res://InheritanceTasks/Art/Pixel/v3/runtime/dong/cover-business.png.import[39m[0m
[  85% ] [90m[1msavepack[22m | 正在保存文件：res://.godot/imported/cover-food.png-8a58240e67dcb38e14abf9c8a33dea2d.ctex[39m[0m
[  85% ] [90m[1msavepack[22m | 正在保存文件：res://InheritanceTasks/Art/Pixel/v3/runtime/dong/cover-food.png.import[39m[0m
[  85% ] [90m[1msavepack[22m | 正在保存文件：res://.godot/imported/cover-life.png-064ded09448a6551dd357706fce23998.ctex[39m[0m
[  85% ] [90m[1msavepack[22m | 正在保存文件：res://InheritanceTasks/Art/Pixel/v3/runtime/dong/cover-life.png.import[39m[0m
[  85% ] [90m[1msavepack[22m | 正在保存文件：res://.godot/imported/cover-magic.png-f681de963dbb19d442e5ae462f69522b.ctex[39m[0m
[  85% ] [90m[1msavepack[22m | 正在保存文件：res://InheritanceTasks/Art/Pixel/v3/runtime/dong/cover-magic.png.import[39m[0m
[  85% ] [90m[1msavepack[22m | 正在保存文件：res://.godot/imported/cover-travel.png-8bc94b7f5d2c5cc4f90919f9e4945d8a.ctex[39m[0m
[  85% ] [90m[1msavepack[22m | 正在保存文件：res://InheritanceTasks/Art/Pixel/v3/runtime/dong/cover-travel.png.import[39m[0m
[  85% ] [90m[1msavepack[22m | 正在保存文件：res://.godot/imported/cover.png-68d381083d0d1f9b7fde3d54a6b68181.ctex[39m[0m
[  85% ] [90m[1msavepack[22m | 正在保存文件：res://InheritanceTasks/Art/Pixel/v3/runtime/dong/cover.png.import[39m[0m
[  86% ] [90m[1msavepack[22m | 正在保存文件：res://.godot/imported/father-chibi-v8.png-07049d1c54ff0e4324788d2eee394d83.ctex[39m[0m
[  86% ] [90m[1msavepack[22m | 正在保存文件：res://InheritanceTasks/Art/Pixel/v3/runtime/dong/father-chibi-v8.png.import[39m[0m
[  86% ] [90m[1msavepack[22m | 正在保存文件：res://.godot/imported/father.png-8b3303a1b73f80d7df35e521c07c5e3d.ctex[39m[0m
[  86% ] [90m[1msavepack[22m | 正在保存文件：res://InheritanceTasks/Art/Pixel/v3/runtime/dong/father.png.import[39m[0m
[  86% ] [90m[1msavepack[22m | 正在保存文件：res://.godot/imported/ground.png-f9ff16012bdbab94840b2cf3ac476330.ctex[39m[0m
[  86% ] [90m[1msavepack[22m | 正在保存文件：res://InheritanceTasks/Art/Pixel/v3/runtime/dong/ground.png.import[39m[0m
[  86% ] [90m[1msavepack[22m | 正在保存文件：res://InheritanceTasks/Art/Pixel/v3/runtime/dong/intact-pose-anchors-v8.json[39m[0m
[  86% ] [90m[1msavepack[22m | 正在保存文件：res://.godot/imported/rail.png-fc2fa84254d8eacfe45b19f3ff79bf43.ctex[39m[0m
[  86% ] [90m[1msavepack[22m | 正在保存文件：res://InheritanceTasks/Art/Pixel/v3/runtime/dong/rail.png.import[39m[0m
[  86% ] [90m[1msavepack[22m | 正在保存文件：res://.godot/imported/shaft.png-d08ab677e63d7e75108d6db0b413e337.ctex[39m[0m
[  86% ] [90m[1msavepack[22m | 正在保存文件：res://InheritanceTasks/Art/Pixel/v3/runtime/dong/shaft.png.import[39m[0m
[  86% ] [90m[1msavepack[22m | 正在保存文件：res://.godot/imported/wheel.png-5c272d4ec1a0c153f66515bc1cc72a56.ctex[39m[0m
[  86% ] [90m[1msavepack[22m | 正在保存文件：res://InheritanceTasks/Art/Pixel/v3/runtime/dong/wheel.png.import[39m[0m
[  86% ] [90m[1msavepack[22m | 正在保存文件：res://.godot/imported/adventure.png-f6772fce2f9e66ba550fb5f0dbc113e5.ctex[39m[0m
[  86% ] [90m[1msavepack[22m | 正在保存文件：res://InheritanceTasks/Art/Pixel/v3/runtime/gu_pen_ge/adventure.png.import[39m[0m
[  86% ] [90m[1msavepack[22m | 正在保存文件：res://.godot/imported/background.png-c0736b74ab1ee4e25b11745a36cf9730.ctex[39m[0m
[  86% ] [90m[1msavepack[22m | 正在保存文件：res://InheritanceTasks/Art/Pixel/v3/runtime/gu_pen_ge/background.png.import[39m[0m
[  86% ] [90m[1msavepack[22m | 正在保存文件：res://.godot/imported/business.png-75ca7b7d534296381774847214d5f6f2.ctex[39m[0m
[  86% ] [90m[1msavepack[22m | 正在保存文件：res://InheritanceTasks/Art/Pixel/v3/runtime/gu_pen_ge/business.png.import[39m[0m
[  86% ] [90m[1msavepack[22m | 正在保存文件：res://.godot/imported/cover-adventure.png-9b61e2e2180b08c5d0093d5b58d4246f.ctex[39m[0m
[  86% ] [90m[1msavepack[22m | 正在保存文件：res://InheritanceTasks/Art/Pixel/v3/runtime/gu_pen_ge/cover-adventure.png.import[39m[0m
[  86% ] [90m[1msavepack[22m | 正在保存文件：res://.godot/imported/cover-business.png-546a4b6f4a190a2eda7d0e4993d226bb.ctex[39m[0m
[  86% ] [90m[1msavepack[22m | 正在保存文件：res://InheritanceTasks/Art/Pixel/v3/runtime/gu_pen_ge/cover-business.png.import[39m[0m
[  86% ] [90m[1msavepack[22m | 正在保存文件：res://.godot/imported/cover-food.png-bd745c2f60f14114b01a6487026b7d9c.ctex[39m[0m
[  86% ] [90m[1msavepack[22m | 正在保存文件：res://InheritanceTasks/Art/Pixel/v3/runtime/gu_pen_ge/cover-food.png.import[39m[0m
[  86% ] [90m[1msavepack[22m | 正在保存文件：res://.godot/imported/cover-life.png-e2745a0ac67977bbbce86fb6495c3517.ctex[39m[0m
[  86% ] [90m[1msavepack[22m | 正在保存文件：res://InheritanceTasks/Art/Pixel/v3/runtime/gu_pen_ge/cover-life.png.import[39m[0m
[  86% ] [90m[1msavepack[22m | 正在保存文件：res://.godot/imported/cover-magic.png-1bc7421e756c8fd9d499fe5c896644ff.ctex[39m[0m
[  86% ] [90m[1msavepack[22m | 正在保存文件：res://InheritanceTasks/Art/Pixel/v3/runtime/gu_pen_ge/cover-magic.png.import[39m[0m
[  86% ] [90m[1msavepack[22m | 正在保存文件：res://.godot/imported/cover-travel.png-13270c40fcc36d758ce3c144c90f65fe.ctex[39m[0m
[  86% ] [90m[1msavepack[22m | 正在保存文件：res://InheritanceTasks/Art/Pixel/v3/runtime/gu_pen_ge/cover-travel.png.import[39m[0m
[  86% ] [90m[1msavepack[22m | 正在保存文件：res://.godot/imported/food.png-3d3eb3372c520ec3cf4e9985b4d374a0.ctex[39m[0m
[  86% ] [90m[1msavepack[22m | 正在保存文件：res://InheritanceTasks/Art/Pixel/v3/runtime/gu_pen_ge/food.png.import[39m[0m
[  86% ] [90m[1msavepack[22m | 正在保存文件：res://.godot/imported/life.png-e657b2a8460f45b99a2a3a262c756150.ctex[39m[0m
[  86% ] [90m[1msavepack[22m | 正在保存文件：res://InheritanceTasks/Art/Pixel/v3/runtime/gu_pen_ge/life.png.import[39m[0m
[  86% ] [90m[1msavepack[22m | 正在保存文件：res://.godot/imported/magic.png-9a22411faf927c540e01c303d339738d.ctex[39m[0m
[  86% ] [90m[1msavepack[22m | 正在保存文件：res://InheritanceTasks/Art/Pixel/v3/runtime/gu_pen_ge/magic.png.import[39m[0m
[  87% ] [90m[1msavepack[22m | 正在保存文件：res://.godot/imported/npcs.png-591785a314286cf103c14ef21167f69a.ctex[39m[0m
[  87% ] [90m[1msavepack[22m | 正在保存文件：res://InheritanceTasks/Art/Pixel/v3/runtime/gu_pen_ge/npcs.png.import[39m[0m
[  87% ] [90m[1msavepack[22m | 正在保存文件：res://.godot/imported/travel.png-3b13b7e88886b15399ba9c1787630531.ctex[39m[0m
[  87% ] [90m[1msavepack[22m | 正在保存文件：res://InheritanceTasks/Art/Pixel/v3/runtime/gu_pen_ge/travel.png.import[39m[0m
[  87% ] [90m[1msavepack[22m | 正在保存文件：res://.godot/imported/adventure.png-15eb5c7aed482740b64eb7cd5d7e005b.ctex[39m[0m
[  87% ] [90m[1msavepack[22m | 正在保存文件：res://InheritanceTasks/Art/Pixel/v3/runtime/han_ju/adventure.png.import[39m[0m
[  87% ] [90m[1msavepack[22m | 正在保存文件：res://.godot/imported/background.png-744327d9159c7ee3afdc4d2d8a556d1f.ctex[39m[0m
[  87% ] [90m[1msavepack[22m | 正在保存文件：res://InheritanceTasks/Art/Pixel/v3/runtime/han_ju/background.png.import[39m[0m
[  87% ] [90m[1msavepack[22m | 正在保存文件：res://.godot/imported/business.png-36b3838b07adcf75b41774bce009f20f.ctex[39m[0m
[  87% ] [90m[1msavepack[22m | 正在保存文件：res://InheritanceTasks/Art/Pixel/v3/runtime/han_ju/business.png.import[39m[0m
[  87% ] [90m[1msavepack[22m | 正在保存文件：res://.godot/imported/cover-adventure.png-9ebbe982bb7c5c551ffa5428e44a67ef.ctex[39m[0m
[  87% ] [90m[1msavepack[22m | 正在保存文件：res://InheritanceTasks/Art/Pixel/v3/runtime/han_ju/cover-adventure.png.import[39m[0m
[  87% ] [90m[1msavepack[22m | 正在保存文件：res://.godot/imported/cover-business.png-bd8de7220954a81ecb8725604ff48adf.ctex[39m[0m
[  87% ] [90m[1msavepack[22m | 正在保存文件：res://InheritanceTasks/Art/Pixel/v3/runtime/han_ju/cover-business.png.import[39m[0m
[  87% ] [90m[1msavepack[22m | 正在保存文件：res://.godot/imported/cover-food.png-81ad4a4d2d287fb6829bf47c1ec36b06.ctex[39m[0m
[  87% ] [90m[1msavepack[22m | 正在保存文件：res://InheritanceTasks/Art/Pixel/v3/runtime/han_ju/cover-food.png.import[39m[0m
[  87% ] [90m[1msavepack[22m | 正在保存文件：res://.godot/imported/cover-life.png-6d42d2da94374d420c09d998ddcfa337.ctex[39m[0m
[  87% ] [90m[1msavepack[22m | 正在保存文件：res://InheritanceTasks/Art/Pixel/v3/runtime/han_ju/cover-life.png.import[39m[0m
[  87% ] [90m[1msavepack[22m | 正在保存文件：res://.godot/imported/cover-magic.png-95cb542db5e9a82d2b1250ee2f43017c.ctex[39m[0m
[  87% ] [90m[1msavepack[22m | 正在保存文件：res://InheritanceTasks/Art/Pixel/v3/runtime/han_ju/cover-magic.png.import[39m[0m
[  87% ] [90m[1msavepack[22m | 正在保存文件：res://.godot/imported/cover-travel.png-df812505e684949c6f3c1c6cfc0bb748.ctex[39m[0m
[  87% ] [90m[1msavepack[22m | 正在保存文件：res://InheritanceTasks/Art/Pixel/v3/runtime/han_ju/cover-travel.png.import[39m[0m
[  87% ] [90m[1msavepack[22m | 正在保存文件：res://.godot/imported/food.png-5acbe37b2021fb095d5219baa49209bd.ctex[39m[0m
[  87% ] [90m[1msavepack[22m | 正在保存文件：res://InheritanceTasks/Art/Pixel/v3/runtime/han_ju/food.png.import[39m[0m
[  87% ] [90m[1msavepack[22m | 正在保存文件：res://.godot/imported/life.png-cafe0bf2b7534d7ed57fd8c8f5cba48d.ctex[39m[0m
[  87% ] [90m[1msavepack[22m | 正在保存文件：res://InheritanceTasks/Art/Pixel/v3/runtime/han_ju/life.png.import[39m[0m
[  87% ] [90m[1msavepack[22m | 正在保存文件：res://.godot/imported/magic.png-96c5d844c56271f4f571ebe8d2538030.ctex[39m[0m
[  87% ] [90m[1msavepack[22m | 正在保存文件：res://InheritanceTasks/Art/Pixel/v3/runtime/han_ju/magic.png.import[39m[0m
[  87% ] [90m[1msavepack[22m | 正在保存文件：res://.godot/imported/npcs.png-e5e85a8029729ffc6f42ec6949b5f9b3.ctex[39m[0m
[  87% ] [90m[1msavepack[22m | 正在保存文件：res://InheritanceTasks/Art/Pixel/v3/runtime/han_ju/npcs.png.import[39m[0m
[  87% ] [90m[1msavepack[22m | 正在保存文件：res://.godot/imported/travel.png-d677369b922b43319694dbc92216ac24.ctex[39m[0m
[  87% ] [90m[1msavepack[22m | 正在保存文件：res://InheritanceTasks/Art/Pixel/v3/runtime/han_ju/travel.png.import[39m[0m
[  87% ] [90m[1msavepack[22m | 正在保存文件：res://.godot/imported/adventure.png-28b1fbc44c304474a0e164bc5ec1ca06.ctex[39m[0m
[  87% ] [90m[1msavepack[22m | 正在保存文件：res://InheritanceTasks/Art/Pixel/v3/runtime/huangmei/adventure.png.import[39m[0m
[  87% ] [90m[1msavepack[22m | 正在保存文件：res://.godot/imported/background.png-2c331c693750dad67fd7537035382b3d.ctex[39m[0m
[  87% ] [90m[1msavepack[22m | 正在保存文件：res://InheritanceTasks/Art/Pixel/v3/runtime/huangmei/background.png.import[39m[0m
[  87% ] [90m[1msavepack[22m | 正在保存文件：res://.godot/imported/business.png-40ed9cb261083c150497462e52da42ba.ctex[39m[0m
[  87% ] [90m[1msavepack[22m | 正在保存文件：res://InheritanceTasks/Art/Pixel/v3/runtime/huangmei/business.png.import[39m[0m
[  88% ] [90m[1msavepack[22m | 正在保存文件：res://.godot/imported/cover.png-c153b3abc1e1d6ff47c91646c58b152d.ctex[39m[0m
[  88% ] [90m[1msavepack[22m | 正在保存文件：res://InheritanceTasks/Art/Pixel/v3/runtime/huangmei/cover.png.import[39m[0m
[  88% ] [90m[1msavepack[22m | 正在保存文件：res://.godot/imported/food.png-3642abec60ee026c4bdcd92e8de875a9.ctex[39m[0m
[  88% ] [90m[1msavepack[22m | 正在保存文件：res://InheritanceTasks/Art/Pixel/v3/runtime/huangmei/food.png.import[39m[0m
[  88% ] [90m[1msavepack[22m | 正在保存文件：res://.godot/imported/life.png-1ca03426bf43631592ee2448b4a53544.ctex[39m[0m
[  88% ] [90m[1msavepack[22m | 正在保存文件：res://InheritanceTasks/Art/Pixel/v3/runtime/huangmei/life.png.import[39m[0m
[  88% ] [90m[1msavepack[22m | 正在保存文件：res://.godot/imported/magic.png-f3df739705030eacc6caaeaff755b9af.ctex[39m[0m
[  88% ] [90m[1msavepack[22m | 正在保存文件：res://InheritanceTasks/Art/Pixel/v3/runtime/huangmei/magic.png.import[39m[0m
[  88% ] [90m[1msavepack[22m | 正在保存文件：res://.godot/imported/travel.png-9aa4ce0182f812c70255847f8a50cd4f.ctex[39m[0m
[  88% ] [90m[1msavepack[22m | 正在保存文件：res://InheritanceTasks/Art/Pixel/v3/runtime/huangmei/travel.png.import[39m[0m
[  88% ] [90m[1msavepack[22m | 正在保存文件：res://.godot/imported/adventure.png-f75e005f083fb95b39ad81657cb4bfe0.ctex[39m[0m
[  88% ] [90m[1msavepack[22m | 正在保存文件：res://InheritanceTasks/Art/Pixel/v3/runtime/jingzhou_hua_gu_xi/adventure.png.import[39m[0m
[  88% ] [90m[1msavepack[22m | 正在保存文件：res://.godot/imported/background.png-56242d3758d0471b3731d9761b19d490.ctex[39m[0m
[  88% ] [90m[1msavepack[22m | 正在保存文件：res://InheritanceTasks/Art/Pixel/v3/runtime/jingzhou_hua_gu_xi/background.png.import[39m[0m
[  88% ] [90m[1msavepack[22m | 正在保存文件：res://.godot/imported/business.png-946cf07aafabd6d5c8a3a5ffaf5ef279.ctex[39m[0m
[  88% ] [90m[1msavepack[22m | 正在保存文件：res://InheritanceTasks/Art/Pixel/v3/runtime/jingzhou_hua_gu_xi/business.png.import[39m[0m
[  88% ] [90m[1msavepack[22m | 正在保存文件：res://.godot/imported/cover-adventure.png-e2a2434c39726e7e3f2485e13e847613.ctex[39m[0m
[  88% ] [90m[1msavepack[22m | 正在保存文件：res://InheritanceTasks/Art/Pixel/v3/runtime/jingzhou_hua_gu_xi/cover-adventure.png.import[39m[0m
[  88% ] [90m[1msavepack[22m | 正在保存文件：res://.godot/imported/cover-business.png-438a2f5c7a67476577619edc7ee73db0.ctex[39m[0m
[  88% ] [90m[1msavepack[22m | 正在保存文件：res://InheritanceTasks/Art/Pixel/v3/runtime/jingzhou_hua_gu_xi/cover-business.png.import[39m[0m
[  88% ] [90m[1msavepack[22m | 正在保存文件：res://.godot/imported/cover-food.png-2b210abfc9763ed75df93192f652c34f.ctex[39m[0m
[  88% ] [90m[1msavepack[22m | 正在保存文件：res://InheritanceTasks/Art/Pixel/v3/runtime/jingzhou_hua_gu_xi/cover-food.png.import[39m[0m
[  88% ] [90m[1msavepack[22m | 正在保存文件：res://.godot/imported/cover-life.png-f1a271c4c6e0d011840245d7811dfff9.ctex[39m[0m
[  88% ] [90m[1msavepack[22m | 正在保存文件：res://InheritanceTasks/Art/Pixel/v3/runtime/jingzhou_hua_gu_xi/cover-life.png.import[39m[0m
[  88% ] [90m[1msavepack[22m | 正在保存文件：res://.godot/imported/cover-magic.png-2f090f6e7b6d7cc06d575cedd99f629e.ctex[39m[0m
[  88% ] [90m[1msavepack[22m | 正在保存文件：res://InheritanceTasks/Art/Pixel/v3/runtime/jingzhou_hua_gu_xi/cover-magic.png.import[39m[0m
[  88% ] [90m[1msavepack[22m | 正在保存文件：res://.godot/imported/cover-travel.png-20094a946ed26a54b52c67be0a932d06.ctex[39m[0m
[  88% ] [90m[1msavepack[22m | 正在保存文件：res://InheritanceTasks/Art/Pixel/v3/runtime/jingzhou_hua_gu_xi/cover-travel.png.import[39m[0m
[  88% ] [90m[1msavepack[22m | 正在保存文件：res://.godot/imported/food.png-37b1ab31c8d69df640e08a0c3a6ca8a6.ctex[39m[0m
[  88% ] [90m[1msavepack[22m | 正在保存文件：res://InheritanceTasks/Art/Pixel/v3/runtime/jingzhou_hua_gu_xi/food.png.import[39m[0m
[  88% ] [90m[1msavepack[22m | 正在保存文件：res://.godot/imported/life.png-f9a1032f8898ec2989dc5c632e7f389e.ctex[39m[0m
[  88% ] [90m[1msavepack[22m | 正在保存文件：res://InheritanceTasks/Art/Pixel/v3/runtime/jingzhou_hua_gu_xi/life.png.import[39m[0m
[  88% ] [90m[1msavepack[22m | 正在保存文件：res://.godot/imported/magic.png-4aee6a8d9b24a14ffc7e85fbe515f02b.ctex[39m[0m
[  88% ] [90m[1msavepack[22m | 正在保存文件：res://InheritanceTasks/Art/Pixel/v3/runtime/jingzhou_hua_gu_xi/magic.png.import[39m[0m
[  88% ] [90m[1msavepack[22m | 正在保存文件：res://.godot/imported/npcs.png-d009c9f38873f1d6b489539d6a35c3ef.ctex[39m[0m
[  88% ] [90m[1msavepack[22m | 正在保存文件：res://InheritanceTasks/Art/Pixel/v3/runtime/jingzhou_hua_gu_xi/npcs.png.import[39m[0m
[  88% ] [90m[1msavepack[22m | 正在保存文件：res://.godot/imported/travel.png-8b94b37e159665c74ebf1af227886139.ctex[39m[0m
[  88% ] [90m[1msavepack[22m | 正在保存文件：res://InheritanceTasks/Art/Pixel/v3/runtime/jingzhou_hua_gu_xi/travel.png.import[39m[0m
[  89% ] [90m[1msavepack[22m | 正在保存文件：res://.godot/imported/adventure.png-929dc44bf6932da9d0fda65813ca4e4a.ctex[39m[0m
[  89% ] [90m[1msavepack[22m | 正在保存文件：res://InheritanceTasks/Art/Pixel/v3/runtime/laohekou_si_xian/adventure.png.import[39m[0m
[  89% ] [90m[1msavepack[22m | 正在保存文件：res://.godot/imported/background.png-ee1bbb5d9bfc4d284fbe5e221074350b.ctex[39m[0m
[  89% ] [90m[1msavepack[22m | 正在保存文件：res://InheritanceTasks/Art/Pixel/v3/runtime/laohekou_si_xian/background.png.import[39m[0m
[  89% ] [90m[1msavepack[22m | 正在保存文件：res://.godot/imported/business.png-3f7cc176c32fb72d1924c6a690439400.ctex[39m[0m
[  89% ] [90m[1msavepack[22m | 正在保存文件：res://InheritanceTasks/Art/Pixel/v3/runtime/laohekou_si_xian/business.png.import[39m[0m
[  89% ] [90m[1msavepack[22m | 正在保存文件：res://.godot/imported/cover-adventure.png-8b1d3eb6730bab7a9d6a3c014c438428.ctex[39m[0m
[  89% ] [90m[1msavepack[22m | 正在保存文件：res://InheritanceTasks/Art/Pixel/v3/runtime/laohekou_si_xian/cover-adventure.png.import[39m[0m
[  89% ] [90m[1msavepack[22m | 正在保存文件：res://.godot/imported/cover-business.png-1f1f6629bd62ea42e03f5e4483a23831.ctex[39m[0m
[  89% ] [90m[1msavepack[22m | 正在保存文件：res://InheritanceTasks/Art/Pixel/v3/runtime/laohekou_si_xian/cover-business.png.import[39m[0m
[  89% ] [90m[1msavepack[22m | 正在保存文件：res://.godot/imported/cover-food.png-1f687f3828c7ae8a31f4d20cd43c4512.ctex[39m[0m
[  89% ] [90m[1msavepack[22m | 正在保存文件：res://InheritanceTasks/Art/Pixel/v3/runtime/laohekou_si_xian/cover-food.png.import[39m[0m
[  89% ] [90m[1msavepack[22m | 正在保存文件：res://.godot/imported/cover-life.png-cf50a7ca1a7ed3ce2b3792190f2622d1.ctex[39m[0m
[  89% ] [90m[1msavepack[22m | 正在保存文件：res://InheritanceTasks/Art/Pixel/v3/runtime/laohekou_si_xian/cover-life.png.import[39m[0m
[  89% ] [90m[1msavepack[22m | 正在保存文件：res://.godot/imported/cover-magic.png-9d6a36695fe1ba2b3596bfbd7e65d5a1.ctex[39m[0m
[  89% ] [90m[1msavepack[22m | 正在保存文件：res://InheritanceTasks/Art/Pixel/v3/runtime/laohekou_si_xian/cover-magic.png.import[39m[0m
[  89% ] [90m[1msavepack[22m | 正在保存文件：res://.godot/imported/cover-travel.png-ad51e93af3b6d9ce5f4213e52ff1d566.ctex[39m[0m
[  89% ] [90m[1msavepack[22m | 正在保存文件：res://InheritanceTasks/Art/Pixel/v3/runtime/laohekou_si_xian/cover-travel.png.import[39m[0m
[  89% ] [90m[1msavepack[22m | 正在保存文件：res://.godot/imported/food.png-8865d8b3dea6bd708d7ef06f5e29e985.ctex[39m[0m
[  89% ] [90m[1msavepack[22m | 正在保存文件：res://InheritanceTasks/Art/Pixel/v3/runtime/laohekou_si_xian/food.png.import[39m[0m
[  89% ] [90m[1msavepack[22m | 正在保存文件：res://.godot/imported/life.png-2d410c4b9514ccd4ea3b186fae06a4b8.ctex[39m[0m
[  89% ] [90m[1msavepack[22m | 正在保存文件：res://InheritanceTasks/Art/Pixel/v3/runtime/laohekou_si_xian/life.png.import[39m[0m
[  89% ] [90m[1msavepack[22m | 正在保存文件：res://.godot/imported/magic.png-b20703beed81b968198c1e02b176fb7b.ctex[39m[0m
[  89% ] [90m[1msavepack[22m | 正在保存文件：res://InheritanceTasks/Art/Pixel/v3/runtime/laohekou_si_xian/magic.png.import[39m[0m
[  89% ] [90m[1msavepack[22m | 正在保存文件：res://.godot/imported/npcs.png-b9c976abe7938a55fbaf96a1c678a080.ctex[39m[0m
[  89% ] [90m[1msavepack[22m | 正在保存文件：res://InheritanceTasks/Art/Pixel/v3/runtime/laohekou_si_xian/npcs.png.import[39m[0m
[  89% ] [90m[1msavepack[22m | 正在保存文件：res://.godot/imported/travel.png-958da8c88bad4f4f507d22c99c3b7f56.ctex[39m[0m
[  89% ] [90m[1msavepack[22m | 正在保存文件：res://InheritanceTasks/Art/Pixel/v3/runtime/laohekou_si_xian/travel.png.import[39m[0m
[  89% ] [90m[1msavepack[22m | 正在保存文件：res://.godot/imported/adventure_blogger-hand.png-151bb1af3256e75aaf65888d4516f543.ctex[39m[0m
[  89% ] [90m[1msavepack[22m | 正在保存文件：res://InheritanceTasks/Art/Pixel/v3/runtime/paper/adventure_blogger-hand.png.import[39m[0m
[  89% ] [90m[1msavepack[22m | 正在保存文件：res://.godot/imported/background.png-cee0e0562477adf92c957ad04dc69e2e.ctex[39m[0m
[  89% ] [90m[1msavepack[22m | 正在保存文件：res://InheritanceTasks/Art/Pixel/v3/runtime/paper/background.png.import[39m[0m
[  89% ] [90m[1msavepack[22m | 正在保存文件：res://.godot/imported/business_blogger-hand.png-a7ee3f02c24d4cde50836484aa0a6699.ctex[39m[0m
[  89% ] [90m[1msavepack[22m | 正在保存文件：res://InheritanceTasks/Art/Pixel/v3/runtime/paper/business_blogger-hand.png.import[39m[0m
[  89% ] [90m[1msavepack[22m | 正在保存文件：res://.godot/imported/cover-adventure.png-cdb1a983302b5b0cb87ce00a535a1a53.ctex[39m[0m
[  89% ] [90m[1msavepack[22m | 正在保存文件：res://InheritanceTasks/Art/Pixel/v3/runtime/paper/cover-adventure.png.import[39m[0m
[  89% ] [90m[1msavepack[22m | 正在保存文件：res://.godot/imported/cover-business.png-9559c16c32ecd30ef2911b2fbe0238d7.ctex[39m[0m
[  89% ] [90m[1msavepack[22m | 正在保存文件：res://InheritanceTasks/Art/Pixel/v3/runtime/paper/cover-business.png.import[39m[0m
[  89% ] [90m[1msavepack[22m | 正在保存文件：res://.godot/imported/cover-food.png-056e6cce76b77082be5eb2b620d30020.ctex[39m[0m
[  89% ] [90m[1msavepack[22m | 正在保存文件：res://InheritanceTasks/Art/Pixel/v3/runtime/paper/cover-food.png.import[39m[0m
[  90% ] [90m[1msavepack[22m | 正在保存文件：res://.godot/imported/cover-life.png-fa8b7694a1b0a9e84d3ed47b9d9770d3.ctex[39m[0m
[  90% ] [90m[1msavepack[22m | 正在保存文件：res://InheritanceTasks/Art/Pixel/v3/runtime/paper/cover-life.png.import[39m[0m
[  90% ] [90m[1msavepack[22m | 正在保存文件：res://.godot/imported/cover-magic.png-b668bd99f381ee5bb50ef3297c7730db.ctex[39m[0m
[  90% ] [90m[1msavepack[22m | 正在保存文件：res://InheritanceTasks/Art/Pixel/v3/runtime/paper/cover-magic.png.import[39m[0m
[  90% ] [90m[1msavepack[22m | 正在保存文件：res://.godot/imported/cover-travel.png-ad18d317a407c5e909e20349bef2cbd7.ctex[39m[0m
[  90% ] [90m[1msavepack[22m | 正在保存文件：res://InheritanceTasks/Art/Pixel/v3/runtime/paper/cover-travel.png.import[39m[0m
[  90% ] [90m[1msavepack[22m | 正在保存文件：res://.godot/imported/cover.png-248678884ae997fc44099031dc63a344.ctex[39m[0m
[  90% ] [90m[1msavepack[22m | 正在保存文件：res://InheritanceTasks/Art/Pixel/v3/runtime/paper/cover.png.import[39m[0m
[  90% ] [90m[1msavepack[22m | 正在保存文件：res://InheritanceTasks/Art/Pixel/v3/runtime/paper/detail-anchors.json[39m[0m
[  90% ] [90m[1msavepack[22m | 正在保存文件：res://.godot/imported/food_blogger-hand.png-ea75fff3f67230ac37166a7746817529.ctex[39m[0m
[  90% ] [90m[1msavepack[22m | 正在保存文件：res://InheritanceTasks/Art/Pixel/v3/runtime/paper/food_blogger-hand.png.import[39m[0m
[  90% ] [90m[1msavepack[22m | 正在保存文件：res://.godot/imported/life_blogger-hand.png-491b382921d3bea2157dc29b06cc034e.ctex[39m[0m
[  90% ] [90m[1msavepack[22m | 正在保存文件：res://InheritanceTasks/Art/Pixel/v3/runtime/paper/life_blogger-hand.png.import[39m[0m
[  90% ] [90m[1msavepack[22m | 正在保存文件：res://.godot/imported/magic_blogger-hand.png-acaee9e2ef29a0fc70c92ec5ae7a4706.ctex[39m[0m
[  90% ] [90m[1msavepack[22m | 正在保存文件：res://InheritanceTasks/Art/Pixel/v3/runtime/paper/magic_blogger-hand.png.import[39m[0m
[  90% ] [90m[1msavepack[22m | 正在保存文件：res://.godot/imported/pattern.png-792e11396ef4b94dba3cfbdbdfc4626f.ctex[39m[0m
[  90% ] [90m[1msavepack[22m | 正在保存文件：res://InheritanceTasks/Art/Pixel/v3/runtime/paper/pattern.png.import[39m[0m
[  90% ] [90m[1msavepack[22m | 正在保存文件：res://.godot/imported/travel_blogger-hand.png-677a661db3e56f48f13e11f5bc089d5d.ctex[39m[0m
[  90% ] [90m[1msavepack[22m | 正在保存文件：res://InheritanceTasks/Art/Pixel/v3/runtime/paper/travel_blogger-hand.png.import[39m[0m
[  90% ] [90m[1msavepack[22m | 正在保存文件：res://InheritanceTasks/Art/Pixel/v3/runtime/revision-covers/manifest.json[39m[0m
[  90% ] [90m[1msavepack[22m | 正在保存文件：res://.godot/imported/xingshan_min_ge-adventure_blogger.png-ebc8105d196169c0a4ff0ce68ae5d19b.ctex[39m[0m
[  90% ] [90m[1msavepack[22m | 正在保存文件：res://InheritanceTasks/Art/Pixel/v3/runtime/revision-covers/xingshan_min_ge-adventure_blogger.png.import[39m[0m
[  90% ] [90m[1msavepack[22m | 正在保存文件：res://.godot/imported/xingshan_min_ge-business_blogger.png-d5216d5da26b9a32a0ecb3fa3837f8e1.ctex[39m[0m
[  90% ] [90m[1msavepack[22m | 正在保存文件：res://InheritanceTasks/Art/Pixel/v3/runtime/revision-covers/xingshan_min_ge-business_blogger.png.import[39m[0m
[  90% ] [90m[1msavepack[22m | 正在保存文件：res://.godot/imported/xingshan_min_ge-food_blogger.png-aa2f958e740d01f8318f8ba02204d00c.ctex[39m[0m
[  90% ] [90m[1msavepack[22m | 正在保存文件：res://InheritanceTasks/Art/Pixel/v3/runtime/revision-covers/xingshan_min_ge-food_blogger.png.import[39m[0m
[  90% ] [90m[1msavepack[22m | 正在保存文件：res://.godot/imported/xingshan_min_ge-life_blogger.png-a8dab8aaf477dfb05473dfa41d13622f.ctex[39m[0m
[  90% ] [90m[1msavepack[22m | 正在保存文件：res://InheritanceTasks/Art/Pixel/v3/runtime/revision-covers/xingshan_min_ge-life_blogger.png.import[39m[0m
[  90% ] [90m[1msavepack[22m | 正在保存文件：res://.godot/imported/xingshan_min_ge-magic_blogger.png-25bdb663d4428cd315da0386197d1803.ctex[39m[0m
[  90% ] [90m[1msavepack[22m | 正在保存文件：res://InheritanceTasks/Art/Pixel/v3/runtime/revision-covers/xingshan_min_ge-magic_blogger.png.import[39m[0m
[  90% ] [90m[1msavepack[22m | 正在保存文件：res://.godot/imported/xingshan_min_ge-travel_blogger.png-575c694c8d985d64cd1402537cae8c23.ctex[39m[0m
[  90% ] [90m[1msavepack[22m | 正在保存文件：res://InheritanceTasks/Art/Pixel/v3/runtime/revision-covers/xingshan_min_ge-travel_blogger.png.import[39m[0m
[  90% ] [90m[1msavepack[22m | 正在保存文件：res://.godot/imported/xisai_shenzhou_hui-adventure_blogger.png-add50f6e54e51009481f0e6f02e886f8.ctex[39m[0m
[  90% ] [90m[1msavepack[22m | 正在保存文件：res://InheritanceTasks/Art/Pixel/v3/runtime/revision-covers/xisai_shenzhou_hui-adventure_blogger.png.import[39m[0m
[  90% ] [90m[1msavepack[22m | 正在保存文件：res://.godot/imported/xisai_shenzhou_hui-business_blogger.png-f8e452dbd910dad0f9062902e39ddfd8.ctex[39m[0m
[  90% ] [90m[1msavepack[22m | 正在保存文件：res://InheritanceTasks/Art/Pixel/v3/runtime/revision-covers/xisai_shenzhou_hui-business_blogger.png.import[39m[0m
[  91% ] [90m[1msavepack[22m | 正在保存文件：res://.godot/imported/xisai_shenzhou_hui-food_blogger.png-7641ca2ca30c6452f8dd2731b5e011c2.ctex[39m[0m
[  91% ] [90m[1msavepack[22m | 正在保存文件：res://InheritanceTasks/Art/Pixel/v3/runtime/revision-covers/xisai_shenzhou_hui-food_blogger.png.import[39m[0m
[  91% ] [90m[1msavepack[22m | 正在保存文件：res://.godot/imported/xisai_shenzhou_hui-life_blogger.png-d0bc75d2938f0e87c5584ed0dae2335c.ctex[39m[0m
[  91% ] [90m[1msavepack[22m | 正在保存文件：res://InheritanceTasks/Art/Pixel/v3/runtime/revision-covers/xisai_shenzhou_hui-life_blogger.png.import[39m[0m
[  91% ] [90m[1msavepack[22m | 正在保存文件：res://.godot/imported/xisai_shenzhou_hui-magic_blogger.png-ea3443e738c4dacafaf8b86b50db364c.ctex[39m[0m
[  91% ] [90m[1msavepack[22m | 正在保存文件：res://InheritanceTasks/Art/Pixel/v3/runtime/revision-covers/xisai_shenzhou_hui-magic_blogger.png.import[39m[0m
[  91% ] [90m[1msavepack[22m | 正在保存文件：res://.godot/imported/xisai_shenzhou_hui-travel_blogger.png-5553b312f731d6a1e009f36df0c4d2cb.ctex[39m[0m
[  91% ] [90m[1msavepack[22m | 正在保存文件：res://InheritanceTasks/Art/Pixel/v3/runtime/revision-covers/xisai_shenzhou_hui-travel_blogger.png.import[39m[0m
[  91% ] [90m[1msavepack[22m | 正在保存文件：res://.godot/imported/adventure.png-4e0ec1e39e8aabddc9ce80332f5e09bb.ctex[39m[0m
[  91% ] [90m[1msavepack[22m | 正在保存文件：res://InheritanceTasks/Art/Pixel/v3/runtime/shennong/adventure.png.import[39m[0m
[  91% ] [90m[1msavepack[22m | 正在保存文件：res://.godot/imported/background-0.png-7537bc641e638f5ebd427561ac7cc134.ctex[39m[0m
[  91% ] [90m[1msavepack[22m | 正在保存文件：res://InheritanceTasks/Art/Pixel/v3/runtime/shennong/background-0.png.import[39m[0m
[  91% ] [90m[1msavepack[22m | 正在保存文件：res://.godot/imported/background-1.png-3e97549307a09db3681215700e1effa6.ctex[39m[0m
[  91% ] [90m[1msavepack[22m | 正在保存文件：res://InheritanceTasks/Art/Pixel/v3/runtime/shennong/background-1.png.import[39m[0m
[  91% ] [90m[1msavepack[22m | 正在保存文件：res://.godot/imported/background-2.png-946432f809a5acf1d9e734a2dae53c64.ctex[39m[0m
[  91% ] [90m[1msavepack[22m | 正在保存文件：res://InheritanceTasks/Art/Pixel/v3/runtime/shennong/background-2.png.import[39m[0m
[  91% ] [90m[1msavepack[22m | 正在保存文件：res://.godot/imported/background.png-0b90363ff7c378e54824a7ba42ec2e6e.ctex[39m[0m
[  91% ] [90m[1msavepack[22m | 正在保存文件：res://InheritanceTasks/Art/Pixel/v3/runtime/shennong/background.png.import[39m[0m
[  91% ] [90m[1msavepack[22m | 正在保存文件：res://.godot/imported/branch.png-da667ac7429efadb170692cc4235d33a.ctex[39m[0m
[  91% ] [90m[1msavepack[22m | 正在保存文件：res://InheritanceTasks/Art/Pixel/v3/runtime/shennong/branch.png.import[39m[0m
[  91% ] [90m[1msavepack[22m | 正在保存文件：res://.godot/imported/business.png-9103e9db45016e6242473e1eaa97c6ee.ctex[39m[0m
[  91% ] [90m[1msavepack[22m | 正在保存文件：res://InheritanceTasks/Art/Pixel/v3/runtime/shennong/business.png.import[39m[0m
[  91% ] [90m[1msavepack[22m | 正在保存文件：res://.godot/imported/creek.png-e3a1d32f7c763067d8a516110a9bb03c.ctex[39m[0m
[  91% ] [90m[1msavepack[22m | 正在保存文件：res://InheritanceTasks/Art/Pixel/v3/runtime/shennong/creek.png.import[39m[0m
[  91% ] [90m[1msavepack[22m | 正在保存文件：res://.godot/imported/food.png-7b34f65b4c1fbaf3d9e8ab46c0ad31e8.ctex[39m[0m
[  91% ] [90m[1msavepack[22m | 正在保存文件：res://InheritanceTasks/Art/Pixel/v3/runtime/shennong/food.png.import[39m[0m
[  91% ] [90m[1msavepack[22m | 正在保存文件：res://.godot/imported/forest.png-656cb81d8e784919e13bea066384c160.ctex[39m[0m
[  91% ] [90m[1msavepack[22m | 正在保存文件：res://InheritanceTasks/Art/Pixel/v3/runtime/shennong/forest.png.import[39m[0m
[  91% ] [90m[1msavepack[22m | 正在保存文件：res://.godot/imported/life.png-890be942b3bc4f88c725dbb4e559f232.ctex[39m[0m
[  91% ] [90m[1msavepack[22m | 正在保存文件：res://InheritanceTasks/Art/Pixel/v3/runtime/shennong/life.png.import[39m[0m
[  91% ] [90m[1msavepack[22m | 正在保存文件：res://.godot/imported/magic.png-f7aeaf2e4056465196826299560e8592.ctex[39m[0m
[  91% ] [90m[1msavepack[22m | 正在保存文件：res://InheritanceTasks/Art/Pixel/v3/runtime/shennong/magic.png.import[39m[0m
[  91% ] [90m[1msavepack[22m | 正在保存文件：res://.godot/imported/marker.png-f291b430a9ee726a28c085c2ed2da4a3.ctex[39m[0m
[  91% ] [90m[1msavepack[22m | 正在保存文件：res://InheritanceTasks/Art/Pixel/v3/runtime/shennong/marker.png.import[39m[0m
[  91% ] [90m[1msavepack[22m | 正在保存文件：res://.godot/imported/portrait-adventure.png-c5f17eb7716fd9ffdd72405a54a292cf.ctex[39m[0m
[  91% ] [90m[1msavepack[22m | 正在保存文件：res://InheritanceTasks/Art/Pixel/v3/runtime/shennong/portrait-adventure.png.import[39m[0m
[  91% ] [90m[1msavepack[22m | 正在保存文件：res://.godot/imported/portrait-business.png-5b6dc34d56b02abae3848de672d7befc.ctex[39m[0m
[  91% ] [90m[1msavepack[22m | 正在保存文件：res://InheritanceTasks/Art/Pixel/v3/runtime/shennong/portrait-business.png.import[39m[0m
[  92% ] [90m[1msavepack[22m | 正在保存文件：res://.godot/imported/portrait-food.png-a5d7eaed9b5388bf1ec8e0a47f01cd74.ctex[39m[0m
[  92% ] [90m[1msavepack[22m | 正在保存文件：res://InheritanceTasks/Art/Pixel/v3/runtime/shennong/portrait-food.png.import[39m[0m
[  92% ] [90m[1msavepack[22m | 正在保存文件：res://.godot/imported/portrait-life.png-a4eaf6104fc889a32c0bea512bf4319f.ctex[39m[0m
[  92% ] [90m[1msavepack[22m | 正在保存文件：res://InheritanceTasks/Art/Pixel/v3/runtime/shennong/portrait-life.png.import[39m[0m
[  92% ] [90m[1msavepack[22m | 正在保存文件：res://.godot/imported/portrait-magic.png-71632681e9dc5995108381d40d16c969.ctex[39m[0m
[  92% ] [90m[1msavepack[22m | 正在保存文件：res://InheritanceTasks/Art/Pixel/v3/runtime/shennong/portrait-magic.png.import[39m[0m
[  92% ] [90m[1msavepack[22m | 正在保存文件：res://.godot/imported/portrait-travel.png-62f32805fe86870d0f28e23bf0ed80b8.ctex[39m[0m
[  92% ] [90m[1msavepack[22m | 正在保存文件：res://InheritanceTasks/Art/Pixel/v3/runtime/shennong/portrait-travel.png.import[39m[0m
[  92% ] [90m[1msavepack[22m | 正在保存文件：res://.godot/imported/ridge.png-ddfad281cda9c80e9926a0c24f577f9e.ctex[39m[0m
[  92% ] [90m[1msavepack[22m | 正在保存文件：res://InheritanceTasks/Art/Pixel/v3/runtime/shennong/ridge.png.import[39m[0m
[  92% ] [90m[1msavepack[22m | 正在保存文件：res://.godot/imported/rock-14x8.png-6962347a7cb3521850dfabbb867acdad.ctex[39m[0m
[  92% ] [90m[1msavepack[22m | 正在保存文件：res://InheritanceTasks/Art/Pixel/v3/runtime/shennong/rock-14x8.png.import[39m[0m
[  92% ] [90m[1msavepack[22m | 正在保存文件：res://.godot/imported/rock-14x10.png-951c25e54003eae53fd1e005a44139ff.ctex[39m[0m
[  92% ] [90m[1msavepack[22m | 正在保存文件：res://InheritanceTasks/Art/Pixel/v3/runtime/shennong/rock-14x10.png.import[39m[0m
[  92% ] [90m[1msavepack[22m | 正在保存文件：res://.godot/imported/rock-14x11.png-45a90c9023b5040eb61e2af4d6ac79e6.ctex[39m[0m
[  92% ] [90m[1msavepack[22m | 正在保存文件：res://InheritanceTasks/Art/Pixel/v3/runtime/shennong/rock-14x11.png.import[39m[0m
[  92% ] [90m[1msavepack[22m | 正在保存文件：res://.godot/imported/rock-15x10.png-aa5d441b8c1b4e9282c8b45478af323c.ctex[39m[0m
[  92% ] [90m[1msavepack[22m | 正在保存文件：res://InheritanceTasks/Art/Pixel/v3/runtime/shennong/rock-15x10.png.import[39m[0m
[  92% ] [90m[1msavepack[22m | 正在保存文件：res://.godot/imported/rock-15x11.png-b18f991475215bb94c7a52fdd5142189.ctex[39m[0m
[  92% ] [90m[1msavepack[22m | 正在保存文件：res://InheritanceTasks/Art/Pixel/v3/runtime/shennong/rock-15x11.png.import[39m[0m
[  92% ] [90m[1msavepack[22m | 正在保存文件：res://.godot/imported/travel.png-e32ac5b78b0fc359f296b061b754520c.ctex[39m[0m
[  92% ] [90m[1msavepack[22m | 正在保存文件：res://InheritanceTasks/Art/Pixel/v3/runtime/shennong/travel.png.import[39m[0m
[  92% ] [90m[1msavepack[22m | 正在保存文件：res://.godot/imported/background.png-c933624f5ecb65f789f51beebd83ae75.ctex[39m[0m
[  92% ] [90m[1msavepack[22m | 正在保存文件：res://InheritanceTasks/Art/Pixel/v3/runtime/shenzhou/background.png.import[39m[0m
[  92% ] [90m[1msavepack[22m | 正在保存文件：res://.godot/imported/boat.png-d15372454d914ad997e8578247f7fd2e.ctex[39m[0m
[  92% ] [90m[1msavepack[22m | 正在保存文件：res://InheritanceTasks/Art/Pixel/v3/runtime/shenzhou/boat.png.import[39m[0m
[  92% ] [90m[1msavepack[22m | 正在保存文件：res://.godot/imported/cover.png-b45bc49b8b7f57e271ee7ee3f5894fdf.ctex[39m[0m
[  92% ] [90m[1msavepack[22m | 正在保存文件：res://InheritanceTasks/Art/Pixel/v3/runtime/shenzhou/cover.png.import[39m[0m
[  92% ] [90m[1msavepack[22m | 正在保存文件：res://.godot/imported/obstacle-boat-v4.png-7554451504afdcacc382f6f4fefc512e.ctex[39m[0m
[  92% ] [90m[1msavepack[22m | 正在保存文件：res://InheritanceTasks/Art/Pixel/v3/runtime/shenzhou/obstacle-boat-v4.png.import[39m[0m
[  92% ] [90m[1msavepack[22m | 正在保存文件：res://.godot/imported/obstacle-boat.png-cde74b68a20608d298e7180762500021.ctex[39m[0m
[  92% ] [90m[1msavepack[22m | 正在保存文件：res://InheritanceTasks/Art/Pixel/v3/runtime/shenzhou/obstacle-boat.png.import[39m[0m
[  92% ] [90m[1msavepack[22m | 正在保存文件：res://.godot/imported/obstacle-driftwood.png-ba82a2387c4163266d5267c9aafd9d32.ctex[39m[0m
[  92% ] [90m[1msavepack[22m | 正在保存文件：res://InheritanceTasks/Art/Pixel/v3/runtime/shenzhou/obstacle-driftwood.png.import[39m[0m
[  92% ] [90m[1msavepack[22m | 正在保存文件：res://.godot/imported/obstacle-small-boat.png-d7902bbcccfbd432995613c9cc510d2b.ctex[39m[0m
[  92% ] [90m[1msavepack[22m | 正在保存文件：res://InheritanceTasks/Art/Pixel/v3/runtime/shenzhou/obstacle-small-boat.png.import[39m[0m
[  92% ] [90m[1msavepack[22m | 正在保存文件：res://.godot/imported/cover.png-7a07b1803b129f0eda1f432823cd0f51.ctex[39m[0m
[  92% ] [90m[1msavepack[22m | 正在保存文件：res://InheritanceTasks/Art/Pixel/v3/runtime/story/cover.png.import[39m[0m
[  93% ] [90m[1msavepack[22m | 正在保存文件：res://.godot/imported/dragon_temple-1-reference.png-1aa9737a5e14df53ad60ab016f09165d.ctex[39m[0m
[  93% ] [90m[1msavepack[22m | 正在保存文件：res://InheritanceTasks/Art/Pixel/v3/runtime/story/dragon_temple-1-reference.png.import[39m[0m
[  93% ] [90m[1msavepack[22m | 正在保存文件：res://.godot/imported/dragon_temple-1.png-758c3dc4c810c118d1d10eba8a49fcb2.ctex[39m[0m
[  93% ] [90m[1msavepack[22m | 正在保存文件：res://InheritanceTasks/Art/Pixel/v3/runtime/story/dragon_temple-1.png.import[39m[0m
[  93% ] [90m[1msavepack[22m | 正在保存文件：res://.godot/imported/dragon_temple-2-reference.png-f28eb8b646fddf8d0dc43a24d8f20641.ctex[39m[0m
[  93% ] [90m[1msavepack[22m | 正在保存文件：res://InheritanceTasks/Art/Pixel/v3/runtime/story/dragon_temple-2-reference.png.import[39m[0m
[  93% ] [90m[1msavepack[22m | 正在保存文件：res://.godot/imported/dragon_temple-2.png-4ed055fa98dff723945df2f5a0b61232.ctex[39m[0m
[  93% ] [90m[1msavepack[22m | 正在保存文件：res://InheritanceTasks/Art/Pixel/v3/runtime/story/dragon_temple-2.png.import[39m[0m
[  93% ] [90m[1msavepack[22m | 正在保存文件：res://.godot/imported/dragon_temple-3-reference.png-4d9d45d0ecf0980653026aea00aa6534.ctex[39m[0m
[  93% ] [90m[1msavepack[22m | 正在保存文件：res://InheritanceTasks/Art/Pixel/v3/runtime/story/dragon_temple-3-reference.png.import[39m[0m
[  93% ] [90m[1msavepack[22m | 正在保存文件：res://.godot/imported/dragon_temple-3.png-b32693ab938624ddfa0e70e5a521f8dd.ctex[39m[0m
[  93% ] [90m[1msavepack[22m | 正在保存文件：res://InheritanceTasks/Art/Pixel/v3/runtime/story/dragon_temple-3.png.import[39m[0m
[  93% ] [90m[1msavepack[22m | 正在保存文件：res://.godot/imported/tribute_rice-1-reference.png-a520cf8cdb42ed3da8459113f8289203.ctex[39m[0m
[  93% ] [90m[1msavepack[22m | 正在保存文件：res://InheritanceTasks/Art/Pixel/v3/runtime/story/tribute_rice-1-reference.png.import[39m[0m
[  93% ] [90m[1msavepack[22m | 正在保存文件：res://.godot/imported/tribute_rice-1.png-c94fbf23d36b0cc0b69a72a80366871b.ctex[39m[0m
[  93% ] [90m[1msavepack[22m | 正在保存文件：res://InheritanceTasks/Art/Pixel/v3/runtime/story/tribute_rice-1.png.import[39m[0m
[  93% ] [90m[1msavepack[22m | 正在保存文件：res://.godot/imported/tribute_rice-2-reference.png-14c2d249c24de4187385604212170f6c.ctex[39m[0m
[  93% ] [90m[1msavepack[22m | 正在保存文件：res://InheritanceTasks/Art/Pixel/v3/runtime/story/tribute_rice-2-reference.png.import[39m[0m
[  93% ] [90m[1msavepack[22m | 正在保存文件：res://.godot/imported/tribute_rice-2.png-b9ed0a7a416cfcb597e0830f3aa630a4.ctex[39m[0m
[  93% ] [90m[1msavepack[22m | 正在保存文件：res://InheritanceTasks/Art/Pixel/v3/runtime/story/tribute_rice-2.png.import[39m[0m
[  93% ] [90m[1msavepack[22m | 正在保存文件：res://.godot/imported/tribute_rice-3-reference.png-588c845c5d90508eaf977d04cc1d2665.ctex[39m[0m
[  93% ] [90m[1msavepack[22m | 正在保存文件：res://InheritanceTasks/Art/Pixel/v3/runtime/story/tribute_rice-3-reference.png.import[39m[0m
[  93% ] [90m[1msavepack[22m | 正在保存文件：res://.godot/imported/tribute_rice-3.png-68cdf4cb16b5d4c4c401b7b3c5d71abe.ctex[39m[0m
[  93% ] [90m[1msavepack[22m | 正在保存文件：res://InheritanceTasks/Art/Pixel/v3/runtime/story/tribute_rice-3.png.import[39m[0m
[  93% ] [90m[1msavepack[22m | 正在保存文件：res://.godot/imported/water_cow-1-reference.png-038cb025755d724c967ca285da54f82e.ctex[39m[0m
[  93% ] [90m[1msavepack[22m | 正在保存文件：res://InheritanceTasks/Art/Pixel/v3/runtime/story/water_cow-1-reference.png.import[39m[0m
[  93% ] [90m[1msavepack[22m | 正在保存文件：res://.godot/imported/water_cow-1.png-2503ed5ffe91a519c32f2bf0df0634db.ctex[39m[0m
[  93% ] [90m[1msavepack[22m | 正在保存文件：res://InheritanceTasks/Art/Pixel/v3/runtime/story/water_cow-1.png.import[39m[0m
[  93% ] [90m[1msavepack[22m | 正在保存文件：res://.godot/imported/water_cow-2-reference.png-bad714d44e148d2b0b434703c3a55f4f.ctex[39m[0m
[  93% ] [90m[1msavepack[22m | 正在保存文件：res://InheritanceTasks/Art/Pixel/v3/runtime/story/water_cow-2-reference.png.import[39m[0m
[  93% ] [90m[1msavepack[22m | 正在保存文件：res://.godot/imported/water_cow-2.png-4a0f143e32dc9d17f04fb7aaa7068c4d.ctex[39m[0m
[  93% ] [90m[1msavepack[22m | 正在保存文件：res://InheritanceTasks/Art/Pixel/v3/runtime/story/water_cow-2.png.import[39m[0m
[  93% ] [90m[1msavepack[22m | 正在保存文件：res://.godot/imported/water_cow-3-reference.png-a42a993e63eed6f8536fb3f161431a1d.ctex[39m[0m
[  93% ] [90m[1msavepack[22m | 正在保存文件：res://InheritanceTasks/Art/Pixel/v3/runtime/story/water_cow-3-reference.png.import[39m[0m
[  93% ] [90m[1msavepack[22m | 正在保存文件：res://.godot/imported/water_cow-3.png-63605b8d4cacac369b801f970a6e538a.ctex[39m[0m
[  93% ] [90m[1msavepack[22m | 正在保存文件：res://InheritanceTasks/Art/Pixel/v3/runtime/story/water_cow-3.png.import[39m[0m
[  93% ] [90m[1msavepack[22m | 正在保存文件：res://.godot/imported/dragon_temple-1.png-0ca65ddc038b67d1548b0e289a6099b6.ctex[39m[0m
[  93% ] [90m[1msavepack[22m | 正在保存文件：res://InheritanceTasks/Art/Pixel/v3/runtime/story-detail-v4/dragon_temple-1.png.import[39m[0m
[  94% ] [90m[1msavepack[22m | 正在保存文件：res://.godot/imported/dragon_temple-2.png-87ed67a8e28b237a856b700b9b1c1813.ctex[39m[0m
[  94% ] [90m[1msavepack[22m | 正在保存文件：res://InheritanceTasks/Art/Pixel/v3/runtime/story-detail-v4/dragon_temple-2.png.import[39m[0m
[  94% ] [90m[1msavepack[22m | 正在保存文件：res://.godot/imported/dragon_temple-3.png-5ffa4c480d839b1fc00d78713e703385.ctex[39m[0m
[  94% ] [90m[1msavepack[22m | 正在保存文件：res://InheritanceTasks/Art/Pixel/v3/runtime/story-detail-v4/dragon_temple-3.png.import[39m[0m
[  94% ] [90m[1msavepack[22m | 正在保存文件：res://.godot/imported/tribute_rice-1.png-976789010d520fe4e3aabb9163383c20.ctex[39m[0m
[  94% ] [90m[1msavepack[22m | 正在保存文件：res://InheritanceTasks/Art/Pixel/v3/runtime/story-detail-v4/tribute_rice-1.png.import[39m[0m
[  94% ] [90m[1msavepack[22m | 正在保存文件：res://.godot/imported/tribute_rice-2.png-2fe88a8b887a80529d7e1b7de5ebc4ba.ctex[39m[0m
[  94% ] [90m[1msavepack[22m | 正在保存文件：res://InheritanceTasks/Art/Pixel/v3/runtime/story-detail-v4/tribute_rice-2.png.import[39m[0m
[  94% ] [90m[1msavepack[22m | 正在保存文件：res://.godot/imported/tribute_rice-3.png-5dbabccd51b27002f95f87a637613e89.ctex[39m[0m
[  94% ] [90m[1msavepack[22m | 正在保存文件：res://InheritanceTasks/Art/Pixel/v3/runtime/story-detail-v4/tribute_rice-3.png.import[39m[0m
[  94% ] [90m[1msavepack[22m | 正在保存文件：res://.godot/imported/water_cow-1.png-725727324b5efc65b613c926c4badd67.ctex[39m[0m
[  94% ] [90m[1msavepack[22m | 正在保存文件：res://InheritanceTasks/Art/Pixel/v3/runtime/story-detail-v4/water_cow-1.png.import[39m[0m
[  94% ] [90m[1msavepack[22m | 正在保存文件：res://.godot/imported/water_cow-2.png-30d8fcd75901dd10ce0dc1c7a62937e4.ctex[39m[0m
[  94% ] [90m[1msavepack[22m | 正在保存文件：res://InheritanceTasks/Art/Pixel/v3/runtime/story-detail-v4/water_cow-2.png.import[39m[0m
[  94% ] [90m[1msavepack[22m | 正在保存文件：res://.godot/imported/water_cow-3.png-3dda76ea18a6b40d6f6811b266ddd635.ctex[39m[0m
[  94% ] [90m[1msavepack[22m | 正在保存文件：res://InheritanceTasks/Art/Pixel/v3/runtime/story-detail-v4/water_cow-3.png.import[39m[0m
[  94% ] [90m[1msavepack[22m | 正在保存文件：res://.godot/imported/adventure.png-ccbfdb67db929a41b6b6bf80308c1dbb.ctex[39m[0m
[  94% ] [90m[1msavepack[22m | 正在保存文件：res://InheritanceTasks/Art/Pixel/v3/runtime/tianmen_tang_su/adventure.png.import[39m[0m
[  94% ] [90m[1msavepack[22m | 正在保存文件：res://.godot/imported/background.png-beebf7136e2ea9f3a2443b003e0835da.ctex[39m[0m
[  94% ] [90m[1msavepack[22m | 正在保存文件：res://InheritanceTasks/Art/Pixel/v3/runtime/tianmen_tang_su/background.png.import[39m[0m
[  94% ] [90m[1msavepack[22m | 正在保存文件：res://.godot/imported/bubbles.png-5ecf1fd23afc1ecda235ebcd4b286aff.ctex[39m[0m
[  94% ] [90m[1msavepack[22m | 正在保存文件：res://InheritanceTasks/Art/Pixel/v3/runtime/tianmen_tang_su/bubbles.png.import[39m[0m
[  94% ] [90m[1msavepack[22m | 正在保存文件：res://.godot/imported/business.png-c57d2a64611fbe6cbe42fdde888cc7fa.ctex[39m[0m
[  94% ] [90m[1msavepack[22m | 正在保存文件：res://InheritanceTasks/Art/Pixel/v3/runtime/tianmen_tang_su/business.png.import[39m[0m
[  94% ] [90m[1msavepack[22m | 正在保存文件：res://.godot/imported/cover-adventure.png-d25da93f500057e5c89c50384b171071.ctex[39m[0m
[  94% ] [90m[1msavepack[22m | 正在保存文件：res://InheritanceTasks/Art/Pixel/v3/runtime/tianmen_tang_su/cover-adventure.png.import[39m[0m
[  94% ] [90m[1msavepack[22m | 正在保存文件：res://.godot/imported/cover-business.png-9e70a9edd3a26e5e87a89299e669e2fa.ctex[39m[0m
[  94% ] [90m[1msavepack[22m | 正在保存文件：res://InheritanceTasks/Art/Pixel/v3/runtime/tianmen_tang_su/cover-business.png.import[39m[0m
[  94% ] [90m[1msavepack[22m | 正在保存文件：res://.godot/imported/cover-food.png-d0adc6df8eb0e5ad27edc8fae7ac0bb0.ctex[39m[0m
[  94% ] [90m[1msavepack[22m | 正在保存文件：res://InheritanceTasks/Art/Pixel/v3/runtime/tianmen_tang_su/cover-food.png.import[39m[0m
[  94% ] [90m[1msavepack[22m | 正在保存文件：res://.godot/imported/cover-life.png-a078f5e8e7c29cd28f6f732aee7d68ed.ctex[39m[0m
[  94% ] [90m[1msavepack[22m | 正在保存文件：res://InheritanceTasks/Art/Pixel/v3/runtime/tianmen_tang_su/cover-life.png.import[39m[0m
[  94% ] [90m[1msavepack[22m | 正在保存文件：res://.godot/imported/cover-magic.png-113c9fe57785ba4cfc9c88bb0f050d94.ctex[39m[0m
[  94% ] [90m[1msavepack[22m | 正在保存文件：res://InheritanceTasks/Art/Pixel/v3/runtime/tianmen_tang_su/cover-magic.png.import[39m[0m
[  94% ] [90m[1msavepack[22m | 正在保存文件：res://.godot/imported/cover-travel.png-81b358214ab5ddc3a3c5e82431c2c0ea.ctex[39m[0m
[  94% ] [90m[1msavepack[22m | 正在保存文件：res://InheritanceTasks/Art/Pixel/v3/runtime/tianmen_tang_su/cover-travel.png.import[39m[0m
[  94% ] [90m[1msavepack[22m | 正在保存文件：res://.godot/imported/food.png-9ead274e64cf33d7c79233d502a5350c.ctex[39m[0m
[  94% ] [90m[1msavepack[22m | 正在保存文件：res://InheritanceTasks/Art/Pixel/v3/runtime/tianmen_tang_su/food.png.import[39m[0m
[  94% ] [90m[1msavepack[22m | 正在保存文件：res://.godot/imported/foreground.png-82480f8f33f605668fd1f31405c593f3.ctex[39m[0m
[  94% ] [90m[1msavepack[22m | 正在保存文件：res://InheritanceTasks/Art/Pixel/v3/runtime/tianmen_tang_su/foreground.png.import[39m[0m
[  95% ] [90m[1msavepack[22m | 正在保存文件：res://.godot/imported/life.png-78b70d0422d598b1a40d69ac302d687d.ctex[39m[0m
[  95% ] [90m[1msavepack[22m | 正在保存文件：res://InheritanceTasks/Art/Pixel/v3/runtime/tianmen_tang_su/life.png.import[39m[0m
[  95% ] [90m[1msavepack[22m | 正在保存文件：res://.godot/imported/magic.png-f4ad1304c8662ae8f72befc3a939cfee.ctex[39m[0m
[  95% ] [90m[1msavepack[22m | 正在保存文件：res://InheritanceTasks/Art/Pixel/v3/runtime/tianmen_tang_su/magic.png.import[39m[0m
[  95% ] [90m[1msavepack[22m | 正在保存文件：res://.godot/imported/travel.png-61d819fccef963ff9ac7bf36dde9c7ef.ctex[39m[0m
[  95% ] [90m[1msavepack[22m | 正在保存文件：res://InheritanceTasks/Art/Pixel/v3/runtime/tianmen_tang_su/travel.png.import[39m[0m
[  95% ] [90m[1msavepack[22m | 正在保存文件：res://.godot/imported/adventure.png-4c689995012ec41b07255161e81aa919.ctex[39m[0m
[  95% ] [90m[1msavepack[22m | 正在保存文件：res://InheritanceTasks/Art/Pixel/v3/runtime/ti_qin_xi/adventure.png.import[39m[0m
[  95% ] [90m[1msavepack[22m | 正在保存文件：res://.godot/imported/background.png-df5a6e7e85f33fb26f4af29615bdf0c8.ctex[39m[0m
[  95% ] [90m[1msavepack[22m | 正在保存文件：res://InheritanceTasks/Art/Pixel/v3/runtime/ti_qin_xi/background.png.import[39m[0m
[  95% ] [90m[1msavepack[22m | 正在保存文件：res://.godot/imported/business.png-63e565d3ae38aeb9b9a6fdb2ad4819b6.ctex[39m[0m
[  95% ] [90m[1msavepack[22m | 正在保存文件：res://InheritanceTasks/Art/Pixel/v3/runtime/ti_qin_xi/business.png.import[39m[0m
[  95% ] [90m[1msavepack[22m | 正在保存文件：res://.godot/imported/cover-adventure.png-2d29dedd54504122ff1e87fee6cac87e.ctex[39m[0m
[  95% ] [90m[1msavepack[22m | 正在保存文件：res://InheritanceTasks/Art/Pixel/v3/runtime/ti_qin_xi/cover-adventure.png.import[39m[0m
[  95% ] [90m[1msavepack[22m | 正在保存文件：res://.godot/imported/cover-business.png-0a971db3c1b4dfea3488bb4bcda2b136.ctex[39m[0m
[  95% ] [90m[1msavepack[22m | 正在保存文件：res://InheritanceTasks/Art/Pixel/v3/runtime/ti_qin_xi/cover-business.png.import[39m[0m
[  95% ] [90m[1msavepack[22m | 正在保存文件：res://.godot/imported/cover-food.png-137c61951a20a26fda189ec6ca3efaf7.ctex[39m[0m
[  95% ] [90m[1msavepack[22m | 正在保存文件：res://InheritanceTasks/Art/Pixel/v3/runtime/ti_qin_xi/cover-food.png.import[39m[0m
[  95% ] [90m[1msavepack[22m | 正在保存文件：res://.godot/imported/cover-life.png-1e793468de2b29ebaebe9b836f0f8668.ctex[39m[0m
[  95% ] [90m[1msavepack[22m | 正在保存文件：res://InheritanceTasks/Art/Pixel/v3/runtime/ti_qin_xi/cover-life.png.import[39m[0m
[  95% ] [90m[1msavepack[22m | 正在保存文件：res://.godot/imported/cover-magic.png-d1b4acc1b7156ceb8fbfbaac665dca6e.ctex[39m[0m
[  95% ] [90m[1msavepack[22m | 正在保存文件：res://InheritanceTasks/Art/Pixel/v3/runtime/ti_qin_xi/cover-magic.png.import[39m[0m
[  95% ] [90m[1msavepack[22m | 正在保存文件：res://.godot/imported/cover-travel.png-1b9294cf829c9cf2a22bc4cd9f221cad.ctex[39m[0m
[  95% ] [90m[1msavepack[22m | 正在保存文件：res://InheritanceTasks/Art/Pixel/v3/runtime/ti_qin_xi/cover-travel.png.import[39m[0m
[  95% ] [90m[1msavepack[22m | 正在保存文件：res://.godot/imported/food.png-1a5f75ad2c4b1adde8c53e60a8b34068.ctex[39m[0m
[  95% ] [90m[1msavepack[22m | 正在保存文件：res://InheritanceTasks/Art/Pixel/v3/runtime/ti_qin_xi/food.png.import[39m[0m
[  95% ] [90m[1msavepack[22m | 正在保存文件：res://.godot/imported/life.png-a0d70d5be8f292bb8a0f86559ce5b8cb.ctex[39m[0m
[  95% ] [90m[1msavepack[22m | 正在保存文件：res://InheritanceTasks/Art/Pixel/v3/runtime/ti_qin_xi/life.png.import[39m[0m
[  95% ] [90m[1msavepack[22m | 正在保存文件：res://.godot/imported/magic.png-5656999118e2307aa37d386b1569821f.ctex[39m[0m
[  95% ] [90m[1msavepack[22m | 正在保存文件：res://InheritanceTasks/Art/Pixel/v3/runtime/ti_qin_xi/magic.png.import[39m[0m
[  95% ] [90m[1msavepack[22m | 正在保存文件：res://.godot/imported/npcs.png-9993fd9827b125b1c71da6eac297a201.ctex[39m[0m
[  95% ] [90m[1msavepack[22m | 正在保存文件：res://InheritanceTasks/Art/Pixel/v3/runtime/ti_qin_xi/npcs.png.import[39m[0m
[  95% ] [90m[1msavepack[22m | 正在保存文件：res://.godot/imported/travel.png-5635c6e7436ee55e8ed6eae9425d5cf2.ctex[39m[0m
[  95% ] [90m[1msavepack[22m | 正在保存文件：res://InheritanceTasks/Art/Pixel/v3/runtime/ti_qin_xi/travel.png.import[39m[0m
[  95% ] [90m[1msavepack[22m | 正在保存文件：res://.godot/imported/adventure.png-1e14e9306b2b086da4da4c1624ed9530.ctex[39m[0m
[  95% ] [90m[1msavepack[22m | 正在保存文件：res://InheritanceTasks/Art/Pixel/v3/runtime/tujia_saye_erhe/adventure.png.import[39m[0m
[  95% ] [90m[1msavepack[22m | 正在保存文件：res://.godot/imported/background.png-2ddd3ae7a0f2a182c53721cf74b85f4d.ctex[39m[0m
[  95% ] [90m[1msavepack[22m | 正在保存文件：res://InheritanceTasks/Art/Pixel/v3/runtime/tujia_saye_erhe/background.png.import[39m[0m
[  96% ] [90m[1msavepack[22m | 正在保存文件：res://.godot/imported/business.png-dde9b170fe936ee598113e8be44e96b4.ctex[39m[0m
[  96% ] [90m[1msavepack[22m | 正在保存文件：res://InheritanceTasks/Art/Pixel/v3/runtime/tujia_saye_erhe/business.png.import[39m[0m
[  96% ] [90m[1msavepack[22m | 正在保存文件：res://.godot/imported/cover-adventure.png-bccb57aab8afe10337240e76348ec833.ctex[39m[0m
[  96% ] [90m[1msavepack[22m | 正在保存文件：res://InheritanceTasks/Art/Pixel/v3/runtime/tujia_saye_erhe/cover-adventure.png.import[39m[0m
[  96% ] [90m[1msavepack[22m | 正在保存文件：res://.godot/imported/cover-business.png-8b2431847421731d938a1907fe964eb5.ctex[39m[0m
[  96% ] [90m[1msavepack[22m | 正在保存文件：res://InheritanceTasks/Art/Pixel/v3/runtime/tujia_saye_erhe/cover-business.png.import[39m[0m
[  96% ] [90m[1msavepack[22m | 正在保存文件：res://.godot/imported/cover-food.png-a7e78a07d8834d31dae5493d5ea1df22.ctex[39m[0m
[  96% ] [90m[1msavepack[22m | 正在保存文件：res://InheritanceTasks/Art/Pixel/v3/runtime/tujia_saye_erhe/cover-food.png.import[39m[0m
[  96% ] [90m[1msavepack[22m | 正在保存文件：res://.godot/imported/cover-life.png-3cb8615d959a67a9000d55227a0327f1.ctex[39m[0m
[  96% ] [90m[1msavepack[22m | 正在保存文件：res://InheritanceTasks/Art/Pixel/v3/runtime/tujia_saye_erhe/cover-life.png.import[39m[0m
[  96% ] [90m[1msavepack[22m | 正在保存文件：res://.godot/imported/cover-magic.png-813f419d3b0c53782cd73a7f71d1d4e3.ctex[39m[0m
[  96% ] [90m[1msavepack[22m | 正在保存文件：res://InheritanceTasks/Art/Pixel/v3/runtime/tujia_saye_erhe/cover-magic.png.import[39m[0m
[  96% ] [90m[1msavepack[22m | 正在保存文件：res://.godot/imported/cover-travel.png-e8431ea70b8ac34c7ac34726aa86b478.ctex[39m[0m
[  96% ] [90m[1msavepack[22m | 正在保存文件：res://InheritanceTasks/Art/Pixel/v3/runtime/tujia_saye_erhe/cover-travel.png.import[39m[0m
[  96% ] [90m[1msavepack[22m | 正在保存文件：res://.godot/imported/food.png-67ee59edb8466864297a410f00bf3acd.ctex[39m[0m
[  96% ] [90m[1msavepack[22m | 正在保存文件：res://InheritanceTasks/Art/Pixel/v3/runtime/tujia_saye_erhe/food.png.import[39m[0m
[  96% ] [90m[1msavepack[22m | 正在保存文件：res://.godot/imported/life.png-57540c77b858ecd7f899fc08d9d08176.ctex[39m[0m
[  96% ] [90m[1msavepack[22m | 正在保存文件：res://InheritanceTasks/Art/Pixel/v3/runtime/tujia_saye_erhe/life.png.import[39m[0m
[  96% ] [90m[1msavepack[22m | 正在保存文件：res://.godot/imported/magic.png-949a0620c8526b09b2ffb4124d2dfcbd.ctex[39m[0m
[  96% ] [90m[1msavepack[22m | 正在保存文件：res://InheritanceTasks/Art/Pixel/v3/runtime/tujia_saye_erhe/magic.png.import[39m[0m
[  96% ] [90m[1msavepack[22m | 正在保存文件：res://.godot/imported/npcs.png-772d9021f15551b7b509504a0c59c7d3.ctex[39m[0m
[  96% ] [90m[1msavepack[22m | 正在保存文件：res://InheritanceTasks/Art/Pixel/v3/runtime/tujia_saye_erhe/npcs.png.import[39m[0m
[  96% ] [90m[1msavepack[22m | 正在保存文件：res://.godot/imported/travel.png-875d3b5bdd11bed51283fe987cedf4fd.ctex[39m[0m
[  96% ] [90m[1msavepack[22m | 正在保存文件：res://InheritanceTasks/Art/Pixel/v3/runtime/tujia_saye_erhe/travel.png.import[39m[0m
[  96% ] [90m[1msavepack[22m | 正在保存文件：res://.godot/imported/chuwu-tv-v1.png-a10a15d0b3132e0492a8e6506e4eeb20.ctex[39m[0m
[  96% ] [90m[1msavepack[22m | 正在保存文件：res://InheritanceTasks/Art/Pixel/v3/runtime/ui/chuwu-tv-v1.png.import[39m[0m
[  96% ] [90m[1msavepack[22m | 正在保存文件：res://.godot/imported/tv.png-e9f74340dbf2bee3ec2ab7b5eb1e4cef.ctex[39m[0m
[  96% ] [90m[1msavepack[22m | 正在保存文件：res://InheritanceTasks/Art/Pixel/v3/runtime/ui/tv.png.import[39m[0m
[  96% ] [90m[1msavepack[22m | 正在保存文件：res://.godot/imported/adventure.png-6def862608e246c3f8320768986f76b2.ctex[39m[0m
[  96% ] [90m[1msavepack[22m | 正在保存文件：res://InheritanceTasks/Art/Pixel/v3/runtime/xia_lian_dan_shu/adventure.png.import[39m[0m
[  96% ] [90m[1msavepack[22m | 正在保存文件：res://.godot/imported/background.png-9350ea3e1919c8d82c3694d6e522f3a2.ctex[39m[0m
[  96% ] [90m[1msavepack[22m | 正在保存文件：res://InheritanceTasks/Art/Pixel/v3/runtime/xia_lian_dan_shu/background.png.import[39m[0m
[  96% ] [90m[1msavepack[22m | 正在保存文件：res://.godot/imported/bellows-fixed.png-1701b15b15dd505a65830a135082e3f8.ctex[39m[0m
[  96% ] [90m[1msavepack[22m | 正在保存文件：res://InheritanceTasks/Art/Pixel/v3/runtime/xia_lian_dan_shu/bellows-fixed.png.import[39m[0m
[  96% ] [90m[1msavepack[22m | 正在保存文件：res://.godot/imported/business.png-155314687b7ee394b48cf5234e8d6302.ctex[39m[0m
[  96% ] [90m[1msavepack[22m | 正在保存文件：res://InheritanceTasks/Art/Pixel/v3/runtime/xia_lian_dan_shu/business.png.import[39m[0m
[  96% ] [90m[1msavepack[22m | 正在保存文件：res://.godot/imported/cover-adventure.png-58037612babedc61560b574f53a3d792.ctex[39m[0m
[  96% ] [90m[1msavepack[22m | 正在保存文件：res://InheritanceTasks/Art/Pixel/v3/runtime/xia_lian_dan_shu/cover-adventure.png.import[39m[0m
[  97% ] [90m[1msavepack[22m | 正在保存文件：res://.godot/imported/cover-business.png-0932fa35ed596d77d14a5a94852a8e54.ctex[39m[0m
[  97% ] [90m[1msavepack[22m | 正在保存文件：res://InheritanceTasks/Art/Pixel/v3/runtime/xia_lian_dan_shu/cover-business.png.import[39m[0m
[  97% ] [90m[1msavepack[22m | 正在保存文件：res://.godot/imported/cover-food.png-3e8c20982fc52bef8b6f499802603a7b.ctex[39m[0m
[  97% ] [90m[1msavepack[22m | 正在保存文件：res://InheritanceTasks/Art/Pixel/v3/runtime/xia_lian_dan_shu/cover-food.png.import[39m[0m
[  97% ] [90m[1msavepack[22m | 正在保存文件：res://.godot/imported/cover-life.png-09a653f24ccb33b806e17bf57418da19.ctex[39m[0m
[  97% ] [90m[1msavepack[22m | 正在保存文件：res://InheritanceTasks/Art/Pixel/v3/runtime/xia_lian_dan_shu/cover-life.png.import[39m[0m
[  97% ] [90m[1msavepack[22m | 正在保存文件：res://.godot/imported/cover-magic.png-e67a3e9178b0343bf52a6658404e06b3.ctex[39m[0m
[  97% ] [90m[1msavepack[22m | 正在保存文件：res://InheritanceTasks/Art/Pixel/v3/runtime/xia_lian_dan_shu/cover-magic.png.import[39m[0m
[  97% ] [90m[1msavepack[22m | 正在保存文件：res://.godot/imported/cover-travel.png-f2e563f46ce51bdda425a1627ed16944.ctex[39m[0m
[  97% ] [90m[1msavepack[22m | 正在保存文件：res://InheritanceTasks/Art/Pixel/v3/runtime/xia_lian_dan_shu/cover-travel.png.import[39m[0m
[  97% ] [90m[1msavepack[22m | 正在保存文件：res://.godot/imported/fire.png-11f03f2a07c58c9cf857fd46484b0272.ctex[39m[0m
[  97% ] [90m[1msavepack[22m | 正在保存文件：res://InheritanceTasks/Art/Pixel/v3/runtime/xia_lian_dan_shu/fire.png.import[39m[0m
[  97% ] [90m[1msavepack[22m | 正在保存文件：res://.godot/imported/food.png-f47404e477467602f44fb34f991db756.ctex[39m[0m
[  97% ] [90m[1msavepack[22m | 正在保存文件：res://InheritanceTasks/Art/Pixel/v3/runtime/xia_lian_dan_shu/food.png.import[39m[0m
[  97% ] [90m[1msavepack[22m | 正在保存文件：res://.godot/imported/life.png-249a62327d65a8d900ea6954b8b21f3a.ctex[39m[0m
[  97% ] [90m[1msavepack[22m | 正在保存文件：res://InheritanceTasks/Art/Pixel/v3/runtime/xia_lian_dan_shu/life.png.import[39m[0m
[  97% ] [90m[1msavepack[22m | 正在保存文件：res://.godot/imported/magic.png-43228d4c0043d5bcfe2f66f80c4f300e.ctex[39m[0m
[  97% ] [90m[1msavepack[22m | 正在保存文件：res://InheritanceTasks/Art/Pixel/v3/runtime/xia_lian_dan_shu/magic.png.import[39m[0m
[  97% ] [90m[1msavepack[22m | 正在保存文件：res://.godot/imported/shaft.png-653dcce7802c84708e93fbf4594dcd3c.ctex[39m[0m
[  97% ] [90m[1msavepack[22m | 正在保存文件：res://InheritanceTasks/Art/Pixel/v3/runtime/xia_lian_dan_shu/shaft.png.import[39m[0m
[  97% ] [90m[1msavepack[22m | 正在保存文件：res://.godot/imported/travel.png-4c9ac037216152f488713d409b19a000.ctex[39m[0m
[  97% ] [90m[1msavepack[22m | 正在保存文件：res://InheritanceTasks/Art/Pixel/v3/runtime/xia_lian_dan_shu/travel.png.import[39m[0m
[  97% ] [90m[1msavepack[22m | 正在保存文件：res://.godot/imported/vessel-occlusion.png-00e9029e83c78149f44883d0bc544a82.ctex[39m[0m
[  97% ] [90m[1msavepack[22m | 正在保存文件：res://InheritanceTasks/Art/Pixel/v3/runtime/xia_lian_dan_shu/vessel-occlusion.png.import[39m[0m
[  97% ] [90m[1msavepack[22m | 正在保存文件：res://.godot/imported/adventure.png-d81a470db2601e217f29f03b8ff38840.ctex[39m[0m
[  97% ] [90m[1msavepack[22m | 正在保存文件：res://InheritanceTasks/Art/Pixel/v3/runtime/xingshan_min_ge/adventure.png.import[39m[0m
[  97% ] [90m[1msavepack[22m | 正在保存文件：res://.godot/imported/background-0.png-e8168ed36ca3ffa2235879668751b330.ctex[39m[0m
[  97% ] [90m[1msavepack[22m | 正在保存文件：res://InheritanceTasks/Art/Pixel/v3/runtime/xingshan_min_ge/background-0.png.import[39m[0m
[  97% ] [90m[1msavepack[22m | 正在保存文件：res://.godot/imported/background-1.png-ffc5a4df5932273fd95ee1a95ba2ebab.ctex[39m[0m
[  97% ] [90m[1msavepack[22m | 正在保存文件：res://InheritanceTasks/Art/Pixel/v3/runtime/xingshan_min_ge/background-1.png.import[39m[0m
[  97% ] [90m[1msavepack[22m | 正在保存文件：res://.godot/imported/background-2.png-0671bcf4c0093ed7f05c6e4ad3221cdf.ctex[39m[0m
[  97% ] [90m[1msavepack[22m | 正在保存文件：res://InheritanceTasks/Art/Pixel/v3/runtime/xingshan_min_ge/background-2.png.import[39m[0m
[  97% ] [90m[1msavepack[22m | 正在保存文件：res://.godot/imported/background-3.png-01259ec443a30c44e75a49779c5002c1.ctex[39m[0m
[  97% ] [90m[1msavepack[22m | 正在保存文件：res://InheritanceTasks/Art/Pixel/v3/runtime/xingshan_min_ge/background-3.png.import[39m[0m
[  97% ] [90m[1msavepack[22m | 正在保存文件：res://.godot/imported/background.png-e37176d9683bc95deeca67de36d6fae3.ctex[39m[0m
[  97% ] [90m[1msavepack[22m | 正在保存文件：res://InheritanceTasks/Art/Pixel/v3/runtime/xingshan_min_ge/background.png.import[39m[0m
[  97% ] [90m[1msavepack[22m | 正在保存文件：res://.godot/imported/bird.png-e7f9ec85a6b1098f0c7b38102a7bd2ef.ctex[39m[0m
[  97% ] [90m[1msavepack[22m | 正在保存文件：res://InheritanceTasks/Art/Pixel/v3/runtime/xingshan_min_ge/bird.png.import[39m[0m
[  98% ] [90m[1msavepack[22m | 正在保存文件：res://.godot/imported/business.png-8f856232c1da407f946ee2bcd3f38fd3.ctex[39m[0m
[  98% ] [90m[1msavepack[22m | 正在保存文件：res://InheritanceTasks/Art/Pixel/v3/runtime/xingshan_min_ge/business.png.import[39m[0m
[  98% ] [90m[1msavepack[22m | 正在保存文件：res://.godot/imported/cover.png-06f014d04440e59a6dd4dbc661f0bcd6.ctex[39m[0m
[  98% ] [90m[1msavepack[22m | 正在保存文件：res://InheritanceTasks/Art/Pixel/v3/runtime/xingshan_min_ge/cover.png.import[39m[0m
[  98% ] [90m[1msavepack[22m | 正在保存文件：res://.godot/imported/followers.png-72a83cd0be1f12890564050395b68d4d.ctex[39m[0m
[  98% ] [90m[1msavepack[22m | 正在保存文件：res://InheritanceTasks/Art/Pixel/v3/runtime/xingshan_min_ge/followers.png.import[39m[0m
[  98% ] [90m[1msavepack[22m | 正在保存文件：res://.godot/imported/food.png-21d6a5f9e98a192552ce7fb75a8651d6.ctex[39m[0m
[  98% ] [90m[1msavepack[22m | 正在保存文件：res://InheritanceTasks/Art/Pixel/v3/runtime/xingshan_min_ge/food.png.import[39m[0m
[  98% ] [90m[1msavepack[22m | 正在保存文件：res://.godot/imported/gate-bottom.png-03a626abf1f6ec30c324df718649db56.ctex[39m[0m
[  98% ] [90m[1msavepack[22m | 正在保存文件：res://InheritanceTasks/Art/Pixel/v3/runtime/xingshan_min_ge/gate-bottom.png.import[39m[0m
[  98% ] [90m[1msavepack[22m | 正在保存文件：res://.godot/imported/gate-top.png-df2e8f87f76c52dd11faaed7da4dfdeb.ctex[39m[0m
[  98% ] [90m[1msavepack[22m | 正在保存文件：res://InheritanceTasks/Art/Pixel/v3/runtime/xingshan_min_ge/gate-top.png.import[39m[0m
[  98% ] [90m[1msavepack[22m | 正在保存文件：res://.godot/imported/life.png-e205e6f39b39858ac53459ef32c624e7.ctex[39m[0m
[  98% ] [90m[1msavepack[22m | 正在保存文件：res://InheritanceTasks/Art/Pixel/v3/runtime/xingshan_min_ge/life.png.import[39m[0m
[  98% ] [90m[1msavepack[22m | 正在保存文件：res://.godot/imported/magic.png-28526ff4e1a37cce91d1298411f0d7fc.ctex[39m[0m
[  98% ] [90m[1msavepack[22m | 正在保存文件：res://InheritanceTasks/Art/Pixel/v3/runtime/xingshan_min_ge/magic.png.import[39m[0m
[  98% ] [90m[1msavepack[22m | 正在保存文件：res://.godot/imported/travel.png-72818cbe2e61a6c76238385449d7e5cc.ctex[39m[0m
[  98% ] [90m[1msavepack[22m | 正在保存文件：res://InheritanceTasks/Art/Pixel/v3/runtime/xingshan_min_ge/travel.png.import[39m[0m
[  98% ] [90m[1msavepack[22m | 正在保存文件：res://InheritanceTasks/Art/Pixel/v3/action-art-manifest.json[39m[0m
[  98% ] [90m[1msavepack[22m | 正在保存文件：res://InheritanceTasks/Art/Pixel/v3/alchemy-manifest.json[39m[0m
[  98% ] [90m[1msavepack[22m | 正在保存文件：res://InheritanceTasks/Art/Pixel/v3/gu_pen_ge-manifest.json[39m[0m
[  98% ] [90m[1msavepack[22m | 正在保存文件：res://InheritanceTasks/Art/Pixel/v3/han_ju-manifest.json[39m[0m
[  98% ] [90m[1msavepack[22m | 正在保存文件：res://InheritanceTasks/Art/Pixel/v3/huangmei-manifest.json[39m[0m
[  98% ] [90m[1msavepack[22m | 正在保存文件：res://InheritanceTasks/Art/Pixel/v3/jingzhou_hua_gu_xi-manifest.json[39m[0m
[  98% ] [90m[1msavepack[22m | 正在保存文件：res://InheritanceTasks/Art/Pixel/v3/laohekou_si_xian-manifest.json[39m[0m
[  98% ] [90m[1msavepack[22m | 正在保存文件：res://InheritanceTasks/Art/Pixel/v3/paper-detail-manifest.json[39m[0m
[  98% ] [90m[1msavepack[22m | 正在保存文件：res://InheritanceTasks/Art/Pixel/v3/shell-boat-manifest.json[39m[0m
[  98% ] [90m[1msavepack[22m | 正在保存文件：res://InheritanceTasks/Art/Pixel/v3/shennong-manifest.json[39m[0m
[  98% ] [90m[1msavepack[22m | 正在保存文件：res://常量数据结构.gd.remap[39m[0m
[  98% ] [90m[1msavepack[22m | 正在保存文件：res://main_menu.tscn.remap[39m[0m
[  98% ] [90m[1msavepack[22m | 正在保存文件：res://main_menu.gd.remap[39m[0m
[  98% ] [90m[1msavepack[22m | 正在保存文件：res://main_map.tscn.remap[39m[0m
[  98% ] [90m[1msavepack[22m | 正在保存文件：res://main_map.gd.remap[39m[0m
[  98% ] [90m[1msavepack[22m | 正在保存文件：res://地图/市基类.tscn.remap[39m[0m
[  98% ] [90m[1msavepack[22m | 正在保存文件：res://地图/市基类.gd.remap[39m[0m
[  98% ] [90m[1msavepack[22m | 正在保存文件：res://地图/map_section.tscn.remap[39m[0m
[  98% ] [90m[1msavepack[22m | 正在保存文件：res://地图/map_section.gd.remap[39m[0m
[  98% ] [90m[1msavepack[22m | 正在保存文件：res://地图/map.tscn.remap[39m[0m
[  98% ] [90m[1msavepack[22m | 正在保存文件：res://地图/map.gd.remap[39m[0m
[  98% ] [90m[1msavepack[22m | 正在保存文件：res://UI/Shared/main_ui.gd.remap[39m[0m
[  98% ] [90m[1msavepack[22m | 正在保存文件：res://UI/Shared/main_hud_layout.gd.remap[39m[0m
[  98% ] [90m[1msavepack[22m | 正在保存文件：res://UI/Shared/feiyi_detail_content.gd.remap[39m[0m
[  98% ] [90m[1msavepack[22m | 正在保存文件：res://UI/Shared/board_panel_layout.gd.remap[39m[0m
[  98% ] [90m[1msavepack[22m | 正在保存文件：res://UI/Shared/board_modal_guard.gd.remap[39m[0m
[  98% ] [90m[1msavepack[22m | 正在保存文件：res://UI/Shared/board_exit_confirmation.gd.remap[39m[0m
[  98% ] [90m[1msavepack[22m | 正在保存文件：res://UI/Shared/board_dice_presenter.gd.remap[39m[0m
[  98% ] [90m[1msavepack[22m | 正在保存文件：res://UI/Settings/settings_panel.gd.remap[39m[0m
[  98% ] [90m[1msavepack[22m | 正在保存文件：res://UI/Settings/game_settings.gd.remap[39m[0m
[  98% ] [90m[1msavepack[22m | 正在保存文件：res://UI/GameGuide/manual_topic.gd.remap[39m[0m
[  98% ] [90m[1msavepack[22m | 正在保存文件：res://UI/GameGuide/manual_section.gd.remap[39m[0m
[  98% ] [90m[1msavepack[22m | 正在保存文件：res://UI/GameGuide/manual_catalog.gd.remap[39m[0m
[  98% ] [90m[1msavepack[22m | 正在保存文件：res://UI/GameGuide/guide_open_context.gd.remap[39m[0m
[  98% ] [90m[1msavepack[22m | 正在保存文件：res://UI/GameGuide/guide_flow_demo.gd.remap[39m[0m
[  98% ] [90m[1msavepack[22m | 正在保存文件：res://UI/GameGuide/digital_game_guide.tscn.remap[39m[0m
[  98% ] [90m[1msavepack[22m | 正在保存文件：res://UI/GameGuide/digital_game_guide.gd.remap[39m[0m
[  98% ] [90m[1msavepack[22m | 正在保存文件：res://UI/GameGuide/components/minigame_gallery.tscn.remap[39m[0m
[  98% ] [90m[1msavepack[22m | 正在保存文件：res://UI/GameGuide/components/minigame_gallery.gd.remap[39m[0m
[  98% ] [90m[1msavepack[22m | 正在保存文件：res://UI/GameGuide/components/manual_media_block.gd.remap[39m[0m
[  98% ] [90m[1msavepack[22m | 正在保存文件：res://UI/GameGuide/components/guide_visual_demo.gd.remap[39m[0m
[  98% ] [90m[1msavepack[22m | 正在保存文件：res://UI/GameGuide/components/guide_feiyi_detail.gd.remap[39m[0m
[  98% ] [90m[1msavepack[22m | 正在保存文件：res://UI/Frontend/stateful_card.tscn.remap[39m[0m
[  98% ] [90m[1msavepack[22m | 正在保存文件：res://UI/Frontend/stateful_card.gd.remap[39m[0m
[  98% ] [90m[1msavepack[22m | 正在保存文件：res://UI/Frontend/roster_player_card.tscn.remap[39m[0m
[  98% ] [90m[1msavepack[22m | 正在保存文件：res://UI/Frontend/roster_player_card.gd.remap[39m[0m
[  98% ] [90m[1msavepack[22m | 正在保存文件：res://UI/Frontend/roster_page.tscn.remap[39m[0m
[  98% ] [90m[1msavepack[22m | 正在保存文件：res://UI/Frontend/roster_page.gd.remap[39m[0m
[  98% ] [90m[1msavepack[22m | 正在保存文件：res://UI/Frontend/player_setup_page.tscn.remap[39m[0m
[  98% ] [90m[1msavepack[22m | 正在保存文件：res://UI/Frontend/player_setup_page.gd.remap[39m[0m
[  98% ] [90m[1msavepack[22m | 正在保存文件：res://UI/Frontend/number_stepper.tscn.remap[39m[0m
[  98% ] [90m[1msavepack[22m | 正在保存文件：res://UI/Frontend/number_stepper.gd.remap[39m[0m
[  98% ] [90m[1msavepack[22m | 正在保存文件：res://UI/Frontend/frontend_ui_preferences.gd.remap[39m[0m
[  98% ] [90m[1msavepack[22m | 正在保存文件：res://UI/Frontend/frontend_theme.tres.remap[39m[0m
[  98% ] [90m[1msavepack[22m | 正在保存文件：res://UI/Frontend/frontend_theme.gd.remap[39m[0m
[  98% ] [90m[1msavepack[22m | 正在保存文件：res://UI/Frontend/frontend_style.gd.remap[39m[0m
[  98% ] [90m[1msavepack[22m | 正在保存文件：res://UI/Frontend/frontend_session_launcher.gd.remap[39m[0m
[  98% ] [90m[1msavepack[22m | 正在保存文件：res://UI/Frontend/frontend_screen_stack.gd.remap[39m[0m
[  98% ] [90m[1msavepack[22m | 正在保存文件：res://UI/Frontend/frontend_screen.gd.remap[39m[0m
[  98% ] [90m[1msavepack[22m | 正在保存文件：res://UI/Frontend/frontend_page.tscn.remap[39m[0m
[  98% ] [90m[1msavepack[22m | 正在保存文件：res://Tutorial/tutorial_overlay.gd.remap[39m[0m
[  98% ] [90m[1msavepack[22m | 正在保存文件：res://Tutorial/tutorial_definition.gd.remap[39m[0m
[  98% ] [90m[1msavepack[22m | 正在保存文件：res://Tutorial/tutorial_controller.gd.remap[39m[0m
[  98% ] [90m[1msavepack[22m | 正在保存文件：res://AI/ai_choice_policy.gd.remap[39m[0m
[  98% ] [90m[1msavepack[22m | 正在保存文件：res://AI/ai_decision_trace.gd.remap[39m[0m
[  98% ] [90m[1msavepack[22m | 正在保存文件：res://AI/ai_goal_planner.gd.remap[39m[0m
[  98% ] [90m[1msavepack[22m | 正在保存文件：res://AI/ai_observation.gd.remap[39m[0m
[  98% ] [90m[1msavepack[22m | 正在保存文件：res://AI/ai_policy.gd.remap[39m[0m
[  98% ] [90m[1msavepack[22m | 正在保存文件：res://AI/ai_profile.gd.remap[39m[0m
[  98% ] [90m[1msavepack[22m | 正在保存文件：res://AI/ai_session_controller.gd.remap[39m[0m
[  98% ] [90m[1msavepack[22m | 正在保存文件：res://AI/ai_world_adapter.gd.remap[39m[0m
[  98% ] [90m[1msavepack[22m | 正在保存文件：res://AI/computer_inheritance_service.gd.remap[39m[0m
[  98% ] [90m[1msavepack[22m | 正在保存文件：res://AI/food_shop_visit.gd.remap[39m[0m
[  98% ] [90m[1msavepack[22m | 正在保存文件：res://AI/game_action.gd.remap[39m[0m
[  98% ] [90m[1msavepack[22m | 正在保存文件：res://AI/heritage_score_rules.gd.remap[39m[0m
[  98% ] [90m[1msavepack[22m | 正在保存文件：res://AI/private_decision_handoff.gd.remap[39m[0m
[  98% ] [90m[1msavepack[22m | 正在保存文件：res://Audio/board_music.gd.remap[39m[0m
[  98% ] [90m[1msavepack[22m | 正在保存文件：res://Audio/board_sfx.gd.remap[39m[0m
[  98% ] [90m[1msavepack[22m | 正在保存文件：res://Cards/DataStructure/event_choice_request.gd.remap[39m[0m
[  98% ] [90m[1msavepack[22m | 正在保存文件：res://Cards/DataStructure/food_effect_rules.gd.remap[39m[0m
[  98% ] [90m[1msavepack[22m | 正在保存文件：res://Cards/DataStructure/food_resolution_result.gd.remap[39m[0m
[  98% ] [90m[1msavepack[22m | 正在保存文件：res://Cards/DataStructure/food_use_check.gd.remap[39m[0m
[  98% ] [90m[1msavepack[22m | 正在保存文件：res://Cards/DataStructure/interaction_result.gd.remap[39m[0m
[  98% ] [90m[1msavepack[22m | 正在保存文件：res://Cards/DataStructure/interaction_ticket.gd.remap[39m[0m
[  98% ] [90m[1msavepack[22m | 正在保存文件：res://Cards/DataStructure/player_setup.gd.remap[39m[0m
[  98% ] [90m[1msavepack[22m | 正在保存文件：res://Cards/DataStructure/profession_definition.gd.remap[39m[0m
[  98% ] [90m[1msavepack[22m | 正在保存文件：res://Cards/DataStructure/profession_draw_request.gd.remap[39m[0m
[  98% ] [90m[1msavepack[22m | 正在保存文件：res://Cards/DataStructure/profession_draw_result.gd.remap[39m[0m
[  98% ] [90m[1msavepack[22m | 正在保存文件：res://Cards/DataStructure/profession_section_choice_request.gd.remap[39m[0m
[  98% ] [90m[1msavepack[22m | 正在保存文件：res://Cards/DataStructure/session_setup.gd.remap[39m[0m
[  98% ] [90m[1msavepack[22m | 正在保存文件：res://Cards/DataStructure/事件牌.gd.remap[39m[0m
[  98% ] [90m[1msavepack[22m | 正在保存文件：res://Cards/DataStructure/卡牌基类.gd.remap[39m[0m
[  98% ] [90m[1msavepack[22m | 正在保存文件：res://Cards/DataStructure/成就牌.gd.remap[39m[0m
[  98% ] [90m[1msavepack[22m | 正在保存文件：res://Cards/DataStructure/非遗牌.gd.remap[39m[0m
[  98% ] [90m[1msavepack[22m | 正在保存文件：res://Cards/DataStructure/食物牌.gd.remap[39m[0m
[  98% ] [90m[1msavepack[22m | 正在保存文件：res://Cards/事件牌/交换人生.tres.remap[39m[0m
[  98% ] [90m[1msavepack[22m | 正在保存文件：res://Cards/事件牌/以食会友.tres.remap[39m[0m
[  98% ] [90m[1msavepack[22m | 正在保存文件：res://Cards/事件牌/传艺互鉴.tres.remap[39m[0m
[  98% ] [90m[1msavepack[22m | 正在保存文件：res://Cards/事件牌/倦艺休整.tres.remap[39m[0m
[  98% ] [90m[1msavepack[22m | 正在保存文件：res://Cards/事件牌/养精蓄锐.tres.remap[39m[0m
[  98% ] [90m[1msavepack[22m | 正在保存文件：res://Cards/事件牌/同台竞技.tres.remap[39m[0m
[  98% ] [90m[1msavepack[22m | 正在保存文件：res://Cards/事件牌/同行风采.tres.remap[39m[0m
[  98% ] [90m[1msavepack[22m | 正在保存文件：res://Cards/事件牌/国宝护航.tres.remap[39m[0m
[  98% ] [90m[1msavepack[22m | 正在保存文件：res://Cards/事件牌/坐收渔利.tres.remap[39m[0m
[  98% ] [90m[1msavepack[22m | 正在保存文件：res://Cards/事件牌/妙手回春.tres.remap[39m[0m
[  98% ] [90m[1msavepack[22m | 正在保存文件：res://Cards/事件牌/孤注一掷.tres.remap[39m[0m
[  98% ] [90m[1msavepack[22m | 正在保存文件：res://Cards/事件牌/寸步难行.tres.remap[39m[0m
[  98% ] [90m[1msavepack[22m | 正在保存文件：res://Cards/事件牌/展艺共研.tres.remap[39m[0m
[  98% ] [90m[1msavepack[22m | 正在保存文件：res://Cards/事件牌/市集淘珍.tres.remap[39m[0m
[  98% ] [90m[1msavepack[22m | 正在保存文件：res://Cards/事件牌/意外之喜.tres.remap[39m[0m
[  98% ] [90m[1msavepack[22m | 正在保存文件：res://Cards/事件牌/故地重游.tres.remap[39m[0m
[  98% ] [90m[1msavepack[22m | 正在保存文件：res://Cards/事件牌/文化共享.tres.remap[39m[0m
[  98% ] [90m[1msavepack[22m | 正在保存文件：res://Cards/事件牌/文化新风.tres.remap[39m[0m
[  98% ] [90m[1msavepack[22m | 正在保存文件：res://Cards/事件牌/斗转星移.tres.remap[39m[0m
[  98% ] [90m[1msavepack[22m | 正在保存文件：res://Cards/事件牌/日行千里.tres.remap[39m[0m
[  98% ] [90m[1msavepack[22m | 正在保存文件：res://Cards/事件牌/有食同享.tres.remap[39m[0m
[  98% ] [90m[1msavepack[22m | 正在保存文件：res://Cards/事件牌/汰旧焕新.tres.remap[39m[0m
[  98% ] [90m[1msavepack[22m | 正在保存文件：res://Cards/事件牌/沉浸体验.tres.remap[39m[0m
[  98% ] [90m[1msavepack[22m | 正在保存文件：res://Cards/事件牌/游目骋怀.tres.remap[39m[0m
[  98% ] [90m[1msavepack[22m | 正在保存文件：res://Cards/事件牌/畅行无阻.tres.remap[39m[0m
[  98% ] [90m[1msavepack[22m | 正在保存文件：res://Cards/事件牌/百舸争流.tres.remap[39m[0m
[  98% ] [90m[1msavepack[22m | 正在保存文件：res://Cards/事件牌/移花接木.tres.remap[39m[0m
[  98% ] [90m[1msavepack[22m | 正在保存文件：res://Cards/事件牌/精疲力尽.tres.remap[39m[0m
[  98% ] [90m[1msavepack[22m | 正在保存文件：res://Cards/事件牌/紧急避险.tres.remap[39m[0m
[  98% ] [90m[1msavepack[22m | 正在保存文件：res://Cards/事件牌/罢耕歇业.tres.remap[39m[0m
[  98% ] [90m[1msavepack[22m | 正在保存文件：res://Cards/事件牌/美美与共.tres.remap[39m[0m
[  98% ] [90m[1msavepack[22m | 正在保存文件：res://Cards/事件牌/艺创增收.tres.remap[39m[0m
[  98% ] [90m[1msavepack[22m | 正在保存文件：res://Cards/事件牌/艺径寻踪.tres.remap[39m[0m
[  98% ] [90m[1msavepack[22m | 正在保存文件：res://Cards/事件牌/艺藏互换.tres.remap[39m[0m
[  98% ] [90m[1msavepack[22m | 正在保存文件：res://Cards/事件牌/薪火相传.tres.remap[39m[0m
[  98% ] [90m[1msavepack[22m | 正在保存文件：res://Cards/事件牌/裒多益寡.tres.remap[39m[0m
[  98% ] [90m[1msavepack[22m | 正在保存文件：res://Cards/事件牌/金蝉脱壳.tres.remap[39m[0m
[  98% ] [90m[1msavepack[22m | 正在保存文件：res://Cards/事件牌/釜底抽薪.tres.remap[39m[0m
[  98% ] [90m[1msavepack[22m | 正在保存文件：res://Cards/事件牌/鉴往知来.tres.remap[39m[0m
[  98% ] [90m[1msavepack[22m | 正在保存文件：res://Cards/事件牌/闭门谢客.tres.remap[39m[0m
[  98% ] [90m[1msavepack[22m | 正在保存文件：res://Cards/成就牌/大胃袋这一块.tres.remap[39m[0m
[  98% ] [90m[1msavepack[22m | 正在保存文件：res://Cards/成就牌/幸运儿.tres.remap[39m[0m
[  98% ] [90m[1msavepack[22m | 正在保存文件：res://Cards/成就牌/游山玩水.tres.remap[39m[0m
[  98% ] [90m[1msavepack[22m | 正在保存文件：res://Cards/成就牌/超越人类.tres.remap[39m[0m
[  98% ] [90m[1msavepack[22m | 正在保存文件：res://Cards/成就牌/野人.tres.remap[39m[0m
[  98% ] [90m[1msavepack[22m | 正在保存文件：res://Cards/成就牌/饕餮.tres.remap[39m[0m
[  98% ] [90m[1msavepack[22m | 正在保存文件：res://Cards/职业/商业博主.tres.remap[39m[0m
[  98% ] [90m[1msavepack[22m | 正在保存文件：res://Cards/职业/探险博主.tres.remap[39m[0m
[  98% ] [90m[1msavepack[22m | 正在保存文件：res://Cards/职业/旅行博主.tres.remap[39m[0m
[  98% ] [90m[1msavepack[22m | 正在保存文件：res://Cards/职业/生活博主.tres.remap[39m[0m
[  98% ] [90m[1msavepack[22m | 正在保存文件：res://Cards/职业/美食博主.tres.remap[39m[0m
[  98% ] [90m[1msavepack[22m | 正在保存文件：res://Cards/职业/魔术博主.tres.remap[39m[0m
[  98% ] [90m[1msavepack[22m | 正在保存文件：res://Cards/非遗牌/仙桃/仙桃雕花剪纸.tres.remap[39m[0m
[  98% ] [90m[1msavepack[22m | 正在保存文件：res://Cards/非遗牌/仙桃/荆州花鼓戏.tres.remap[39m[0m
[  98% ] [90m[1msavepack[22m | 正在保存文件：res://Cards/非遗牌/十堰/伍家沟民间故事.tres.remap[39m[0m
[  98% ] [90m[1msavepack[22m | 正在保存文件：res://Cards/非遗牌/十堰/吕家河民歌.tres.remap[39m[0m
[  98% ] [90m[1msavepack[22m | 正在保存文件：res://Cards/非遗牌/十堰/武当山宫观道乐.tres.remap[39m[0m
[  98% ] [90m[1msavepack[22m | 正在保存文件：res://Cards/非遗牌/十堰/武当山庙会.tres.remap[39m[0m
[  98% ] [90m[1msavepack[22m | 正在保存文件：res://Cards/非遗牌/十堰/武当武术.tres.remap[39m[0m
[  98% ] [90m[1msavepack[22m | 正在保存文件：res://Cards/非遗牌/十堰/武当神戏.tres.remap[39m[0m
[  98% ] [90m[1msavepack[22m | 正在保存文件：res://Cards/非遗牌/十堰/汉调二黄.tres.remap[39m[0m
[  98% ] [90m[1msavepack[22m | 正在保存文件：res://Cards/非遗牌/咸宁/提琴戏.tres.remap[39m[0m
[  98% ] [90m[1msavepack[22m | 正在保存文件：res://Cards/非遗牌/天门/天门民歌.tres.remap[39m[0m
[  98% ] [90m[1msavepack[22m | 正在保存文件：res://Cards/非遗牌/天门/天门糖塑.tres.remap[39m[0m
[  98% ] [90m[1msavepack[22m | 正在保存文件：res://Cards/非遗牌/孝感/三节龙.tres.remap[39m[0m
[  98% ] [90m[1msavepack[22m | 正在保存文件：res://Cards/非遗牌/孝感/云梦皮影戏.tres.remap[39m[0m
[  98% ] [90m[1msavepack[22m | 正在保存文件：res://Cards/非遗牌/孝感/孝感雕花剪纸.tres.remap[39m[0m
[  98% ] [90m[1msavepack[22m | 正在保存文件：res://Cards/非遗牌/孝感/汉川善书.tres.remap[39m[0m
[  98% ] [90m[1msavepack[22m | 正在保存文件：res://Cards/非遗牌/孝感/董永传说.tres.remap[39m[0m
[  98% ] [90m[1msavepack[22m | 正在保存文件：res://Cards/非遗牌/宜昌/下堡坪民间故事.tres.remap[39m[0m
[  98% ] [90m[1msavepack[22m | 正在保存文件：res://Cards/非遗牌/宜昌/兴山民歌.tres.remap[39m[0m
[  98% ] [90m[1msavepack[22m | 正在保存文件：res://Cards/非遗牌/宜昌/南曲.tres.remap[39m[0m
[  98% ] [90m[1msavepack[22m | 正在保存文件：res://Cards/非遗牌/宜昌/土家族打溜子.tres.remap[39m[0m
[  98% ] [90m[1msavepack[22m | 正在保存文件：res://Cards/非遗牌/宜昌/土家族撒叶儿嗬.tres.remap[39m[0m
[  98% ] [90m[1msavepack[22m | 正在保存文件：res://Cards/非遗牌/宜昌/宜昌丝竹.tres.remap[39m[0m
[  98% ] [90m[1msavepack[22m | 正在保存文件：res://Cards/非遗牌/宜昌/宜昌薅草锣鼓.tres.remap[39m[0m
[  98% ] [90m[1msavepack[22m | 正在保存文件：res://Cards/非遗牌/宜昌/屈原传说.tres.remap[39m[0m
[  98% ] [90m[1msavepack[22m | 正在保存文件：res://Cards/非遗牌/宜昌/屈原故里端午习俗.tres.remap[39m[0m
[  98% ] [90m[1msavepack[22m | 正在保存文件：res://Cards/非遗牌/宜昌/当阳关陵庙会.tres.remap[39m[0m
[  98% ] [90m[1msavepack[22m | 正在保存文件：res://Cards/非遗牌/宜昌/枝江民间吹打乐.tres.remap[39m[0m
[  98% ] [90m[1msavepack[22m | 正在保存文件：res://Cards/非遗牌/宜昌/王昭君传说.tres.remap[39m[0m
[  98% ] [90m[1msavepack[22m | 正在保存文件：res://Cards/非遗牌/宜昌/远安呜音.tres.remap[39m[0m
[  98% ] [90m[1msavepack[22m | 正在保存文件：res://Cards/非遗牌/宜昌/都镇湾故事.tres.remap[39m[0m
[  98% ] [90m[1msavepack[22m | 正在保存文件：res://Cards/非遗牌/宜昌/长江峡江号子.tres.remap[39m[0m
[  98% ] [90m[1msavepack[22m | 正在保存文件：res://Cards/非遗牌/宜昌/青林寺谜语.tres.remap[39m[0m
[  98% ] [90m[1msavepack[22m | 正在保存文件：res://Cards/非遗牌/恩施/三棒鼓.tres.remap[39m[0m
[  98% ] [90m[1msavepack[22m | 正在保存文件：res://Cards/非遗牌/恩施/利川灯歌.tres.remap[39m[0m
[  98% ] [90m[1msavepack[22m | 正在保存文件：res://Cards/非遗牌/恩施/南剧.tres.remap[39m[0m
[  98% ] [90m[1msavepack[22m | 正在保存文件：res://Cards/非遗牌/恩施/土家族摆手舞.tres.remap[39m[0m
[  98% ] [90m[1msavepack[22m | 正在保存文件：res://Cards/非遗牌/恩施/地龙灯.tres.remap[39m[0m
[  98% ] [90m[1msavepack[22m | 正在保存文件：res://Cards/非遗牌/恩施/干栏吊脚楼建造技艺.tres.remap[39m[0m
[  98% ] [90m[1msavepack[22m | 正在保存文件：res://Cards/非遗牌/恩施/恩施傩戏.tres.remap[39m[0m
[  98% ] [90m[1msavepack[22m | 正在保存文件：res://Cards/非遗牌/恩施/恩施扬琴.tres.remap[39m[0m
[  98% ] [90m[1msavepack[22m | 正在保存文件：res://Cards/非遗牌/恩施/灯戏.tres.remap[39m[0m
[  98% ] [90m[1msavepack[22m | 正在保存文件：res://Cards/非遗牌/恩施/肉连响.tres.remap[39m[0m
[  98% ] [90m[1msavepack[22m | 正在保存文件：res://Cards/非遗牌/恩施/萱恩薅草锣鼓.tres.remap[39m[0m
[  98% ] [90m[1msavepack[22m | 正在保存文件：res://Cards/非遗牌/恩施/长江峡江号子.tres.remap[39m[0m
[  98% ] [90m[1msavepack[22m | 正在保存文件：res://Cards/非遗牌/武汉/木兰传说.tres.remap[39m[0m
[  98% ] [90m[1msavepack[22m | 正在保存文件：res://Cards/非遗牌/武汉/木雕船模.tres.remap[39m[0m
[  98% ] [90m[1msavepack[22m | 正在保存文件：res://Cards/非遗牌/武汉/楚剧.tres.remap[39m[0m
[  98% ] [90m[1msavepack[22m | 正在保存文件：res://Cards/非遗牌/武汉/汉剧.tres.remap[39m[0m
[  98% ] [90m[1msavepack[22m | 正在保存文件：res://Cards/非遗牌/武汉/汉绣.tres.remap[39m[0m
[  98% ] [90m[1msavepack[22m | 正在保存文件：res://Cards/非遗牌/武汉/汉阳归元庙会.tres.remap[39m[0m
[  98% ] [90m[1msavepack[22m | 正在保存文件：res://Cards/非遗牌/武汉/湖北小曲.tres.remap[39m[0m
[  98% ] [90m[1msavepack[22m | 正在保存文件：res://Cards/非遗牌/武汉/湖北评书.tres.remap[39m[0m
[  98% ] [90m[1msavepack[22m | 正在保存文件：res://Cards/非遗牌/武汉/马应龙制药技艺.tres.remap[39m[0m
[  98% ] [90m[1msavepack[22m | 正在保存文件：res://Cards/非遗牌/武汉/黄鹤楼传说.tres.remap[39m[0m
[  98% ] [90m[1msavepack[22m | 正在保存文件：res://Cards/非遗牌/武汉/龙舞.tres.remap[39m[0m
[  98% ] [90m[1msavepack[22m | 正在保存文件：res://Cards/非遗牌/潜江/江汉平原皮影戏.tres.remap[39m[0m
[  98% ] [90m[1msavepack[22m | 正在保存文件：res://Cards/非遗牌/潜江/潜江民歌.tres.remap[39m[0m
[  98% ] [90m[1msavepack[22m | 正在保存文件：res://Cards/非遗牌/神农架/炎帝神农传说.tres.remap[39m[0m
[  98% ] [90m[1msavepack[22m | 正在保存文件：res://Cards/非遗牌/神农架/黑暗传.tres.remap[39m[0m
[  98% ] [90m[1msavepack[22m | 正在保存文件：res://Cards/非遗牌/荆州/啰啰咚.tres.remap[39m[0m
[  98% ] [90m[1msavepack[22m | 正在保存文件：res://Cards/非遗牌/荆州/楚式漆器髹饰技艺.tres.remap[39m[0m
[  98% ] [90m[1msavepack[22m | 正在保存文件：res://Cards/非遗牌/荆州/荆河戏.tres.remap[39m[0m
[  98% ] [90m[1msavepack[22m | 正在保存文件：res://Cards/非遗牌/荆州/说鼓子.tres.remap[39m[0m
[  98% ] [90m[1msavepack[22m | 正在保存文件：res://Cards/非遗牌/荆州/铅锡刻镂技艺.tres.remap[39m[0m
[  98% ] [90m[1msavepack[22m | 正在保存文件：res://Cards/非遗牌/荆州/马山民歌.tres.remap[39m[0m
[  98% ] [90m[1msavepack[22m | 正在保存文件：res://Cards/非遗牌/荆州/鼓盆歌.tres.remap[39m[0m
[  98% ] [90m[1msavepack[22m | 正在保存文件：res://Cards/非遗牌/荆门/夏氏炼丹术及其祖传秘方.tres.remap[39m[0m
[  98% ] [90m[1msavepack[22m | 正在保存文件：res://Cards/非遗牌/襄阳/《黑暗传》.tres.remap[39m[0m
[  98% ] [90m[1msavepack[22m | 正在保存文件：res://Cards/非遗牌/襄阳/唢呐艺术.tres.remap[39m[0m
[  98% ] [90m[1msavepack[22m | 正在保存文件：res://Cards/非遗牌/襄阳/老河口丝弦.tres.remap[39m[0m
[  98% ] [90m[1msavepack[22m | 正在保存文件：res://Cards/非遗牌/襄阳/老河口木版年画.tres.remap[39m[0m
[  98% ] [90m[1msavepack[22m | 正在保存文件：res://Cards/非遗牌/鄂州/牌子锣.tres.remap[39m[0m
[  98% ] [90m[1msavepack[22m | 正在保存文件：res://Cards/非遗牌/鄂州/鄂州雕花剪纸.tres.remap[39m[0m
[  98% ] [90m[1msavepack[22m | 正在保存文件：res://Cards/非遗牌/随州/花鼓戏.tres.remap[39m[0m
[  98% ] [90m[1msavepack[22m | 正在保存文件：res://Cards/非遗牌/随州/随州炎帝祭典.tres.remap[39m[0m
[  98% ] [90m[1msavepack[22m | 正在保存文件：res://Cards/非遗牌/黄冈/岳家拳.tres.remap[39m[0m
[  98% ] [90m[1msavepack[22m | 正在保存文件：res://Cards/非遗牌/黄冈/李时珍传说.tres.remap[39m[0m
[  98% ] [90m[1msavepack[22m | 正在保存文件：res://Cards/非遗牌/黄冈/湖北大鼓.tres.remap[39m[0m
[  98% ] [90m[1msavepack[22m | 正在保存文件：res://Cards/非遗牌/黄冈/禅宗祖师传说.tres.remap[39m[0m
[  98% ] [90m[1msavepack[22m | 正在保存文件：res://Cards/非遗牌/黄冈/红安绣活.tres.remap[39m[0m
[  98% ] [90m[1msavepack[22m | 正在保存文件：res://Cards/非遗牌/黄冈/黄梅戏.tres.remap[39m[0m
[  98% ] [90m[1msavepack[22m | 正在保存文件：res://Cards/非遗牌/黄冈/黄梅挑花.tres.remap[39m[0m
[  98% ] [90m[1msavepack[22m | 正在保存文件：res://Cards/非遗牌/黄石/大冶石雕.tres.remap[39m[0m
[  98% ] [90m[1msavepack[22m | 正在保存文件：res://Cards/非遗牌/黄石/西塞神舟会.tres.remap[39m[0m
[  98% ] [90m[1msavepack[22m | 正在保存文件：res://Cards/非遗牌/黄石/采茶戏.tres.remap[39m[0m
[  98% ] [90m[1msavepack[22m | 正在保存文件：res://Cards/非遗牌/黄石/阳新布贴.tres.remap[39m[0m
[  98% ] [90m[1msavepack[22m | 正在保存文件：res://Cards/食物牌/三合汤.tres.remap[39m[0m
[  98% ] [90m[1msavepack[22m | 正在保存文件：res://Cards/食物牌/三游神仙鸡.tres.remap[39m[0m
[  98% ] [90m[1msavepack[22m | 正在保存文件：res://Cards/食物牌/东坡饼.tres.remap[39m[0m
[  98% ] [90m[1msavepack[22m | 正在保存文件：res://Cards/食物牌/云梦鱼面.tres.remap[39m[0m
[  98% ] [90m[1msavepack[22m | 正在保存文件：res://Cards/食物牌/千张扣肉.tres.remap[39m[0m
[  98% ] [90m[1msavepack[22m | 正在保存文件：res://Cards/食物牌/印子粑.tres.remap[39m[0m
[  98% ] [90m[1msavepack[22m | 正在保存文件：res://Cards/食物牌/嘉鱼麻糖.tres.remap[39m[0m
[  98% ] [90m[1msavepack[22m | 正在保存文件：res://Cards/食物牌/团风狗脚.tres.remap[39m[0m
[  98% ] [90m[1msavepack[22m | 正在保存文件：res://Cards/食物牌/土家抬格子.tres.remap[39m[0m
[  98% ] [90m[1msavepack[22m | 正在保存文件：res://Cards/食物牌/土家油茶汤.tres.remap[39m[0m
[  98% ] [90m[1msavepack[22m | 正在保存文件：res://Cards/食物牌/土家腊肉.tres.remap[39m[0m
[  98% ] [90m[1msavepack[22m | 正在保存文件：res://Cards/食物牌/天门三蒸.tres.remap[39m[0m
[  98% ] [90m[1msavepack[22m | 正在保存文件：res://Cards/食物牌/孔明菜.tres.remap[39m[0m
[  98% ] [90m[1msavepack[22m | 正在保存文件：res://Cards/食物牌/孝感米酒（神霖牌）.tres.remap[39m[0m
[  98% ] [90m[1msavepack[22m | 正在保存文件：res://Cards/食物牌/安陆金银花露.tres.remap[39m[0m
[  98% ] [90m[1msavepack[22m | 正在保存文件：res://Cards/食物牌/官渡五香豆腐干.tres.remap[39m[0m
[  98% ] [90m[1msavepack[22m | 正在保存文件：res://Cards/食物牌/宜城板鸭.tres.remap[39m[0m
[  98% ] [90m[1msavepack[22m | 正在保存文件：res://Cards/食物牌/宜昌小面.tres.remap[39m[0m
[  98% ] [90m[1msavepack[22m | 正在保存文件：res://Cards/食物牌/尚香风干鸡.tres.remap[39m[0m
[  98% ] [90m[1msavepack[22m | 正在保存文件：res://Cards/食物牌/广水滑肉.tres.remap[39m[0m
[  98% ] [90m[1msavepack[22m | 正在保存文件：res://Cards/食物牌/张关合渣.tres.remap[39m[0m
[  98% ] [90m[1msavepack[22m | 正在保存文件：res://Cards/食物牌/房县黄酒.tres.remap[39m[0m
[  98% ] [90m[1msavepack[22m | 正在保存文件：res://Cards/食物牌/杜家鸡.tres.remap[39m[0m
[  98% ] [90m[1msavepack[22m | 正在保存文件：res://Cards/食物牌/松花皮蛋.tres.remap[39m[0m
[  98% ] [90m[1msavepack[22m | 正在保存文件：res://Cards/食物牌/枣阳酸浆面.tres.remap[39m[0m
[  98% ] [90m[1msavepack[22m | 正在保存文件：res://Cards/食物牌/柏杨豆干.tres.remap[39m[0m
[  98% ] [90m[1msavepack[22m | 正在保存文件：res://Cards/食物牌/格格.tres.remap[39m[0m
[  98% ] [90m[1msavepack[22m | 正在保存文件：res://Cards/食物牌/榨广椒.tres.remap[39m[0m
[  98% ] [90m[1msavepack[22m | 正在保存文件：res://Cards/食物牌/武穴佛手山药.tres.remap[39m[0m
[  98% ] [90m[1msavepack[22m | 正在保存文件：res://Cards/食物牌/武穴酥糖.tres.remap[39m[0m
[  98% ] [90m[1msavepack[22m | 正在保存文件：res://Cards/食物牌/毛嘴卤鸡.tres.remap[39m[0m
[  98% ] [90m[1msavepack[22m | 正在保存文件：res://Cards/食物牌/沔阳三蒸.tres.remap[39m[0m
[  98% ] [90m[1msavepack[22m | 正在保存文件：res://Cards/食物牌/沙窝豆丝.tres.remap[39m[0m
[  98% ] [90m[1msavepack[22m | 正在保存文件：res://Cards/食物牌/油焖大虾.tres.remap[39m[0m
[  98% ] [90m[1msavepack[22m | 正在保存文件：res://Cards/食物牌/热干面.tres.remap[39m[0m
[  98% ] [90m[1msavepack[22m | 正在保存文件：res://Cards/食物牌/皮条鳝鱼（竹节鳝鱼）.tres.remap[39m[0m
[  98% ] [90m[1msavepack[22m | 正在保存文件：res://Cards/食物牌/矮子馅饼.tres.remap[39m[0m
[  98% ] [90m[1msavepack[22m | 正在保存文件：res://Cards/食物牌/神农架腊肉.tres.remap[39m[0m
[  98% ] [90m[1msavepack[22m | 正在保存文件：res://Cards/食物牌/神豆腐.tres.remap[39m[0m
[  98% ] [90m[1msavepack[22m | 正在保存文件：res://Cards/食物牌/竹山懒豆腐.tres.remap[39m[0m
[  98% ] [90m[1msavepack[22m | 正在保存文件：res://Cards/食物牌/竹溪碗糕.tres.remap[39m[0m
[  98% ] [90m[1msavepack[22m | 正在保存文件：res://Cards/食物牌/精武鸭脖.tres.remap[39m[0m
[  98% ] [90m[1msavepack[22m | 正在保存文件：res://Cards/食物牌/花园红烧肉.tres.remap[39m[0m
[  98% ] [90m[1msavepack[22m | 正在保存文件：res://Cards/食物牌/英山鱼面.tres.remap[39m[0m
[  98% ] [90m[1msavepack[22m | 正在保存文件：res://Cards/食物牌/荆州鱼糕.tres.remap[39m[0m
[  98% ] [90m[1msavepack[22m | 正在保存文件：res://Cards/食物牌/荆门三蒸.tres.remap[39m[0m
[  98% ] [90m[1msavepack[22m | 正在保存文件：res://Cards/食物牌/荆门雪枣.tres.remap[39m[0m
[  98% ] [90m[1msavepack[22m | 正在保存文件：res://Cards/食物牌/蒿子粑粑.tres.remap[39m[0m
[  98% ] [90m[1msavepack[22m | 正在保存文件：res://Cards/食物牌/蕲春酸米粉.tres.remap[39m[0m
[  98% ] [90m[1msavepack[22m | 正在保存文件：res://Cards/食物牌/襄阳三镶盘.tres.remap[39m[0m
[  98% ] [90m[1msavepack[22m | 正在保存文件：res://Cards/食物牌/襄阳缠蹄.tres.remap[39m[0m
[  98% ] [90m[1msavepack[22m | 正在保存文件：res://Cards/食物牌/赤壁肉糕.tres.remap[39m[0m
[  98% ] [90m[1msavepack[22m | 正在保存文件：res://Cards/食物牌/通山包坨.tres.remap[39m[0m
[  98% ] [90m[1msavepack[22m | 正在保存文件：res://Cards/食物牌/鄂州鱼丸.tres.remap[39m[0m
[  98% ] [90m[1msavepack[22m | 正在保存文件：res://Cards/食物牌/随州三鲜.tres.remap[39m[0m
[  98% ] [90m[1msavepack[22m | 正在保存文件：res://Cards/食物牌/随州蜜枣.tres.remap[39m[0m
[  98% ] [90m[1msavepack[22m | 正在保存文件：res://Cards/食物牌/青砖茶.tres.remap[39m[0m
[  98% ] [90m[1msavepack[22m | 正在保存文件：res://Cards/食物牌/麻城肉糕.tres.remap[39m[0m
[  98% ] [90m[1msavepack[22m | 正在保存文件：res://Cards/食物牌/黄州东坡肉.tres.remap[39m[0m
[  98% ] [90m[1msavepack[22m | 正在保存文件：res://Cards/食物牌/黄石港饼.tres.remap[39m[0m
[  98% ] [90m[1msavepack[22m | 正在保存文件：res://HUDs/GameResultOverlay/game_result_overlay.gd.remap[39m[0m
[  98% ] [90m[1msavepack[22m | 正在保存文件：res://HUDs/GameResultOverlay/game_result_overlay.tscn.remap[39m[0m
[  98% ] [90m[1msavepack[22m | 正在保存文件：res://HUDs/PauseOverlay/pause_overlay.gd.remap[39m[0m
[  98% ] [90m[1msavepack[22m | 正在保存文件：res://HUDs/PauseOverlay/pause_overlay.tscn.remap[39m[0m
[  98% ] [90m[1msavepack[22m | 正在保存文件：res://HUDs/card_hand_animator.gd.remap[39m[0m
[  98% ] [90m[1msavepack[22m | 正在保存文件：res://HUDs/card_hand_animator.tscn.remap[39m[0m
[  98% ] [90m[1msavepack[22m | 正在保存文件：res://HUDs/event_overlay.gd.remap[39m[0m
[  98% ] [90m[1msavepack[22m | 正在保存文件：res://HUDs/event_overlay.tscn.remap[39m[0m
[  98% ] [90m[1msavepack[22m | 正在保存文件：res://HUDs/event_presentation_director.gd.remap[39m[0m
[  98% ] [90m[1msavepack[22m | 正在保存文件：res://HUDs/food_card_view.gd.remap[39m[0m
[  98% ] [90m[1msavepack[22m | 正在保存文件：res://HUDs/food_tooltip.gd.remap[39m[0m
[  98% ] [90m[1msavepack[22m | 正在保存文件：res://HUDs/hud.gd.remap[39m[0m
[  98% ] [90m[1msavepack[22m | 正在保存文件：res://HUDs/HUD.tscn.remap[39m[0m
[  98% ] [90m[1msavepack[22m | 正在保存文件：res://HUDs/top_icon_button.gd.remap[39m[0m
[  98% ] [90m[1msavepack[22m | 正在保存文件：res://HUDs/事件牌缩略图.gd.remap[39m[0m
[  98% ] [90m[1msavepack[22m | 正在保存文件：res://HUDs/事件牌缩略图.tscn.remap[39m[0m
[  98% ] [90m[1msavepack[22m | 正在保存文件：res://HUDs/商店弹窗.gd.remap[39m[0m
[  98% ] [90m[1msavepack[22m | 正在保存文件：res://HUDs/商店弹窗.tscn.remap[39m[0m
[  98% ] [90m[1msavepack[22m | 正在保存文件：res://HUDs/成就牌缩略图.gd.remap[39m[0m
[  98% ] [90m[1msavepack[22m | 正在保存文件：res://HUDs/成就牌缩略图.tscn.remap[39m[0m
[  98% ] [90m[1msavepack[22m | 正在保存文件：res://HUDs/成就获得提示.gd.remap[39m[0m
[  98% ] [90m[1msavepack[22m | 正在保存文件：res://HUDs/成就获得提示.tscn.remap[39m[0m
[  98% ] [90m[1msavepack[22m | 正在保存文件：res://HUDs/成就详情弹窗.gd.remap[39m[0m
[  98% ] [90m[1msavepack[22m | 正在保存文件：res://HUDs/成就详情弹窗.tscn.remap[39m[0m
[  98% ] [90m[1msavepack[22m | 正在保存文件：res://HUDs/研究所弹窗.gd.remap[39m[0m
[  98% ] [90m[1msavepack[22m | 正在保存文件：res://HUDs/研究所弹窗.tscn.remap[39m[0m
[  98% ] [90m[1msavepack[22m | 正在保存文件：res://HUDs/职业技能提示.gd.remap[39m[0m
[  98% ] [90m[1msavepack[22m | 正在保存文件：res://HUDs/职业技能提示.tscn.remap[39m[0m
[  98% ] [90m[1msavepack[22m | 正在保存文件：res://HUDs/职业抽牌弹窗.gd.remap[39m[0m
[  98% ] [90m[1msavepack[22m | 正在保存文件：res://HUDs/职业抽牌弹窗.tscn.remap[39m[0m
[  98% ] [90m[1msavepack[22m | 正在保存文件：res://HUDs/职业详情弹窗.gd.remap[39m[0m
[  98% ] [90m[1msavepack[22m | 正在保存文件：res://HUDs/职业详情弹窗.tscn.remap[39m[0m
[  98% ] [90m[1msavepack[22m | 正在保存文件：res://HUDs/计分详情弹窗.gd.remap[39m[0m
[  98% ] [90m[1msavepack[22m | 正在保存文件：res://HUDs/计分详情弹窗.tscn.remap[39m[0m
[  98% ] [90m[1msavepack[22m | 正在保存文件：res://HUDs/非遗牌缩略图.gd.remap[39m[0m
[  98% ] [90m[1msavepack[22m | 正在保存文件：res://HUDs/非遗牌缩略图.tscn.remap[39m[0m
[  98% ] [90m[1msavepack[22m | 正在保存文件：res://HUDs/非遗详情弹窗.gd.remap[39m[0m
[  98% ] [90m[1msavepack[22m | 正在保存文件：res://HUDs/非遗详情弹窗.tscn.remap[39m[0m
[  98% ] [90m[1msavepack[22m | 正在保存文件：res://HUDs/食物效果选择弹窗.tscn.remap[39m[0m
[  98% ] [90m[1msavepack[22m | 正在保存文件：res://HUDs/食物背包弹窗.gd.remap[39m[0m
[  98% ] [90m[1msavepack[22m | 正在保存文件：res://HUDs/食物背包弹窗.tscn.remap[39m[0m
[  98% ] [90m[1msavepack[22m | 正在保存文件：res://InheritanceTasks/Charts/gu_pen_ge.tres.remap[39m[0m
[  98% ] [90m[1msavepack[22m | 正在保存文件：res://InheritanceTasks/Charts/han_ju.tres.remap[39m[0m
[  98% ] [90m[1msavepack[22m | 正在保存文件：res://InheritanceTasks/Charts/jingzhou_hua_gu_xi.tres.remap[39m[0m
[  98% ] [90m[1msavepack[22m | 正在保存文件：res://InheritanceTasks/Charts/laohekou_si_xian.tres.remap[39m[0m
[  98% ] [90m[1msavepack[22m | 正在保存文件：res://InheritanceTasks/Charts/ti_qin_xi.tres.remap[39m[0m
[  98% ] [90m[1msavepack[22m | 正在保存文件：res://InheritanceTasks/Charts/tujia_saye_erhe.tres.remap[39m[0m
[  98% ] [90m[1msavepack[22m | 正在保存文件：res://InheritanceTasks/Common/heritage_beat_calibration.gd.remap[39m[0m
[  98% ] [90m[1msavepack[22m | 正在保存文件：res://InheritanceTasks/Common/heritage_input_profile.gd.remap[39m[0m
[  98% ] [90m[1msavepack[22m | 正在保存文件：res://InheritanceTasks/Common/heritage_minigame_preferences.gd.remap[39m[0m
[  98% ] [90m[1msavepack[22m | 正在保存文件：res://InheritanceTasks/Common/heritage_music_chart.gd.remap[39m[0m
[  98% ] [90m[1msavepack[22m | 正在保存文件：res://InheritanceTasks/Common/heritage_music_clock.gd.remap[39m[0m
[  98% ] [90m[1msavepack[22m | 正在保存文件：res://InheritanceTasks/Common/heritage_music_judge.gd.remap[39m[0m
[  98% ] [90m[1msavepack[22m | 正在保存文件：res://InheritanceTasks/Common/heritage_performance_task.gd.remap[39m[0m
[  98% ] [90m[1msavepack[22m | 正在保存文件：res://InheritanceTasks/Common/heritage_performance_timeline.gd.remap[39m[0m
[  98% ] [90m[1msavepack[22m | 正在保存文件：res://InheritanceTasks/Common/heritage_stage_task.gd.remap[39m[0m
[  98% ] [90m[1msavepack[22m | 正在保存文件：res://InheritanceTasks/Common/heritage_task_base.gd.remap[39m[0m
[  98% ] [90m[1msavepack[22m | 正在保存文件：res://InheritanceTasks/Art/Pixel/v1/resources/dong_yong_chuanshuo.tres.remap[39m[0m
[  98% ] [90m[1msavepack[22m | 正在保存文件：res://InheritanceTasks/Art/Pixel/v1/resources/ezhou_diaohua_jianzhi.tres.remap[39m[0m
[  98% ] [90m[1msavepack[22m | 正在保存文件：res://InheritanceTasks/Art/Pixel/v1/resources/gu_pen_ge.tres.remap[39m[0m
[  98% ] [90m[1msavepack[22m | 正在保存文件：res://InheritanceTasks/Art/Pixel/v1/resources/han_ju.tres.remap[39m[0m
[  98% ] [90m[1msavepack[22m | 正在保存文件：res://InheritanceTasks/Art/Pixel/v1/resources/huangmei_xi.tres.remap[39m[0m
[  98% ] [90m[1msavepack[22m | 正在保存文件：res://InheritanceTasks/Art/Pixel/v1/resources/jingzhou_hua_gu_xi.tres.remap[39m[0m
[  98% ] [90m[1msavepack[22m | 正在保存文件：res://InheritanceTasks/Art/Pixel/v1/resources/laohekou_si_xian.tres.remap[39m[0m
[  98% ] [90m[1msavepack[22m | 正在保存文件：res://InheritanceTasks/Art/Pixel/v1/resources/tianmen_tang_su.tres.remap[39m[0m
[  98% ] [90m[1msavepack[22m | 正在保存文件：res://InheritanceTasks/Art/Pixel/v1/resources/ti_qin_xi.tres.remap[39m[0m
[  98% ] [90m[1msavepack[22m | 正在保存文件：res://InheritanceTasks/Art/Pixel/v1/resources/tujia_saye_erhe.tres.remap[39m[0m
[  98% ] [90m[1msavepack[22m | 正在保存文件：res://InheritanceTasks/Art/Pixel/v1/resources/xiabaoping_minjian_gushi.tres.remap[39m[0m
[  98% ] [90m[1msavepack[22m | 正在保存文件：res://InheritanceTasks/Art/Pixel/v1/resources/xia_lian_dan_shu.tres.remap[39m[0m
[  98% ] [90m[1msavepack[22m | 正在保存文件：res://InheritanceTasks/Art/Pixel/v1/resources/xingshan_min_ge.tres.remap[39m[0m
[  98% ] [90m[1msavepack[22m | 正在保存文件：res://InheritanceTasks/Art/Pixel/v1/resources/xisai_shenzhou_hui.tres.remap[39m[0m
[  98% ] [90m[1msavepack[22m | 正在保存文件：res://InheritanceTasks/Art/Pixel/v1/resources/yandi_shennong_chuanshuo.tres.remap[39m[0m
[  98% ] [90m[1msavepack[22m | 正在保存文件：res://InheritanceTasks/Common/huangmei_melody_alignment.gd.remap[39m[0m
[  98% ] [90m[1msavepack[22m | 正在保存文件：res://InheritanceTasks/Common/huangmei_vocal_similarity.gd.remap[39m[0m
[  98% ] [90m[1msavepack[22m | 正在保存文件：res://InheritanceTasks/Common/onnx_crepe_vocal_scorer.gd.remap[39m[0m
[  98% ] [90m[1msavepack[22m | 正在保存文件：res://InheritanceTasks/Common/vocal_scorer.gd.remap[39m[0m
[  98% ] [90m[1msavepack[22m | 正在保存文件：res://InheritanceTasks/Data/heritage_avatar_appearance.gd.remap[39m[0m
[  98% ] [90m[1msavepack[22m | 正在保存文件：res://InheritanceTasks/Data/heritage_avatar_catalog.gd.remap[39m[0m
[  98% ] [90m[1msavepack[22m | 正在保存文件：res://InheritanceTasks/Data/heritage_task_attempt.gd.remap[39m[0m
[  98% ] [90m[1msavepack[22m | 正在保存文件：res://InheritanceTasks/Data/heritage_task_definition.gd.remap[39m[0m
[  98% ] [90m[1msavepack[22m | 正在保存文件：res://InheritanceTasks/Data/heritage_task_presentation.gd.remap[39m[0m
[  98% ] [90m[1msavepack[22m | 正在保存文件：res://InheritanceTasks/Data/heritage_task_result.gd.remap[39m[0m
[  98% ] [90m[1msavepack[22m | 正在保存文件：res://InheritanceTasks/Data/heritage_task_run_context.gd.remap[39m[0m
[  98% ] [90m[1msavepack[22m | 正在保存文件：res://InheritanceTasks/Data/heritage_task_use_check.gd.remap[39m[0m
[  98% ] [90m[1msavepack[22m | 正在保存文件：res://InheritanceTasks/Data/paper_cut_pattern.gd.remap[39m[0m
[  98% ] [90m[1msavepack[22m | 正在保存文件：res://InheritanceTasks/Data/shenzhou_escort_route.gd.remap[39m[0m
[  98% ] [90m[1msavepack[22m | 正在保存文件：res://InheritanceTasks/Data/story_puzzle_catalog.gd.remap[39m[0m
[  98% ] [90m[1msavepack[22m | 正在保存文件：res://InheritanceTasks/Definitions/dong_yong_chuanshuo.tres.remap[39m[0m
[  98% ] [90m[1msavepack[22m | 正在保存文件：res://InheritanceTasks/Definitions/ezhou_diaohua_jianzhi.tres.remap[39m[0m
[  98% ] [90m[1msavepack[22m | 正在保存文件：res://InheritanceTasks/Definitions/gu_pen_ge.tres.remap[39m[0m
[  98% ] [90m[1msavepack[22m | 正在保存文件：res://InheritanceTasks/Definitions/han_ju.tres.remap[39m[0m
[  98% ] [90m[1msavepack[22m | 正在保存文件：res://InheritanceTasks/Definitions/huangmei_xi.tres.remap[39m[0m
[  98% ] [90m[1msavepack[22m | 正在保存文件：res://InheritanceTasks/Definitions/jingzhou_hua_gu_xi.tres.remap[39m[0m
[  98% ] [90m[1msavepack[22m | 正在保存文件：res://InheritanceTasks/Definitions/laohekou_si_xian.tres.remap[39m[0m
[  98% ] [90m[1msavepack[22m | 正在保存文件：res://InheritanceTasks/Definitions/tianmen_tang_su.tres.remap[39m[0m
[  98% ] [90m[1msavepack[22m | 正在保存文件：res://InheritanceTasks/Definitions/ti_qin_xi.tres.remap[39m[0m
[  98% ] [90m[1msavepack[22m | 正在保存文件：res://InheritanceTasks/Definitions/tujia_saye_erhe.tres.remap[39m[0m
[  98% ] [90m[1msavepack[22m | 正在保存文件：res://InheritanceTasks/Definitions/xiabaoping_minjian_gushi.tres.remap[39m[0m
[  98% ] [90m[1msavepack[22m | 正在保存文件：res://InheritanceTasks/Definitions/xia_lian_dan_shu.tres.remap[39m[0m
[  98% ] [90m[1msavepack[22m | 正在保存文件：res://InheritanceTasks/Definitions/xingshan_min_ge.tres.remap[39m[0m
[  98% ] [90m[1msavepack[22m | 正在保存文件：res://InheritanceTasks/Definitions/xisai_shenzhou_hui.tres.remap[39m[0m
[  98% ] [90m[1msavepack[22m | 正在保存文件：res://InheritanceTasks/Definitions/yandi_shennong_chuanshuo.tres.remap[39m[0m
[  98% ] [90m[1msavepack[22m | 正在保存文件：res://InheritanceTasks/Presentation/Stages/dong_yong_chuanshuo_pixel.gd.remap[39m[0m
[  98% ] [90m[1msavepack[22m | 正在保存文件：res://InheritanceTasks/Presentation/Stages/dong_yong_chuanshuo_pixel.tscn.remap[39m[0m
[  98% ] [90m[1msavepack[22m | 正在保存文件：res://InheritanceTasks/Presentation/Stages/ezhou_diaohua_jianzhi_pixel.gd.remap[39m[0m
[  98% ] [90m[1msavepack[22m | 正在保存文件：res://InheritanceTasks/Presentation/Stages/ezhou_diaohua_jianzhi_pixel.tscn.remap[39m[0m
[  98% ] [90m[1msavepack[22m | 正在保存文件：res://InheritanceTasks/Presentation/Stages/gu_pen_ge_pixel.gd.remap[39m[0m
[  98% ] [90m[1msavepack[22m | 正在保存文件：res://InheritanceTasks/Presentation/Stages/gu_pen_ge_pixel.tscn.remap[39m[0m
[  98% ] [90m[1msavepack[22m | 正在保存文件：res://InheritanceTasks/Presentation/Stages/han_ju_pixel.gd.remap[39m[0m
[  98% ] [90m[1msavepack[22m | 正在保存文件：res://InheritanceTasks/Presentation/Stages/han_ju_pixel.tscn.remap[39m[0m
[  98% ] [90m[1msavepack[22m | 正在保存文件：res://InheritanceTasks/Presentation/Stages/huangmei_xi_pixel.gd.remap[39m[0m
[  98% ] [90m[1msavepack[22m | 正在保存文件：res://InheritanceTasks/Presentation/Stages/huangmei_xi_pixel.tscn.remap[39m[0m
[  98% ] [90m[1msavepack[22m | 正在保存文件：res://InheritanceTasks/Presentation/Stages/jingzhou_hua_gu_xi_pixel.gd.remap[39m[0m
[  98% ] [90m[1msavepack[22m | 正在保存文件：res://InheritanceTasks/Presentation/Stages/jingzhou_hua_gu_xi_pixel.tscn.remap[39m[0m
[  98% ] [90m[1msavepack[22m | 正在保存文件：res://InheritanceTasks/Presentation/Stages/laohekou_si_xian_pixel.gd.remap[39m[0m
[  98% ] [90m[1msavepack[22m | 正在保存文件：res://InheritanceTasks/Presentation/Stages/laohekou_si_xian_pixel.tscn.remap[39m[0m
[  98% ] [90m[1msavepack[22m | 正在保存文件：res://InheritanceTasks/Presentation/Stages/tianmen_tang_su_pixel.gd.remap[39m[0m
[  98% ] [90m[1msavepack[22m | 正在保存文件：res://InheritanceTasks/Presentation/Stages/tianmen_tang_su_pixel.tscn.remap[39m[0m
[  98% ] [90m[1msavepack[22m | 正在保存文件：res://InheritanceTasks/Presentation/Stages/ti_qin_xi_pixel.gd.remap[39m[0m
[  98% ] [90m[1msavepack[22m | 正在保存文件：res://InheritanceTasks/Presentation/Stages/ti_qin_xi_pixel.tscn.remap[39m[0m
[  98% ] [90m[1msavepack[22m | 正在保存文件：res://InheritanceTasks/Presentation/Stages/tujia_saye_erhe_pixel.gd.remap[39m[0m
[  98% ] [90m[1msavepack[22m | 正在保存文件：res://InheritanceTasks/Presentation/Stages/tujia_saye_erhe_pixel.tscn.remap[39m[0m
[  98% ] [90m[1msavepack[22m | 正在保存文件：res://InheritanceTasks/Presentation/Stages/xia_lian_dan_shu_pixel.gd.remap[39m[0m
[  98% ] [90m[1msavepack[22m | 正在保存文件：res://InheritanceTasks/Presentation/Stages/xia_lian_dan_shu_pixel.tscn.remap[39m[0m
[  98% ] [90m[1msavepack[22m | 正在保存文件：res://InheritanceTasks/Presentation/Stages/xingshan_min_ge_pixel.gd.remap[39m[0m
[  98% ] [90m[1msavepack[22m | 正在保存文件：res://InheritanceTasks/Presentation/Stages/xingshan_min_ge_pixel.tscn.remap[39m[0m
[  98% ] [90m[1msavepack[22m | 正在保存文件：res://InheritanceTasks/Presentation/Stages/xisai_shenzhou_hui_pixel.gd.remap[39m[0m
[  98% ] [90m[1msavepack[22m | 正在保存文件：res://InheritanceTasks/Presentation/Stages/xisai_shenzhou_hui_pixel.tscn.remap[39m[0m
[  98% ] [90m[1msavepack[22m | 正在保存文件：res://InheritanceTasks/Presentation/Stages/yandi_shennong_chuanshuo_pixel.gd.remap[39m[0m
[  98% ] [90m[1msavepack[22m | 正在保存文件：res://InheritanceTasks/Presentation/Stages/yandi_shennong_chuanshuo_pixel.tscn.remap[39m[0m
[  98% ] [90m[1msavepack[22m | 正在保存文件：res://InheritanceTasks/Presentation/heritage_pixel_canvas.gd.remap[39m[0m
[  98% ] [90m[1msavepack[22m | 正在保存文件：res://InheritanceTasks/Presentation/heritage_pixel_stage.gd.remap[39m[0m
[  98% ] [90m[1msavepack[22m | 正在保存文件：res://InheritanceTasks/Presentation/heritage_rhythm_cues.gd.remap[39m[0m
[  98% ] [90m[1msavepack[22m | 正在保存文件：res://Players/player.tscn.remap[39m[0m
[  98% ] [90m[1msavepack[22m | 正在保存文件：res://Players/player.gd.remap[39m[0m
[  98% ] [90m[1msavepack[22m | 正在保存文件：res://Managers/turn_manager.tscn.remap[39m[0m
[  98% ] [90m[1msavepack[22m | 正在保存文件：res://Managers/turn_manager.gd.remap[39m[0m
[  98% ] [90m[1msavepack[22m | 正在保存文件：res://Managers/ResouceManager.tscn.remap[39m[0m
[  98% ] [90m[1msavepack[22m | 正在保存文件：res://Managers/ResouceManager.gd.remap[39m[0m
[  98% ] [90m[1msavepack[22m | 正在保存文件：res://Managers/profession_manager.gd.remap[39m[0m
[  98% ] [90m[1msavepack[22m | 正在保存文件：res://Managers/market_manager.gd.remap[39m[0m
[  98% ] [90m[1msavepack[22m | 正在保存文件：res://Managers/interaction_coordinator.gd.remap[39m[0m
[  98% ] [90m[1msavepack[22m | 正在保存文件：res://Managers/heritage_task_manager.gd.remap[39m[0m
[  98% ] [90m[1msavepack[22m | 正在保存文件：res://Managers/game_result_entry.gd.remap[39m[0m
[  98% ] [90m[1msavepack[22m | 正在保存文件：res://Managers/game_result.gd.remap[39m[0m
[  98% ] [90m[1msavepack[22m | 正在保存文件：res://Managers/game_manager.tscn.remap[39m[0m
[  98% ] [90m[1msavepack[22m | 正在保存文件：res://Managers/game_manager.gd.remap[39m[0m
[  98% ] [90m[1msavepack[22m | 正在保存文件：res://Managers/food_manager.gd.remap[39m[0m
[  98% ] [90m[1msavepack[22m | 正在保存文件：res://Managers/event_manager.gd.remap[39m[0m
[  98% ] [90m[1msavepack[22m | 正在保存文件：res://Managers/discovery_manager.gd.remap[39m[0m
[  98% ] [90m[1msavepack[22m | 正在保存文件：res://Managers/achievement_manager.gd.remap[39m[0m
[  98% ] [90m[1msavepack[22m | 正在保存文件：res://InheritanceTasks/UI/vocal_score_breakdown.gd.remap[39m[0m
[  98% ] [90m[1msavepack[22m | 正在保存文件：res://InheritanceTasks/UI/heritage_television_style.gd.remap[39m[0m
[  98% ] [90m[1msavepack[22m | 正在保存文件：res://InheritanceTasks/UI/heritage_task_host.tscn.remap[39m[0m
[  98% ] [90m[1msavepack[22m | 正在保存文件：res://InheritanceTasks/UI/heritage_task_host.gd.remap[39m[0m
[  98% ] [90m[1msavepack[22m | 正在保存文件：res://InheritanceTasks/UI/heritage_input_glyph.gd.remap[39m[0m
[  98% ] [90m[1msavepack[22m | 正在保存文件：res://InheritanceTasks/UI/heritage_broadcast_overlay.gd.remap[39m[0m
[  98% ] [90m[1msavepack[22m | 正在保存文件：res://InheritanceTasks/Tasks/yandi_shennong_chuanshuo.tscn.remap[39m[0m
[  98% ] [90m[1msavepack[22m | 正在保存文件：res://InheritanceTasks/Tasks/yandi_shennong_chuanshuo.gd.remap[39m[0m
[  98% ] [90m[1msavepack[22m | 正在保存文件：res://InheritanceTasks/Tasks/xisai_shenzhou_hui.tscn.remap[39m[0m
[  98% ] [90m[1msavepack[22m | 正在保存文件：res://InheritanceTasks/Tasks/xisai_shenzhou_hui.gd.remap[39m[0m
[  98% ] [90m[1msavepack[22m | 正在保存文件：res://InheritanceTasks/Tasks/xingshan_min_ge.tscn.remap[39m[0m
[  98% ] [90m[1msavepack[22m | 正在保存文件：res://InheritanceTasks/Tasks/xingshan_min_ge.gd.remap[39m[0m
[  98% ] [90m[1msavepack[22m | 正在保存文件：res://InheritanceTasks/Tasks/xia_lian_dan_shu.tscn.remap[39m[0m
[  98% ] [90m[1msavepack[22m | 正在保存文件：res://InheritanceTasks/Tasks/xia_lian_dan_shu.gd.remap[39m[0m
[  98% ] [90m[1msavepack[22m | 正在保存文件：res://InheritanceTasks/Tasks/xiabaoping_minjian_gushi.tscn.remap[39m[0m
[  98% ] [90m[1msavepack[22m | 正在保存文件：res://InheritanceTasks/Tasks/xiabaoping_minjian_gushi.gd.remap[39m[0m
[  98% ] [90m[1msavepack[22m | 正在保存文件：res://InheritanceTasks/Tasks/tujia_saye_erhe.tscn.remap[39m[0m
[  98% ] [90m[1msavepack[22m | 正在保存文件：res://InheritanceTasks/Tasks/tujia_saye_erhe.gd.remap[39m[0m
[  98% ] [90m[1msavepack[22m | 正在保存文件：res://InheritanceTasks/Tasks/ti_qin_xi.tscn.remap[39m[0m
[  98% ] [90m[1msavepack[22m | 正在保存文件：res://InheritanceTasks/Tasks/ti_qin_xi.gd.remap[39m[0m
[  98% ] [90m[1msavepack[22m | 正在保存文件：res://InheritanceTasks/Tasks/tianmen_tang_su.tscn.remap[39m[0m
[  98% ] [90m[1msavepack[22m | 正在保存文件：res://InheritanceTasks/Tasks/tianmen_tang_su.gd.remap[39m[0m
[  98% ] [90m[1msavepack[22m | 正在保存文件：res://InheritanceTasks/Tasks/laohekou_si_xian.tscn.remap[39m[0m
[  98% ] [90m[1msavepack[22m | 正在保存文件：res://InheritanceTasks/Tasks/laohekou_si_xian.gd.remap[39m[0m
[  98% ] [90m[1msavepack[22m | 正在保存文件：res://InheritanceTasks/Tasks/jingzhou_hua_gu_xi.tscn.remap[39m[0m
[  98% ] [90m[1msavepack[22m | 正在保存文件：res://InheritanceTasks/Tasks/jingzhou_hua_gu_xi.gd.remap[39m[0m
[  98% ] [90m[1msavepack[22m | 正在保存文件：res://InheritanceTasks/Tasks/huangmei_xi.tscn.remap[39m[0m
[  98% ] [90m[1msavepack[22m | 正在保存文件：res://InheritanceTasks/Tasks/huangmei_xi.gd.remap[39m[0m
[  98% ] [90m[1msavepack[22m | 正在保存文件：res://InheritanceTasks/Tasks/han_ju.tscn.remap[39m[0m
[  98% ] [90m[1msavepack[22m | 正在保存文件：res://InheritanceTasks/Tasks/han_ju.gd.remap[39m[0m
[  98% ] [90m[1msavepack[22m | 正在保存文件：res://InheritanceTasks/Tasks/gu_pen_ge.tscn.remap[39m[0m
[  98% ] [90m[1msavepack[22m | 正在保存文件：res://InheritanceTasks/Tasks/gu_pen_ge.gd.remap[39m[0m
[  98% ] [90m[1msavepack[22m | 正在保存文件：res://InheritanceTasks/Tasks/ezhou_diaohua_jianzhi.tscn.remap[39m[0m
[  98% ] [90m[1msavepack[22m | 正在保存文件：res://InheritanceTasks/Tasks/ezhou_diaohua_jianzhi.gd.remap[39m[0m
[  98% ] [90m[1msavepack[22m | 正在保存文件：res://InheritanceTasks/Tasks/dong_yong_chuanshuo.tscn.remap[39m[0m
[  98% ] [90m[1msavepack[22m | 正在保存文件：res://InheritanceTasks/Tasks/dong_yong_chuanshuo.gd.remap[39m[0m
[  98% ] [90m[1msavepack[22m | 正在保存文件：res://InheritanceTasks/Presentation/tiqin_bow_motion.gd.remap[39m[0m
[  98% ] [90m[1msavepack[22m | 正在保存文件：res://InheritanceTasks/Art/Pixel/v2/resources/xia_lian_dan_shu.tres.remap[39m[0m
[  98% ] [90m[1msavepack[22m | 正在保存文件：res://InheritanceTasks/Art/Pixel/v2/resources/yandi_shennong_chuanshuo.tres.remap[39m[0m
[  98% ] [90m[1msavepack[22m | 正在保存文件：res://InheritanceTasks/Art/Pixel/v3/resources/dong_yong_chuanshuo.tres.remap[39m[0m
[  98% ] [90m[1msavepack[22m | 正在保存文件：res://InheritanceTasks/Art/Pixel/v3/resources/ezhou_diaohua_jianzhi.tres.remap[39m[0m
[  98% ] [90m[1msavepack[22m | 正在保存文件：res://InheritanceTasks/Art/Pixel/v3/resources/gu_pen_ge.tres.remap[39m[0m
[  98% ] [90m[1msavepack[22m | 正在保存文件：res://InheritanceTasks/Art/Pixel/v3/resources/han_ju.tres.remap[39m[0m
[  98% ] [90m[1msavepack[22m | 正在保存文件：res://InheritanceTasks/Art/Pixel/v3/resources/huangmei_xi.tres.remap[39m[0m
[  98% ] [90m[1msavepack[22m | 正在保存文件：res://InheritanceTasks/Art/Pixel/v3/resources/jingzhou_hua_gu_xi.tres.remap[39m[0m
[  98% ] [90m[1msavepack[22m | 正在保存文件：res://InheritanceTasks/Art/Pixel/v3/resources/laohekou_si_xian.tres.remap[39m[0m
[  98% ] [90m[1msavepack[22m | 正在保存文件：res://InheritanceTasks/Art/Pixel/v3/resources/tianmen_tang_su.tres.remap[39m[0m
[  98% ] [90m[1msavepack[22m | 正在保存文件：res://InheritanceTasks/Art/Pixel/v3/resources/ti_qin_xi.tres.remap[39m[0m
[  98% ] [90m[1msavepack[22m | 正在保存文件：res://InheritanceTasks/Art/Pixel/v3/resources/tujia_saye_erhe.tres.remap[39m[0m
[  98% ] [90m[1msavepack[22m | 正在保存文件：res://InheritanceTasks/Art/Pixel/v3/resources/xiabaoping_minjian_gushi.tres.remap[39m[0m
[  98% ] [90m[1msavepack[22m | 正在保存文件：res://InheritanceTasks/Art/Pixel/v3/resources/xia_lian_dan_shu.tres.remap[39m[0m
[  98% ] [90m[1msavepack[22m | 正在保存文件：res://InheritanceTasks/Art/Pixel/v3/resources/xingshan_min_ge.tres.remap[39m[0m
[  98% ] [90m[1msavepack[22m | 正在保存文件：res://InheritanceTasks/Art/Pixel/v3/resources/xisai_shenzhou_hui.tres.remap[39m[0m
[  98% ] [90m[1msavepack[22m | 正在保存文件：res://InheritanceTasks/Art/Pixel/v3/resources/yandi_shennong_chuanshuo.tres.remap[39m[0m
[  98% ] [90m[1msavepack[22m | 正在保存文件：res://.godot/global_script_class_cache.cfg[39m[0m
[  98% ] [90m[1msavepack[22m | 正在保存文件：res://arts/branding-v2/logo-combined.png[39m[0m
[  98% ] [90m[1msavepack[22m | 正在保存文件：res://arts/ui-main-v1/home.png[39m[0m
[  98% ] [90m[1msavepack[22m | 正在保存文件：res://.godot/extension_list.cfg[39m[0m
[  98% ] [90m[1msavepack[22m | 正在保存文件：res://.godot/uid_cache.bin[39m[0m
[  98% ] [90m[1msavepack[22m | 正在保存文件：res://project.binary[39m[0m
[92m[ DONE ][39m [1msavepack[22m
[0m
