原始位置,回收数据位置,回收元数据位置,文件数,逻辑字节,回收UTC时间,内容核验
F:\Documents\楚物志\artifacts\action-story-v3,F:\$Recycle.Bin\S-1-5-21-1942464140-2856953516-1393776520-1001\$RY45WY2,F:\$RECYCLE.BIN\S-1-5-21-1942464140-2856953516-1393776520-1001\$IY45WY2,51,11896903,2026-09-17T20:00:49.4710000Z,SHA-256全部一致
F:\Documents\楚物志\artifacts\action-story-v3-art-import.log,F:\$Recycle.Bin\S-1-5-21-1942464140-2856953516-1393776520-1001\$R6YXPIQ.log,F:\$RECYCLE.BIN\S-1-5-21-1942464140-2856953516-1393776520-1001\$I6YXPIQ.log,1,18937,2026-09-17T20:00:50.1680000Z,SHA-256全部一致
F:\Documents\楚物志\artifacts\action-story-v3-art-tests.log,F:\$Recycle.Bin\S-1-5-21-1942464140-2856953516-1393776520-1001\$R2K5W32.log,F:\$RECYCLE.BIN\S-1-5-21-1942464140-2856953516-1393776520-1001\$I2K5W32.log,1,3322,2026-09-17T20:00:50.2390000Z,SHA-256全部一致
F:\Documents\楚物志\artifacts\action-story-v3-covers-import.log,F:\$Recycle.Bin\S-1-5-21-1942464140-2856953516-1393776520-1001\$RYTCHEG.log,F:\$RECYCLE.BIN\S-1-5-21-1942464140-2856953516-1393776520-1001\$IYTCHEG.log,1,7416,2026-09-17T20:00:50.3150000Z,SHA-256全部一致
F:\Documents\楚物志\artifacts\action-story-v3-final-clean.log,F:\$Recycle.Bin\S-1-5-21-1942464140-2856953516-1393776520-1001\$R629P03.log,F:\$RECYCLE.BIN\S-1-5-21-1942464140-2856953516-1393776520-1001\$I629P03.log,1,5008,2026-09-17T20:00:50.3890000Z,SHA-256全部一致
F:\Documents\楚物志\artifacts\action-story-v3-final-import.log,F:\$Recycle.Bin\S-1-5-21-1942464140-2856953516-1393776520-1001\$R16OPCP.log,F:\$RECYCLE.BIN\S-1-5-21-1942464140-2856953516-1393776520-1001\$I16OPCP.log,1,2436,2026-09-17T20:00:50.4580000Z,SHA-256全部一致
F:\Documents\楚物志\artifacts\action-story-v3-final-tests.log,F:\$Recycle.Bin\S-1-5-21-1942464140-2856953516-1393776520-1001\$R1JW6B8.log,F:\$RECYCLE.BIN\S-1-5-21-1942464140-2856953516-1393776520-1001\$I1JW6B8.log,1,16277,2026-09-17T20:00:50.5230000Z,SHA-256全部一致
F:\Documents\楚物志\artifacts\action-story-v3-followup.log,F:\$Recycle.Bin\S-1-5-21-1942464140-2856953516-1393776520-1001\$RZTZYIA.log,F:\$RECYCLE.BIN\S-1-5-21-1942464140-2856953516-1393776520-1001\$IZTZYIA.log,1,3195,2026-09-17T20:00:50.5840000Z,SHA-256全部一致
F:\Documents\楚物志\artifacts\action-story-v3-gut.log,F:\$Recycle.Bin\S-1-5-21-1942464140-2856953516-1393776520-1001\$R1JD6XY.log,F:\$RECYCLE.BIN\S-1-5-21-1942464140-2856953516-1393776520-1001\$I1JD6XY.log,1,2177,2026-09-17T20:00:50.6640000Z,SHA-256全部一致
F:\Documents\楚物志\artifacts\action-story-v3-mixed-final.log,F:\$Recycle.Bin\S-1-5-21-1942464140-2856953516-1393776520-1001\$R7N6350.log,F:\$RECYCLE.BIN\S-1-5-21-1942464140-2856953516-1393776520-1001\$I7N6350.log,1,5250,2026-09-17T20:00:50.7380000Z,SHA-256全部一致
F:\Documents\楚物志\artifacts\action-story-v3-mixed-fixed.log,F:\$Recycle.Bin\S-1-5-21-1942464140-2856953516-1393776520-1001\$RB5Y8DY.log,F:\$RECYCLE.BIN\S-1-5-21-1942464140-2856953516-1393776520-1001\$IB5Y8DY.log,1,3756,2026-09-17T20:00:50.8160000Z,SHA-256全部一致
F:\Documents\楚物志\artifacts\action-story-v3-render-final.log,F:\$Recycle.Bin\S-1-5-21-1942464140-2856953516-1393776520-1001\$R26NXQJ.log,F:\$RECYCLE.BIN\S-1-5-21-1942464140-2856953516-1393776520-1001\$I26NXQJ.log,1,1216,2026-09-17T20:00:50.8870000Z,SHA-256全部一致
F:\Documents\楚物志\artifacts\action-story-v3-render.log,F:\$Recycle.Bin\S-1-5-21-1942464140-2856953516-1393776520-1001\$ROP929F.log,F:\$RECYCLE.BIN\S-1-5-21-1942464140-2856953516-1393776520-1001\$IOP929F.log,1,1216,2026-09-17T20:00:50.9870000Z,SHA-256全部一致
F:\Documents\楚物志\artifacts\adjust_tutorial_layout.py,F:\$Recycle.Bin\S-1-5-21-1942464140-2856953516-1393776520-1001\$RG6ZSBL.py,F:\$RECYCLE.BIN\S-1-5-21-1942464140-2856953516-1393776520-1001\$IG6ZSBL.py,1,1124,2026-09-17T20:00:51.0650000Z,SHA-256全部一致
F:\Documents\楚物志\artifacts\ai-baseline-final-0.json,F:\$Recycle.Bin\S-1-5-21-1942464140-2856953516-1393776520-1001\$RP6GYYB.json,F:\$RECYCLE.BIN\S-1-5-21-1942464140-2856953516-1393776520-1001\$IP6GYYB.json,1,266252,2026-09-17T20:00:51.1450000Z,SHA-256全部一致
F:\Documents\楚物志\artifacts\ai-baseline-final-0.log,F:\$Recycle.Bin\S-1-5-21-1942464140-2856953516-1393776520-1001\$R14GLYF.log,F:\$RECYCLE.BIN\S-1-5-21-1942464140-2856953516-1393776520-1001\$I14GLYF.log,1,534481,2026-09-17T20:00:51.2180000Z,SHA-256全部一致
F:\Documents\楚物志\artifacts\ai-baseline-final-1.json,F:\$Recycle.Bin\S-1-5-21-1942464140-2856953516-1393776520-1001\$RI9P0CZ.json,F:\$RECYCLE.BIN\S-1-5-21-1942464140-2856953516-1393776520-1001\$II9P0CZ.json,1,392046,2026-09-17T20:00:51.3100000Z,SHA-256全部一致
F:\Documents\楚物志\artifacts\ai-baseline-final-1.log,F:\$Recycle.Bin\S-1-5-21-1942464140-2856953516-1393776520-1001\$RM4GEB0.log,F:\$RECYCLE.BIN\S-1-5-21-1942464140-2856953516-1393776520-1001\$IM4GEB0.log,1,1026136,2026-09-17T20:00:51.3900000Z,SHA-256全部一致
F:\Documents\楚物志\artifacts\ai-baseline-final-2.json,F:\$Recycle.Bin\S-1-5-21-1942464140-2856953516-1393776520-1001\$RG2NIPW.json,F:\$RECYCLE.BIN\S-1-5-21-1942464140-2856953516-1393776520-1001\$IG2NIPW.json,1,362957,2026-09-17T20:00:51.4780000Z,SHA-256全部一致
F:\Documents\楚物志\artifacts\ai-baseline-final-2.log,F:\$Recycle.Bin\S-1-5-21-1942464140-2856953516-1393776520-1001\$RMCOAKS.log,F:\$RECYCLE.BIN\S-1-5-21-1942464140-2856953516-1393776520-1001\$IMCOAKS.log,1,746116,2026-09-17T20:00:51.5610000Z,SHA-256全部一致
F:\Documents\楚物志\artifacts\ai-baseline-pilot.json,F:\$Recycle.Bin\S-1-5-21-1942464140-2856953516-1393776520-1001\$RECMKBX.json,F:\$RECYCLE.BIN\S-1-5-21-1942464140-2856953516-1393776520-1001\$IECMKBX.json,1,27295,2026-09-17T20:00:51.6650000Z,SHA-256全部一致
F:\Documents\楚物志\artifacts\ai-baseline-pilot.log,F:\$Recycle.Bin\S-1-5-21-1942464140-2856953516-1393776520-1001\$RGWYMDE.log,F:\$RECYCLE.BIN\S-1-5-21-1942464140-2856953516-1393776520-1001\$IGWYMDE.log,1,51469,2026-09-17T20:00:51.7490000Z,SHA-256全部一致
F:\Documents\楚物志\artifacts\ai-beta-final.log,F:\$Recycle.Bin\S-1-5-21-1942464140-2856953516-1393776520-1001\$RN8AQ8W.log,F:\$RECYCLE.BIN\S-1-5-21-1942464140-2856953516-1393776520-1001\$IN8AQ8W.log,1,0,2026-09-17T20:00:51.8260000Z,SHA-256全部一致
F:\Documents\楚物志\artifacts\ai-beta-final2.log,F:\$Recycle.Bin\S-1-5-21-1942464140-2856953516-1393776520-1001\$RMEA5AG.log,F:\$RECYCLE.BIN\S-1-5-21-1942464140-2856953516-1393776520-1001\$IMEA5AG.log,1,58,2026-09-17T20:00:51.9180000Z,SHA-256全部一致
F:\Documents\楚物志\artifacts\ai-beta.log,F:\$Recycle.Bin\S-1-5-21-1942464140-2856953516-1393776520-1001\$RSI6XH7.log,F:\$RECYCLE.BIN\S-1-5-21-1942464140-2856953516-1393776520-1001\$ISI6XH7.log,1,0,2026-09-17T20:00:52.0410000Z,SHA-256全部一致
F:\Documents\楚物志\artifacts\ai-calibration-01-r13.json,F:\$Recycle.Bin\S-1-5-21-1942464140-2856953516-1393776520-1001\$RD641KK.json,F:\$RECYCLE.BIN\S-1-5-21-1942464140-2856953516-1393776520-1001\$ID641KK.json,1,1191633,2026-09-17T20:00:52.1320000Z,SHA-256全部一致
F:\Documents\楚物志\artifacts\ai-calibration-01-r13.log,F:\$Recycle.Bin\S-1-5-21-1942464140-2856953516-1393776520-1001\$RPMN95S.log,F:\$RECYCLE.BIN\S-1-5-21-1942464140-2856953516-1393776520-1001\$IPMN95S.log,1,4430426,2026-09-17T20:00:52.2350000Z,SHA-256全部一致
F:\Documents\楚物志\artifacts\ai-calibration-01.json,F:\$Recycle.Bin\S-1-5-21-1942464140-2856953516-1393776520-1001\$RRYSLLD.json,F:\$RECYCLE.BIN\S-1-5-21-1942464140-2856953516-1393776520-1001\$IRYSLLD.json,1,339870,2026-09-17T20:00:52.3280000Z,SHA-256全部一致
F:\Documents\楚物志\artifacts\ai-calibration-01.log,F:\$Recycle.Bin\S-1-5-21-1942464140-2856953516-1393776520-1001\$R2AR2W5.log,F:\$RECYCLE.BIN\S-1-5-21-1942464140-2856953516-1393776520-1001\$I2AR2W5.log,1,1037311,2026-09-17T20:00:52.4220000Z,SHA-256全部一致
F:\Documents\楚物志\artifacts\ai-calibration-12-full.json,F:\$Recycle.Bin\S-1-5-21-1942464140-2856953516-1393776520-1001\$RPC4WWW.json,F:\$RECYCLE.BIN\S-1-5-21-1942464140-2856953516-1393776520-1001\$IPC4WWW.json,1,1124839,2026-09-17T20:00:52.5230000Z,SHA-256全部一致
F:\Documents\楚物志\artifacts\ai-calibration-12-full.log,F:\$Recycle.Bin\S-1-5-21-1942464140-2856953516-1393776520-1001\$RLF2YBB.log,F:\$RECYCLE.BIN\S-1-5-21-1942464140-2856953516-1393776520-1001\$ILF2YBB.log,1,3492333,2026-09-17T20:00:52.6200000Z,SHA-256全部一致
F:\Documents\楚物志\artifacts\ai-calibration-12-r10.json,F:\$Recycle.Bin\S-1-5-21-1942464140-2856953516-1393776520-1001\$RYGQ1G6.json,F:\$RECYCLE.BIN\S-1-5-21-1942464140-2856953516-1393776520-1001\$IYGQ1G6.json,1,364762,2026-09-17T20:00:52.7310000Z,SHA-256全部一致
F:\Documents\楚物志\artifacts\ai-calibration-12-r10.log,F:\$Recycle.Bin\S-1-5-21-1942464140-2856953516-1393776520-1001\$RUT56SL.log,F:\$RECYCLE.BIN\S-1-5-21-1942464140-2856953516-1393776520-1001\$IUT56SL.log,1,1427344,2026-09-17T20:00:52.8060000Z,SHA-256全部一致
F:\Documents\楚物志\artifacts\ai-calibration-12-r11.log,F:\$Recycle.Bin\S-1-5-21-1942464140-2856953516-1393776520-1001\$R5EOSP7.log,F:\$RECYCLE.BIN\S-1-5-21-1942464140-2856953516-1393776520-1001\$I5EOSP7.log,1,25954,2026-09-17T20:00:52.9170000Z,SHA-256全部一致
F:\Documents\楚物志\artifacts\ai-calibration-12-r12.log,F:\$Recycle.Bin\S-1-5-21-1942464140-2856953516-1393776520-1001\$R3C6BYF.log,F:\$RECYCLE.BIN\S-1-5-21-1942464140-2856953516-1393776520-1001\$I3C6BYF.log,1,2546668,2026-09-17T20:00:53.0110000Z,SHA-256全部一致
F:\Documents\楚物志\artifacts\ai-calibration-12-r13.json,F:\$Recycle.Bin\S-1-5-21-1942464140-2856953516-1393776520-1001\$RC2KXWR.json,F:\$RECYCLE.BIN\S-1-5-21-1942464140-2856953516-1393776520-1001\$IC2KXWR.json,1,1161983,2026-09-17T20:00:53.1080000Z,SHA-256全部一致
F:\Documents\楚物志\artifacts\ai-calibration-12-r13.log,F:\$Recycle.Bin\S-1-5-21-1942464140-2856953516-1393776520-1001\$RC0EON2.log,F:\$RECYCLE.BIN\S-1-5-21-1942464140-2856953516-1393776520-1001\$IC0EON2.log,1,3932637,2026-09-17T20:00:53.2260000Z,SHA-256全部一致
F:\Documents\楚物志\artifacts\ai-calibration-12-r2.json,F:\$Recycle.Bin\S-1-5-21-1942464140-2856953516-1393776520-1001\$RYL4FUO.json,F:\$RECYCLE.BIN\S-1-5-21-1942464140-2856953516-1393776520-1001\$IYL4FUO.json,1,311428,2026-09-17T20:00:53.3310000Z,SHA-256全部一致
F:\Documents\楚物志\artifacts\ai-calibration-12-r2.log,F:\$Recycle.Bin\S-1-5-21-1942464140-2856953516-1393776520-1001\$R17FC5I.log,F:\$RECYCLE.BIN\S-1-5-21-1942464140-2856953516-1393776520-1001\$I17FC5I.log,1,1045019,2026-09-17T20:00:53.4590000Z,SHA-256全部一致
F:\Documents\楚物志\artifacts\ai-calibration-12-r3.log,F:\$Recycle.Bin\S-1-5-21-1942464140-2856953516-1393776520-1001\$RV9NPZW.log,F:\$RECYCLE.BIN\S-1-5-21-1942464140-2856953516-1393776520-1001\$IV9NPZW.log,1,170899,2026-09-17T20:00:53.5760000Z,SHA-256全部一致
F:\Documents\楚物志\artifacts\ai-calibration-12-r4.json,F:\$Recycle.Bin\S-1-5-21-1942464140-2856953516-1393776520-1001\$RLBSOHI.json,F:\$RECYCLE.BIN\S-1-5-21-1942464140-2856953516-1393776520-1001\$ILBSOHI.json,1,330414,2026-09-17T20:00:53.7000000Z,SHA-256全部一致
F:\Documents\楚物志\artifacts\ai-calibration-12-r4.log,F:\$Recycle.Bin\S-1-5-21-1942464140-2856953516-1393776520-1001\$RJWMU3I.log,F:\$RECYCLE.BIN\S-1-5-21-1942464140-2856953516-1393776520-1001\$IJWMU3I.log,1,965060,2026-09-17T20:00:53.7960000Z,SHA-256全部一致
F:\Documents\楚物志\artifacts\ai-calibration-12-r5.json,F:\$Recycle.Bin\S-1-5-21-1942464140-2856953516-1393776520-1001\$R5CG51K.json,F:\$RECYCLE.BIN\S-1-5-21-1942464140-2856953516-1393776520-1001\$I5CG51K.json,1,336033,2026-09-17T20:00:53.9170000Z,SHA-256全部一致
F:\Documents\楚物志\artifacts\ai-calibration-12-r5.log,F:\$Recycle.Bin\S-1-5-21-1942464140-2856953516-1393776520-1001\$RDM2S3L.log,F:\$RECYCLE.BIN\S-1-5-21-1942464140-2856953516-1393776520-1001\$IDM2S3L.log,1,1017014,2026-09-17T20:00:54.0140000Z,SHA-256全部一致
F:\Documents\楚物志\artifacts\ai-calibration-12-r5full.json,F:\$Recycle.Bin\S-1-5-21-1942464140-2856953516-1393776520-1001\$RXNIMY2.json,F:\$RECYCLE.BIN\S-1-5-21-1942464140-2856953516-1393776520-1001\$IXNIMY2.json,1,1162627,2026-09-17T20:00:54.1350000Z,SHA-256全部一致
F:\Documents\楚物志\artifacts\ai-calibration-12-r5full.log,F:\$Recycle.Bin\S-1-5-21-1942464140-2856953516-1393776520-1001\$R6CL35W.log,F:\$RECYCLE.BIN\S-1-5-21-1942464140-2856953516-1393776520-1001\$I6CL35W.log,1,3800110,2026-09-17T20:00:54.2540000Z,SHA-256全部一致
F:\Documents\楚物志\artifacts\ai-calibration-12-r6.json,F:\$Recycle.Bin\S-1-5-21-1942464140-2856953516-1393776520-1001\$RPJLOZL.json,F:\$RECYCLE.BIN\S-1-5-21-1942464140-2856953516-1393776520-1001\$IPJLOZL.json,1,1184141,2026-09-17T20:00:54.3840000Z,SHA-256全部一致
F:\Documents\楚物志\artifacts\ai-calibration-12-r6.log,F:\$Recycle.Bin\S-1-5-21-1942464140-2856953516-1393776520-1001\$RLI8PU3.log,F:\$RECYCLE.BIN\S-1-5-21-1942464140-2856953516-1393776520-1001\$ILI8PU3.log,1,3907891,2026-09-17T20:00:54.4870000Z,SHA-256全部一致
F:\Documents\楚物志\artifacts\ai-calibration-12-r7.json,F:\$Recycle.Bin\S-1-5-21-1942464140-2856953516-1393776520-1001\$RNBPYCS.json,F:\$RECYCLE.BIN\S-1-5-21-1942464140-2856953516-1393776520-1001\$INBPYCS.json,1,1154736,2026-09-17T20:00:54.6150000Z,SHA-256全部一致
F:\Documents\楚物志\artifacts\ai-calibration-12-r7.log,F:\$Recycle.Bin\S-1-5-21-1942464140-2856953516-1393776520-1001\$R20LDUT.log,F:\$RECYCLE.BIN\S-1-5-21-1942464140-2856953516-1393776520-1001\$I20LDUT.log,1,3836112,2026-09-17T20:00:54.7250000Z,SHA-256全部一致
F:\Documents\楚物志\artifacts\ai-calibration-12-r8.log,F:\$Recycle.Bin\S-1-5-21-1942464140-2856953516-1393776520-1001\$R1SXX31.log,F:\$RECYCLE.BIN\S-1-5-21-1942464140-2856953516-1393776520-1001\$I1SXX31.log,1,2128095,2026-09-17T20:00:54.8530000Z,SHA-256全部一致
F:\Documents\楚物志\artifacts\ai-calibration-12-r9.log,F:\$Recycle.Bin\S-1-5-21-1942464140-2856953516-1393776520-1001\$RXY2L08.log,F:\$RECYCLE.BIN\S-1-5-21-1942464140-2856953516-1393776520-1001\$IXY2L08.log,1,1194577,2026-09-17T20:00:54.9660000Z,SHA-256全部一致
F:\Documents\楚物志\artifacts\ai-calibration-12.json,F:\$Recycle.Bin\S-1-5-21-1942464140-2856953516-1393776520-1001\$RTFIX1U.json,F:\$RECYCLE.BIN\S-1-5-21-1942464140-2856953516-1393776520-1001\$ITFIX1U.json,1,332483,2026-09-17T20:00:55.0890000Z,SHA-256全部一致
F:\Documents\楚物志\artifacts\ai-calibration-12.log,F:\$Recycle.Bin\S-1-5-21-1942464140-2856953516-1393776520-1001\$R29OLCT.log,F:\$RECYCLE.BIN\S-1-5-21-1942464140-2856953516-1393776520-1001\$I29OLCT.log,1,972733,2026-09-17T20:00:55.2220000Z,SHA-256全部一致
F:\Documents\楚物志\artifacts\ai-clock-120.json,F:\$Recycle.Bin\S-1-5-21-1942464140-2856953516-1393776520-1001\$RWUN86J.json,F:\$RECYCLE.BIN\S-1-5-21-1942464140-2856953516-1393776520-1001\$IWUN86J.json,1,14178,2026-09-17T20:00:55.3460000Z,SHA-256全部一致
F:\Documents\楚物志\artifacts\ai-clock-120.log,F:\$Recycle.Bin\S-1-5-21-1942464140-2856953516-1393776520-1001\$RYHTNYG.log,F:\$RECYCLE.BIN\S-1-5-21-1942464140-2856953516-1393776520-1001\$IYHTNYG.log,1,40719,2026-09-17T20:00:55.4600000Z,SHA-256全部一致
F:\Documents\楚物志\artifacts\ai-code-manifest.json,F:\$Recycle.Bin\S-1-5-21-1942464140-2856953516-1393776520-1001\$RR0BNHS.json,F:\$RECYCLE.BIN\S-1-5-21-1942464140-2856953516-1393776520-1001\$IR0BNHS.json,1,1769,2026-09-17T20:00:55.5650000Z,SHA-256全部一致
F:\Documents\楚物志\artifacts\ai-difficulties-final,F:\$Recycle.Bin\S-1-5-21-1942464140-2856953516-1393776520-1001\$RE8HK4T,F:\$RECYCLE.BIN\S-1-5-21-1942464140-2856953516-1393776520-1001\$IE8HK4T,54,76441509,2026-09-17T20:00:55.8990000Z,SHA-256全部一致
F:\Documents\楚物志\artifacts\ai-difficulty-acceptance-r20.log,F:\$Recycle.Bin\S-1-5-21-1942464140-2856953516-1393776520-1001\$R41GWS7.log,F:\$RECYCLE.BIN\S-1-5-21-1942464140-2856953516-1393776520-1001\$I41GWS7.log,1,1050,2026-09-17T20:00:56.7010000Z,SHA-256全部一致
F:\Documents\楚物志\artifacts\ai-difficulty-acceptance.log,F:\$Recycle.Bin\S-1-5-21-1942464140-2856953516-1393776520-1001\$RWGHJD5.log,F:\$RECYCLE.BIN\S-1-5-21-1942464140-2856953516-1393776520-1001\$IWGHJD5.log,1,1067,2026-09-17T20:00:56.8320000Z,SHA-256全部一致
F:\Documents\楚物志\artifacts\ai-difficulty-baseline,F:\$Recycle.Bin\S-1-5-21-1942464140-2856953516-1393776520-1001\$RVLAK9L,F:\$RECYCLE.BIN\S-1-5-21-1942464140-2856953516-1393776520-1001\$IVLAK9L,4,958264570,2026-09-17T20:00:58.0580000Z,SHA-256全部一致
F:\Documents\楚物志\artifacts\ai-difficulty-beta-complete.log,F:\$Recycle.Bin\S-1-5-21-1942464140-2856953516-1393776520-1001\$R9Q0ZSF.log,F:\$RECYCLE.BIN\S-1-5-21-1942464140-2856953516-1393776520-1001\$I9Q0ZSF.log,1,58,2026-09-17T20:00:59.7090000Z,SHA-256全部一致
F:\Documents\楚物志\artifacts\ai-difficulty-beta-current.log,F:\$Recycle.Bin\S-1-5-21-1942464140-2856953516-1393776520-1001\$RIMZA1P.log,F:\$RECYCLE.BIN\S-1-5-21-1942464140-2856953516-1393776520-1001\$IIMZA1P.log,1,58,2026-09-17T20:00:59.8370000Z,SHA-256全部一致
F:\Documents\楚物志\artifacts\ai-difficulty-beta-final-r20.log,F:\$Recycle.Bin\S-1-5-21-1942464140-2856953516-1393776520-1001\$RHKDQKS.log,F:\$RECYCLE.BIN\S-1-5-21-1942464140-2856953516-1393776520-1001\$IHKDQKS.log,1,0,2026-09-17T20:00:59.9450000Z,SHA-256全部一致
F:\Documents\楚物志\artifacts\ai-difficulty-beta-final.log,F:\$Recycle.Bin\S-1-5-21-1942464140-2856953516-1393776520-1001\$RZHK6FX.log,F:\$RECYCLE.BIN\S-1-5-21-1942464140-2856953516-1393776520-1001\$IZHK6FX.log,1,0,2026-09-17T20:01:00.0520000Z,SHA-256全部一致
F:\Documents\楚物志\artifacts\ai-difficulty-beta-r14.log,F:\$Recycle.Bin\S-1-5-21-1942464140-2856953516-1393776520-1001\$RMR8TZM.log,F:\$RECYCLE.BIN\S-1-5-21-1942464140-2856953516-1393776520-1001\$IMR8TZM.log,1,58,2026-09-17T20:01:00.1700000Z,SHA-256全部一致
F:\Documents\楚物志\artifacts\ai-difficulty-beta.log,F:\$Recycle.Bin\S-1-5-21-1942464140-2856953516-1393776520-1001\$R8C6Y37.log,F:\$RECYCLE.BIN\S-1-5-21-1942464140-2856953516-1393776520-1001\$I8C6Y37.log,1,0,2026-09-17T20:01:00.2800000Z,SHA-256全部一致
F:\Documents\楚物志\artifacts\ai-difficulty-fairness-final.log,F:\$Recycle.Bin\S-1-5-21-1942464140-2856953516-1393776520-1001\$R9DOTN3.log,F:\$RECYCLE.BIN\S-1-5-21-1942464140-2856953516-1393776520-1001\$I9DOTN3.log,1,21170,2026-09-17T20:01:00.4020000Z,SHA-256全部一致
F:\Documents\楚物志\artifacts\ai-difficulty-final-continuation.log,F:\$Recycle.Bin\S-1-5-21-1942464140-2856953516-1393776520-1001\$RR6QFET.log,F:\$RECYCLE.BIN\S-1-5-21-1942464140-2856953516-1393776520-1001\$IR6QFET.log,1,347,2026-09-17T20:01:00.5480000Z,SHA-256全部一致
F:\Documents\楚物志\artifacts\ai-difficulty-final-layout.log,F:\$Recycle.Bin\S-1-5-21-1942464140-2856953516-1393776520-1001\$RQTSOSC.log,F:\$RECYCLE.BIN\S-1-5-21-1942464140-2856953516-1393776520-1001\$IQTSOSC.log,1,2560,2026-09-17T20:01:00.6930000Z,SHA-256全部一致
F:\Documents\楚物志\artifacts\ai-difficulty-gamepad-gui.log,F:\$Recycle.Bin\S-1-5-21-1942464140-2856953516-1393776520-1001\$R0OE215.log,F:\$RECYCLE.BIN\S-1-5-21-1942464140-2856953516-1393776520-1001\$I0OE215.log,1,2175,2026-09-17T20:01:00.8400000Z,SHA-256全部一致
F:\Documents\楚物志\artifacts\ai-difficulty-gamepad-gui2.log,F:\$Recycle.Bin\S-1-5-21-1942464140-2856953516-1393776520-1001\$RPSSYZE.log,F:\$RECYCLE.BIN\S-1-5-21-1942464140-2856953516-1393776520-1001\$IPSSYZE.log,1,2587,2026-09-17T20:01:55.3250000Z,SHA-256全部一致
F:\Documents\楚物志\artifacts\ai-difficulty-gamepad-gui3.log,F:\$Recycle.Bin\S-1-5-21-1942464140-2856953516-1393776520-1001\$R6WQNFM.log,F:\$RECYCLE.BIN\S-1-5-21-1942464140-2856953516-1393776520-1001\$I6WQNFM.log,1,2560,2026-09-17T20:01:55.5420000Z,SHA-256全部一致
F:\Documents\楚物志\artifacts\ai-difficulty-games-gui-final-r20.log,F:\$Recycle.Bin\S-1-5-21-1942464140-2856953516-1393776520-1001\$RR1IPX6.log,F:\$RECYCLE.BIN\S-1-5-21-1942464140-2856953516-1393776520-1001\$IR1IPX6.log,1,13275,2026-09-17T20:01:55.7260000Z,SHA-256全部一致
F:\Documents\楚物志\artifacts\ai-difficulty-games-gui-r13.log,F:\$Recycle.Bin\S-1-5-21-1942464140-2856953516-1393776520-1001\$RLRP67G.log,F:\$RECYCLE.BIN\S-1-5-21-1942464140-2856953516-1393776520-1001\$ILRP67G.log,1,13273,2026-09-17T20:01:55.9160000Z,SHA-256全部一致
F:\Documents\楚物志\artifacts\ai-difficulty-games-gui.log,F:\$Recycle.Bin\S-1-5-21-1942464140-2856953516-1393776520-1001\$R80FA1B.log,F:\$RECYCLE.BIN\S-1-5-21-1942464140-2856953516-1393776520-1001\$I80FA1B.log,1,28503,2026-09-17T20:01:56.0870000Z,SHA-256全部一致
F:\Documents\楚物志\artifacts\ai-difficulty-gui,F:\$Recycle.Bin\S-1-5-21-1942464140-2856953516-1393776520-1001\$RTS49P3,F:\$RECYCLE.BIN\S-1-5-21-1942464140-2856953516-1393776520-1001\$ITS49P3,17,12699818,2026-09-17T20:01:56.3870000Z,SHA-256全部一致
F:\Documents\楚物志\artifacts\ai-difficulty-gui-final.log,F:\$Recycle.Bin\S-1-5-21-1942464140-2856953516-1393776520-1001\$RILD2DV.log,F:\$RECYCLE.BIN\S-1-5-21-1942464140-2856953516-1393776520-1001\$IILD2DV.log,1,2148,2026-09-17T20:01:57.1890000Z,SHA-256全部一致
F:\Documents\楚物志\artifacts\ai-difficulty-gui.log,F:\$Recycle.Bin\S-1-5-21-1942464140-2856953516-1393776520-1001\$R84N5UF.log,F:\$RECYCLE.BIN\S-1-5-21-1942464140-2856953516-1393776520-1001\$I84N5UF.log,1,2754,2026-09-17T20:01:57.4100000Z,SHA-256全部一致
F:\Documents\楚物志\artifacts\ai-difficulty-heldout-final.log,F:\$Recycle.Bin\S-1-5-21-1942464140-2856953516-1393776520-1001\$RJTTL5G.log,F:\$RECYCLE.BIN\S-1-5-21-1942464140-2856953516-1393776520-1001\$IJTTL5G.log,1,0,2026-09-17T20:01:57.6070000Z,SHA-256全部一致
F:\Documents\楚物志\artifacts\ai-difficulty-heldout.log,F:\$Recycle.Bin\S-1-5-21-1942464140-2856953516-1393776520-1001\$RDN6NSE.log,F:\$RECYCLE.BIN\S-1-5-21-1942464140-2856953516-1393776520-1001\$IDN6NSE.log,1,0,2026-09-17T20:01:57.8340000Z,SHA-256全部一致
F:\Documents\楚物志\artifacts\ai-difficulty-import.log,F:\$Recycle.Bin\S-1-5-21-1942464140-2856953516-1393776520-1001\$R0D7JUG.log,F:\$RECYCLE.BIN\S-1-5-21-1942464140-2856953516-1393776520-1001\$I0D7JUG.log,1,1880,2026-09-17T20:01:58.0190000Z,SHA-256全部一致
F:\Documents\楚物志\artifacts\ai-difficulty-layout-final-r20.log,F:\$Recycle.Bin\S-1-5-21-1942464140-2856953516-1393776520-1001\$RILJ82D.log,F:\$RECYCLE.BIN\S-1-5-21-1942464140-2856953516-1393776520-1001\$IILJ82D.log,1,2560,2026-09-17T20:01:58.2160000Z,SHA-256全部一致
F:\Documents\楚物志\artifacts\ai-difficulty-matrix-final.log,F:\$Recycle.Bin\S-1-5-21-1942464140-2856953516-1393776520-1001\$RU0U48D.log,F:\$RECYCLE.BIN\S-1-5-21-1942464140-2856953516-1393776520-1001\$IU0U48D.log,1,0,2026-09-17T20:01:58.3930000Z,SHA-256全部一致
F:\Documents\楚物志\artifacts\ai-difficulty-matrix-r20.log,F:\$Recycle.Bin\S-1-5-21-1942464140-2856953516-1393776520-1001\$R73SEUF.log,F:\$RECYCLE.BIN\S-1-5-21-1942464140-2856953516-1393776520-1001\$I73SEUF.log,1,0,2026-09-17T20:01:58.5900000Z,SHA-256全部一致
F:\Documents\楚物志\artifacts\ai-difficulty-matrix-r20b.log,F:\$Recycle.Bin\S-1-5-21-1942464140-2856953516-1393776520-1001\$RTM0TU8.log,F:\$RECYCLE.BIN\S-1-5-21-1942464140-2856953516-1393776520-1001\$ITM0TU8.log,1,0,2026-09-17T20:01:58.7940000Z,SHA-256全部一致
F:\Documents\楚物志\artifacts\ai-difficulty-pilot.json,F:\$Recycle.Bin\S-1-5-21-1942464140-2856953516-1393776520-1001\$RP08QRX.json,F:\$RECYCLE.BIN\S-1-5-21-1942464140-2856953516-1393776520-1001\$IP08QRX.json,1,215406,2026-09-17T20:01:58.9830000Z,SHA-256全部一致
F:\Documents\楚物志\artifacts\ai-difficulty-pilot.log,F:\$Recycle.Bin\S-1-5-21-1942464140-2856953516-1393776520-1001\$RSNJ41D.log,F:\$RECYCLE.BIN\S-1-5-21-1942464140-2856953516-1393776520-1001\$ISNJ41D.log,1,678725,2026-09-17T20:01:59.1740000Z,SHA-256全部一致
F:\Documents\楚物志\artifacts\ai-difficulty-recovered-final.log,F:\$Recycle.Bin\S-1-5-21-1942464140-2856953516-1393776520-1001\$RTA700Z.log,F:\$RECYCLE.BIN\S-1-5-21-1942464140-2856953516-1393776520-1001\$ITA700Z.log,1,247,2026-09-17T20:01:59.3780000Z,SHA-256全部一致
F:\Documents\楚物志\artifacts\ai-difficulty-review.patch,F:\$Recycle.Bin\S-1-5-21-1942464140-2856953516-1393776520-1001\$RMNEQ1R.patch,F:\$RECYCLE.BIN\S-1-5-21-1942464140-2856953516-1393776520-1001\$IMNEQ1R.patch,1,70513,2026-09-17T20:01:59.5930000Z,SHA-256全部一致
F:\Documents\楚物志\artifacts\ai-difficulty-six-seat-gui.log,F:\$Recycle.Bin\S-1-5-21-1942464140-2856953516-1393776520-1001\$R7F4SWR.log,F:\$RECYCLE.BIN\S-1-5-21-1942464140-2856953516-1393776520-1001\$I7F4SWR.log,1,2560,2026-09-17T20:01:59.7770000Z,SHA-256全部一致
F:\Documents\楚物志\artifacts\ai-difficulty-tests-final.log,F:\$Recycle.Bin\S-1-5-21-1942464140-2856953516-1393776520-1001\$RB3CLLQ.log,F:\$RECYCLE.BIN\S-1-5-21-1942464140-2856953516-1393776520-1001\$IB3CLLQ.log,1,21146,2026-09-17T20:02:00.0440000Z,SHA-256全部一致
F:\Documents\楚物志\artifacts\ai-difficulty-tests.log,F:\$Recycle.Bin\S-1-5-21-1942464140-2856953516-1393776520-1001\$R5TQTYY.log,F:\$RECYCLE.BIN\S-1-5-21-1942464140-2856953516-1393776520-1001\$I5TQTYY.log,1,15998,2026-09-17T20:02:00.2600000Z,SHA-256全部一致
F:\Documents\楚物志\artifacts\ai-difficulty-tests10.log,F:\$Recycle.Bin\S-1-5-21-1942464140-2856953516-1393776520-1001\$R202WTC.log,F:\$RECYCLE.BIN\S-1-5-21-1942464140-2856953516-1393776520-1001\$I202WTC.log,1,17361,2026-09-17T20:02:00.4610000Z,SHA-256全部一致
F:\Documents\楚物志\artifacts\ai-difficulty-tests11.log,F:\$Recycle.Bin\S-1-5-21-1942464140-2856953516-1393776520-1001\$RRS0Z5X.log,F:\$RECYCLE.BIN\S-1-5-21-1942464140-2856953516-1393776520-1001\$IRS0Z5X.log,1,17410,2026-09-17T20:02:00.6650000Z,SHA-256全部一致
F:\Documents\楚物志\artifacts\ai-difficulty-tests12.log,F:\$Recycle.Bin\S-1-5-21-1942464140-2856953516-1393776520-1001\$RGM5DNZ.log,F:\$RECYCLE.BIN\S-1-5-21-1942464140-2856953516-1393776520-1001\$IGM5DNZ.log,1,55136,2026-09-17T20:02:00.8660000Z,SHA-256全部一致
F:\Documents\楚物志\artifacts\ai-difficulty-tests13.log,F:\$Recycle.Bin\S-1-5-21-1942464140-2856953516-1393776520-1001\$R9EF3H1.log,F:\$RECYCLE.BIN\S-1-5-21-1942464140-2856953516-1393776520-1001\$I9EF3H1.log,1,17607,2026-09-17T20:02:01.0850000Z,SHA-256全部一致
F:\Documents\楚物志\artifacts\ai-difficulty-tests14.log,F:\$Recycle.Bin\S-1-5-21-1942464140-2856953516-1393776520-1001\$R47OMJ0.log,F:\$RECYCLE.BIN\S-1-5-21-1942464140-2856953516-1393776520-1001\$I47OMJ0.log,1,17607,2026-09-17T20:02:01.2850000Z,SHA-256全部一致
F:\Documents\楚物志\artifacts\ai-difficulty-tests15.log,F:\$Recycle.Bin\S-1-5-21-1942464140-2856953516-1393776520-1001\$RHYOCFF.log,F:\$RECYCLE.BIN\S-1-5-21-1942464140-2856953516-1393776520-1001\$IHYOCFF.log,1,17606,2026-09-17T20:02:01.5000000Z,SHA-256全部一致
F:\Documents\楚物志\artifacts\ai-difficulty-tests16.log,F:\$Recycle.Bin\S-1-5-21-1942464140-2856953516-1393776520-1001\$R35QMLA.log,F:\$RECYCLE.BIN\S-1-5-21-1942464140-2856953516-1393776520-1001\$I35QMLA.log,1,17606,2026-09-17T20:02:01.7030000Z,SHA-256全部一致
F:\Documents\楚物志\artifacts\ai-difficulty-tests17.log,F:\$Recycle.Bin\S-1-5-21-1942464140-2856953516-1393776520-1001\$RSQWUQ1.log,F:\$RECYCLE.BIN\S-1-5-21-1942464140-2856953516-1393776520-1001\$ISQWUQ1.log,1,17606,2026-09-17T20:02:01.9930000Z,SHA-256全部一致
F:\Documents\楚物志\artifacts\ai-difficulty-tests18.log,F:\$Recycle.Bin\S-1-5-21-1942464140-2856953516-1393776520-1001\$R1YT0LT.log,F:\$RECYCLE.BIN\S-1-5-21-1942464140-2856953516-1393776520-1001\$I1YT0LT.log,1,17674,2026-09-17T20:02:02.2480000Z,SHA-256全部一致
F:\Documents\楚物志\artifacts\ai-difficulty-tests19.log,F:\$Recycle.Bin\S-1-5-21-1942464140-2856953516-1393776520-1001\$RN6029O.log,F:\$RECYCLE.BIN\S-1-5-21-1942464140-2856953516-1393776520-1001\$IN6029O.log,1,114058,2026-09-17T20:02:02.4940000Z,SHA-256全部一致
F:\Documents\楚物志\artifacts\ai-difficulty-tests2.log,F:\$Recycle.Bin\S-1-5-21-1942464140-2856953516-1393776520-1001\$RN3NCRY.log,F:\$RECYCLE.BIN\S-1-5-21-1942464140-2856953516-1393776520-1001\$IN3NCRY.log,1,34150,2026-09-17T20:02:02.7380000Z,SHA-256全部一致
F:\Documents\楚物志\artifacts\ai-difficulty-tests3.log,F:\$Recycle.Bin\S-1-5-21-1942464140-2856953516-1393776520-1001\$RDCBS8B.log,F:\$RECYCLE.BIN\S-1-5-21-1942464140-2856953516-1393776520-1001\$IDCBS8B.log,1,16698,2026-09-17T20:02:02.9590000Z,SHA-256全部一致
F:\Documents\楚物志\artifacts\ai-difficulty-tests4.log,F:\$Recycle.Bin\S-1-5-21-1942464140-2856953516-1393776520-1001\$RKCYDLN.log,F:\$RECYCLE.BIN\S-1-5-21-1942464140-2856953516-1393776520-1001\$IKCYDLN.log,1,16698,2026-09-17T20:02:03.2070000Z,SHA-256全部一致
F:\Documents\楚物志\artifacts\ai-difficulty-tests5.log,F:\$Recycle.Bin\S-1-5-21-1942464140-2856953516-1393776520-1001\$RZDZIYX.log,F:\$RECYCLE.BIN\S-1-5-21-1942464140-2856953516-1393776520-1001\$IZDZIYX.log,1,16698,2026-09-17T20:02:03.4370000Z,SHA-256全部一致
F:\Documents\楚物志\artifacts\ai-difficulty-tests6.log,F:\$Recycle.Bin\S-1-5-21-1942464140-2856953516-1393776520-1001\$R4LE616.log,F:\$RECYCLE.BIN\S-1-5-21-1942464140-2856953516-1393776520-1001\$I4LE616.log,1,16698,2026-09-17T20:02:03.6400000Z,SHA-256全部一致
F:\Documents\楚物志\artifacts\ai-difficulty-tests7.log,F:\$Recycle.Bin\S-1-5-21-1942464140-2856953516-1393776520-1001\$RGYMMOL.log,F:\$RECYCLE.BIN\S-1-5-21-1942464140-2856953516-1393776520-1001\$IGYMMOL.log,1,19036,2026-09-17T20:02:03.8700000Z,SHA-256全部一致
F:\Documents\楚物志\artifacts\ai-difficulty-tests8.log,F:\$Recycle.Bin\S-1-5-21-1942464140-2856953516-1393776520-1001\$ROMRBTZ.log,F:\$RECYCLE.BIN\S-1-5-21-1942464140-2856953516-1393776520-1001\$IOMRBTZ.log,1,16878,2026-09-17T20:02:04.1120000Z,SHA-256全部一致
F:\Documents\楚物志\artifacts\ai-difficulty-tests9.log,F:\$Recycle.Bin\S-1-5-21-1942464140-2856953516-1393776520-1001\$R66OY1E.log,F:\$RECYCLE.BIN\S-1-5-21-1942464140-2856953516-1393776520-1001\$I66OY1E.log,1,17361,2026-09-17T20:02:04.3200000Z,SHA-256全部一致
F:\Documents\楚物志\artifacts\ai-final-import.log,F:\$Recycle.Bin\S-1-5-21-1942464140-2856953516-1393776520-1001\$RWQ3P4R.log,F:\$RECYCLE.BIN\S-1-5-21-1942464140-2856953516-1393776520-1001\$IWQ3P4R.log,1,1725,2026-09-17T20:02:04.5180000Z,SHA-256全部一致
F:\Documents\楚物志\artifacts\ai-gui,F:\$Recycle.Bin\S-1-5-21-1942464140-2856953516-1393776520-1001\$RZABBJY,F:\$RECYCLE.BIN\S-1-5-21-1942464140-2856953516-1393776520-1001\$IZABBJY,9,4026397,2026-09-17T20:02:04.7630000Z,SHA-256全部一致
F:\Documents\楚物志\artifacts\ai-gui-final.log,F:\$Recycle.Bin\S-1-5-21-1942464140-2856953516-1393776520-1001\$RVHSJJL.log,F:\$RECYCLE.BIN\S-1-5-21-1942464140-2856953516-1393776520-1001\$IVHSJJL.log,1,12452,2026-09-17T20:02:05.5160000Z,SHA-256全部一致
F:\Documents\楚物志\artifacts\ai-gui-interactions-final.log,F:\$Recycle.Bin\S-1-5-21-1942464140-2856953516-1393776520-1001\$R2SX3MV.log,F:\$RECYCLE.BIN\S-1-5-21-1942464140-2856953516-1393776520-1001\$I2SX3MV.log,1,2863,2026-09-17T20:02:05.7320000Z,SHA-256全部一致
F:\Documents\楚物志\artifacts\ai-gui-interactions-final2.log,F:\$Recycle.Bin\S-1-5-21-1942464140-2856953516-1393776520-1001\$R00PGJK.log,F:\$RECYCLE.BIN\S-1-5-21-1942464140-2856953516-1393776520-1001\$I00PGJK.log,1,2435,2026-09-17T20:02:05.9440000Z,SHA-256全部一致
F:\Documents\楚物志\artifacts\ai-gui-interactions.log,F:\$Recycle.Bin\S-1-5-21-1942464140-2856953516-1393776520-1001\$RJHPMSL.log,F:\$RECYCLE.BIN\S-1-5-21-1942464140-2856953516-1393776520-1001\$IJHPMSL.log,1,2863,2026-09-17T20:02:06.1420000Z,SHA-256全部一致
F:\Documents\楚物志\artifacts\ai-gui.log,F:\$Recycle.Bin\S-1-5-21-1942464140-2856953516-1393776520-1001\$RO0HQ92.log,F:\$RECYCLE.BIN\S-1-5-21-1942464140-2856953516-1393776520-1001\$IO0HQ92.log,1,5656,2026-09-17T20:02:06.3350000Z,SHA-256全部一致
F:\Documents\楚物志\artifacts\ai-import.log,F:\$Recycle.Bin\S-1-5-21-1942464140-2856953516-1393776520-1001\$RX2GNHE.log,F:\$RECYCLE.BIN\S-1-5-21-1942464140-2856953516-1393776520-1001\$IX2GNHE.log,1,2427,2026-09-17T20:02:06.5270000Z,SHA-256全部一致
F:\Documents\楚物志\artifacts\ai-import2.log,F:\$Recycle.Bin\S-1-5-21-1942464140-2856953516-1393776520-1001\$R8P276B.log,F:\$RECYCLE.BIN\S-1-5-21-1942464140-2856953516-1393776520-1001\$I8P276B.log,1,2256,2026-09-17T20:02:06.7450000Z,SHA-256全部一致
F:\Documents\楚物志\artifacts\ai-import3.log,F:\$Recycle.Bin\S-1-5-21-1942464140-2856953516-1393776520-1001\$RCFQHI4.log,F:\$RECYCLE.BIN\S-1-5-21-1942464140-2856953516-1393776520-1001\$ICFQHI4.log,1,1818,2026-09-17T20:02:06.9620000Z,SHA-256全部一致
F:\Documents\楚物志\artifacts\ai-interaction-final-tier0.log,F:\$Recycle.Bin\S-1-5-21-1942464140-2856953516-1393776520-1001\$RSWEJ8E.log,F:\$RECYCLE.BIN\S-1-5-21-1942464140-2856953516-1393776520-1001\$ISWEJ8E.log,1,396952,2026-09-17T20:02:07.1560000Z,SHA-256全部一致
F:\Documents\楚物志\artifacts\ai-interaction-final-tier1.log,F:\$Recycle.Bin\S-1-5-21-1942464140-2856953516-1393776520-1001\$RD1WMZZ.log,F:\$RECYCLE.BIN\S-1-5-21-1942464140-2856953516-1393776520-1001\$ID1WMZZ.log,1,2435,2026-09-17T20:02:07.3680000Z,SHA-256全部一致
F:\Documents\楚物志\artifacts\ai-interaction-final-tier2.log,F:\$Recycle.Bin\S-1-5-21-1942464140-2856953516-1393776520-1001\$RP6XT5W.log,F:\$RECYCLE.BIN\S-1-5-21-1942464140-2856953516-1393776520-1001\$IP6XT5W.log,1,2435,2026-09-17T20:02:07.5720000Z,SHA-256全部一致
F:\Documents\楚物志\artifacts\ai-interaction-tier0.log,F:\$Recycle.Bin\S-1-5-21-1942464140-2856953516-1393776520-1001\$RXFQXC4.log,F:\$RECYCLE.BIN\S-1-5-21-1942464140-2856953516-1393776520-1001\$IXFQXC4.log,1,2435,2026-09-17T20:02:07.7600000Z,SHA-256全部一致
F:\Documents\楚物志\artifacts\ai-interaction-tier1.log,F:\$Recycle.Bin\S-1-5-21-1942464140-2856953516-1393776520-1001\$ROQVN4F.log,F:\$RECYCLE.BIN\S-1-5-21-1942464140-2856953516-1393776520-1001\$IOQVN4F.log,1,2435,2026-09-17T20:02:07.9910000Z,SHA-256全部一致
F:\Documents\楚物志\artifacts\ai-interaction-tier2.log,F:\$Recycle.Bin\S-1-5-21-1942464140-2856953516-1393776520-1001\$RDUYHJ2.log,F:\$RECYCLE.BIN\S-1-5-21-1942464140-2856953516-1393776520-1001\$IDUYHJ2.log,1,2435,2026-09-17T20:02:08.2060000Z,SHA-256全部一致
F:\Documents\楚物志\artifacts\ai-matches.json,F:\$Recycle.Bin\S-1-5-21-1942464140-2856953516-1393776520-1001\$RIO49XD.json,F:\$RECYCLE.BIN\S-1-5-21-1942464140-2856953516-1393776520-1001\$IIO49XD.json,1,365783,2026-09-17T20:02:08.4250000Z,SHA-256全部一致
F:\Documents\楚物志\artifacts\ai-mixed-r10.json,F:\$Recycle.Bin\S-1-5-21-1942464140-2856953516-1393776520-1001\$R79WKCZ.json,F:\$RECYCLE.BIN\S-1-5-21-1942464140-2856953516-1393776520-1001\$I79WKCZ.json,1,188793,2026-09-17T20:02:08.6620000Z,SHA-256全部一致
F:\Documents\楚物志\artifacts\ai-mixed-r10.log,F:\$Recycle.Bin\S-1-5-21-1942464140-2856953516-1393776520-1001\$RMF8NA7.log,F:\$RECYCLE.BIN\S-1-5-21-1942464140-2856953516-1393776520-1001\$IMF8NA7.log,1,722518,2026-09-17T20:02:08.8970000Z,SHA-256全部一致
F:\Documents\楚物志\artifacts\ai-mixed-r12.json,F:\$Recycle.Bin\S-1-5-21-1942464140-2856953516-1393776520-1001\$RWB9MHK.json,F:\$RECYCLE.BIN\S-1-5-21-1942464140-2856953516-1393776520-1001\$IWB9MHK.json,1,181816,2026-09-17T20:02:09.0970000Z,SHA-256全部一致
F:\Documents\楚物志\artifacts\ai-mixed-r12.log,F:\$Recycle.Bin\S-1-5-21-1942464140-2856953516-1393776520-1001\$RP66QAZ.log,F:\$RECYCLE.BIN\S-1-5-21-1942464140-2856953516-1393776520-1001\$IP66QAZ.log,1,583395,2026-09-17T20:02:09.3200000Z,SHA-256全部一致
F:\Documents\楚物志\artifacts\ai-mixed-r13.json,F:\$Recycle.Bin\S-1-5-21-1942464140-2856953516-1393776520-1001\$REFAI38.json,F:\$RECYCLE.BIN\S-1-5-21-1942464140-2856953516-1393776520-1001\$IEFAI38.json,1,599679,2026-09-17T20:02:09.6030000Z,SHA-256全部一致
F:\Documents\楚物志\artifacts\ai-mixed-r13.log,F:\$Recycle.Bin\S-1-5-21-1942464140-2856953516-1393776520-1001\$R9DLM9O.log,F:\$RECYCLE.BIN\S-1-5-21-1942464140-2856953516-1393776520-1001\$I9DLM9O.log,1,2069152,2026-09-17T20:02:09.8470000Z,SHA-256全部一致
F:\Documents\楚物志\artifacts\ai-mixed-r15.json,F:\$Recycle.Bin\S-1-5-21-1942464140-2856953516-1393776520-1001\$R77LX6D.json,F:\$RECYCLE.BIN\S-1-5-21-1942464140-2856953516-1393776520-1001\$I77LX6D.json,1,230168,2026-09-17T20:02:10.0660000Z,SHA-256全部一致
F:\Documents\楚物志\artifacts\ai-mixed-r15.log,F:\$Recycle.Bin\S-1-5-21-1942464140-2856953516-1393776520-1001\$RTA3BEC.log,F:\$RECYCLE.BIN\S-1-5-21-1942464140-2856953516-1393776520-1001\$ITA3BEC.log,1,823185,2026-09-17T20:02:10.3150000Z,SHA-256全部一致
F:\Documents\楚物志\artifacts\ai-mixed-r9.log,F:\$Recycle.Bin\S-1-5-21-1942464140-2856953516-1393776520-1001\$RRANBLN.log,F:\$RECYCLE.BIN\S-1-5-21-1942464140-2856953516-1393776520-1001\$IRANBLN.log,1,1021834,2026-09-17T20:02:10.5310000Z,SHA-256全部一致
F:\Documents\楚物志\artifacts\ai-next-stage,F:\$Recycle.Bin\S-1-5-21-1942464140-2856953516-1393776520-1001\$R16AJG3,F:\$RECYCLE.BIN\S-1-5-21-1942464140-2856953516-1393776520-1001\$I16AJG3,7649,2328861896,2026-09-17T20:02:21.2480000Z,SHA-256全部一致
F:\Documents\楚物志\artifacts\ai-normal-0.json,F:\$Recycle.Bin\S-1-5-21-1942464140-2856953516-1393776520-1001\$RXVZ0WU.json,F:\$RECYCLE.BIN\S-1-5-21-1942464140-2856953516-1393776520-1001\$IXVZ0WU.json,1,1362600,2026-09-17T20:02:29.3740000Z,SHA-256全部一致
F:\Documents\楚物志\artifacts\ai-normal-0.log,F:\$Recycle.Bin\S-1-5-21-1942464140-2856953516-1393776520-1001\$RS06BIV.log,F:\$RECYCLE.BIN\S-1-5-21-1942464140-2856953516-1393776520-1001\$IS06BIV.log,1,6425427,2026-09-17T20:02:29.5980000Z,SHA-256全部一致
F:\Documents\楚物志\artifacts\ai-normal-324.json,F:\$Recycle.Bin\S-1-5-21-1942464140-2856953516-1393776520-1001\$RMI9UH5.json,F:\$RECYCLE.BIN\S-1-5-21-1942464140-2856953516-1393776520-1001\$IMI9UH5.json,1,1399053,2026-09-17T20:02:29.8680000Z,SHA-256全部一致
F:\Documents\楚物志\artifacts\ai-normal-324.log,F:\$Recycle.Bin\S-1-5-21-1942464140-2856953516-1393776520-1001\$RKU72FH.log,F:\$RECYCLE.BIN\S-1-5-21-1942464140-2856953516-1393776520-1001\$IKU72FH.log,1,6607377,2026-09-17T20:02:30.1020000Z,SHA-256全部一致
F:\Documents\楚物志\artifacts\ai-normal-648.json,F:\$Recycle.Bin\S-1-5-21-1942464140-2856953516-1393776520-1001\$R1877ZY.json,F:\$RECYCLE.BIN\S-1-5-21-1942464140-2856953516-1393776520-1001\$I1877ZY.json,1,1395628,2026-09-17T20:02:30.3240000Z,SHA-256全部一致
F:\Documents\楚物志\artifacts\ai-normal-648.log,F:\$Recycle.Bin\S-1-5-21-1942464140-2856953516-1393776520-1001\$RNS1CFS.log,F:\$RECYCLE.BIN\S-1-5-21-1942464140-2856953516-1393776520-1001\$INS1CFS.log,1,6832699,2026-09-17T20:02:30.5430000Z,SHA-256全部一致
F:\Documents\楚物志\artifacts\ai-normal-final-0.json,F:\$Recycle.Bin\S-1-5-21-1942464140-2856953516-1393776520-1001\$RATQDXP.json,F:\$RECYCLE.BIN\S-1-5-21-1942464140-2856953516-1393776520-1001\$IATQDXP.json,1,1852669,2026-09-17T20:02:30.7560000Z,SHA-256全部一致
F:\Documents\楚物志\artifacts\ai-normal-final-0.log,F:\$Recycle.Bin\S-1-5-21-1942464140-2856953516-1393776520-1001\$R4PPRSL.log,F:\$RECYCLE.BIN\S-1-5-21-1942464140-2856953516-1393776520-1001\$I4PPRSL.log,1,6246782,2026-09-17T20:02:31.0120000Z,SHA-256全部一致
F:\Documents\楚物志\artifacts\ai-normal-final-324.json,F:\$Recycle.Bin\S-1-5-21-1942464140-2856953516-1393776520-1001\$R6QUTNX.json,F:\$RECYCLE.BIN\S-1-5-21-1942464140-2856953516-1393776520-1001\$I6QUTNX.json,1,1864773,2026-09-17T20:02:31.2490000Z,SHA-256全部一致
F:\Documents\楚物志\artifacts\ai-normal-final-324.log,F:\$Recycle.Bin\S-1-5-21-1942464140-2856953516-1393776520-1001\$R5I5AWD.log,F:\$RECYCLE.BIN\S-1-5-21-1942464140-2856953516-1393776520-1001\$I5I5AWD.log,1,6303167,2026-09-17T20:02:31.4720000Z,SHA-256全部一致
F:\Documents\楚物志\artifacts\ai-normal-final-648.json,F:\$Recycle.Bin\S-1-5-21-1942464140-2856953516-1393776520-1001\$RWKW9TP.json,F:\$RECYCLE.BIN\S-1-5-21-1942464140-2856953516-1393776520-1001\$IWKW9TP.json,1,1855461,2026-09-17T20:02:31.7310000Z,SHA-256全部一致
F:\Documents\楚物志\artifacts\ai-normal-final-648.log,F:\$Recycle.Bin\S-1-5-21-1942464140-2856953516-1393776520-1001\$R2LAC3D.log,F:\$RECYCLE.BIN\S-1-5-21-1942464140-2856953516-1393776520-1001\$I2LAC3D.log,1,6266863,2026-09-17T20:02:31.9580000Z,SHA-256全部一致
F:\Documents\楚物志\artifacts\ai-outlier-203.json,F:\$Recycle.Bin\S-1-5-21-1942464140-2856953516-1393776520-1001\$R5W1Y5L.json,F:\$RECYCLE.BIN\S-1-5-21-1942464140-2856953516-1393776520-1001\$I5W1Y5L.json,1,12645,2026-09-17T20:02:32.2190000Z,SHA-256全部一致
F:\Documents\楚物志\artifacts\ai-outlier-203.log,F:\$Recycle.Bin\S-1-5-21-1942464140-2856953516-1393776520-1001\$RIS9JJZ.log,F:\$RECYCLE.BIN\S-1-5-21-1942464140-2856953516-1393776520-1001\$IIS9JJZ.log,1,52513,2026-09-17T20:02:32.4580000Z,SHA-256全部一致
F:\Documents\楚物志\artifacts\ai-outlier-789.json,F:\$Recycle.Bin\S-1-5-21-1942464140-2856953516-1393776520-1001\$RO6SXZD.json,F:\$RECYCLE.BIN\S-1-5-21-1942464140-2856953516-1393776520-1001\$IO6SXZD.json,1,6606,2026-09-17T20:02:32.7300000Z,SHA-256全部一致
F:\Documents\楚物志\artifacts\ai-outlier-789.log,F:\$Recycle.Bin\S-1-5-21-1942464140-2856953516-1393776520-1001\$RD1AG14.log,F:\$RECYCLE.BIN\S-1-5-21-1942464140-2856953516-1393776520-1001\$ID1AG14.log,1,26801,2026-09-17T20:02:32.9350000Z,SHA-256全部一致
F:\Documents\楚物志\artifacts\ai-outlier-848.json,F:\$Recycle.Bin\S-1-5-21-1942464140-2856953516-1393776520-1001\$RGUYYNS.json,F:\$RECYCLE.BIN\S-1-5-21-1942464140-2856953516-1393776520-1001\$IGUYYNS.json,1,10265,2026-09-17T20:02:33.1540000Z,SHA-256全部一致
F:\Documents\楚物志\artifacts\ai-outlier-848.log,F:\$Recycle.Bin\S-1-5-21-1942464140-2856953516-1393776520-1001\$RBAVLI0.log,F:\$RECYCLE.BIN\S-1-5-21-1942464140-2856953516-1393776520-1001\$IBAVLI0.log,1,42773,2026-09-17T20:02:33.3550000Z,SHA-256全部一致
F:\Documents\楚物志\artifacts\ai-pair-01-seed910017-rejected.json,F:\$Recycle.Bin\S-1-5-21-1942464140-2856953516-1393776520-1001\$RBXBS5Y.json,F:\$RECYCLE.BIN\S-1-5-21-1942464140-2856953516-1393776520-1001\$IBXBS5Y.json,1,1190018,2026-09-17T20:02:33.5720000Z,SHA-256全部一致
F:\Documents\楚物志\artifacts\ai-pair-12-seed910017-rejected.json,F:\$Recycle.Bin\S-1-5-21-1942464140-2856953516-1393776520-1001\$R9JZBWC.json,F:\$RECYCLE.BIN\S-1-5-21-1942464140-2856953516-1393776520-1001\$I9JZBWC.json,1,1164878,2026-09-17T20:02:33.7910000Z,SHA-256全部一致
F:\Documents\楚物志\artifacts\ai-phase-move-v4,F:\$Recycle.Bin\S-1-5-21-1942464140-2856953516-1393776520-1001\$RP8QREW,F:\$RECYCLE.BIN\S-1-5-21-1942464140-2856953516-1393776520-1001\$IP8QREW,7578,2161307880,2026-09-17T20:02:43.0940000Z,SHA-256全部一致
F:\Documents\楚物志\artifacts\ai-pilot.log,F:\$Recycle.Bin\S-1-5-21-1942464140-2856953516-1393776520-1001\$RBMDDRJ.log,F:\$RECYCLE.BIN\S-1-5-21-1942464140-2856953516-1393776520-1001\$IBMDDRJ.log,1,2058011,2026-09-17T20:02:52.7750000Z,SHA-256全部一致
F:\Documents\楚物志\artifacts\ai-planning-pilot.json,F:\$Recycle.Bin\S-1-5-21-1942464140-2856953516-1393776520-1001\$RWLEGKM.json,F:\$RECYCLE.BIN\S-1-5-21-1942464140-2856953516-1393776520-1001\$IWLEGKM.json,1,145367,2026-09-17T20:02:53.0340000Z,SHA-256全部一致
F:\Documents\楚物志\artifacts\ai-planning-pilot.log,F:\$Recycle.Bin\S-1-5-21-1942464140-2856953516-1393776520-1001\$R1EU5W1.log,F:\$RECYCLE.BIN\S-1-5-21-1942464140-2856953516-1393776520-1001\$I1EU5W1.log,1,659666,2026-09-17T20:02:53.2620000Z,SHA-256全部一致
F:\Documents\楚物志\artifacts\ai-runtime.log,F:\$Recycle.Bin\S-1-5-21-1942464140-2856953516-1393776520-1001\$RFAEM21.log,F:\$RECYCLE.BIN\S-1-5-21-1942464140-2856953516-1393776520-1001\$IFAEM21.log,1,948,2026-09-17T20:02:53.4950000Z,SHA-256全部一致
F:\Documents\楚物志\artifacts\ai-smoke.log,F:\$Recycle.Bin\S-1-5-21-1942464140-2856953516-1393776520-1001\$RFM4AGK.log,F:\$RECYCLE.BIN\S-1-5-21-1942464140-2856953516-1393776520-1001\$IFM4AGK.log,1,86597,2026-09-17T20:02:53.7450000Z,SHA-256全部一致
F:\Documents\楚物志\artifacts\ai-smoke2.log,F:\$Recycle.Bin\S-1-5-21-1942464140-2856953516-1393776520-1001\$R9GAXQ6.log,F:\$RECYCLE.BIN\S-1-5-21-1942464140-2856953516-1393776520-1001\$I9GAXQ6.log,1,46167,2026-09-17T20:02:53.9990000Z,SHA-256全部一致
F:\Documents\楚物志\artifacts\ai-smoke3.log,F:\$Recycle.Bin\S-1-5-21-1942464140-2856953516-1393776520-1001\$RSRGO9X.log,F:\$RECYCLE.BIN\S-1-5-21-1942464140-2856953516-1393776520-1001\$ISRGO9X.log,1,515774,2026-09-17T20:02:54.2490000Z,SHA-256全部一致
F:\Documents\楚物志\artifacts\ai-smoke4.log,F:\$Recycle.Bin\S-1-5-21-1942464140-2856953516-1393776520-1001\$R5LKD63.log,F:\$RECYCLE.BIN\S-1-5-21-1942464140-2856953516-1393776520-1001\$I5LKD63.log,1,103296,2026-09-17T20:02:54.5450000Z,SHA-256全部一致
F:\Documents\楚物志\artifacts\ai-smoke5.log,F:\$Recycle.Bin\S-1-5-21-1942464140-2856953516-1393776520-1001\$RTUK1JV.log,F:\$RECYCLE.BIN\S-1-5-21-1942464140-2856953516-1393776520-1001\$ITUK1JV.log,1,662860,2026-09-17T20:02:54.7940000Z,SHA-256全部一致
F:\Documents\楚物志\artifacts\ai-speed-gui,F:\$Recycle.Bin\S-1-5-21-1942464140-2856953516-1393776520-1001\$R7ZJ9OE,F:\$RECYCLE.BIN\S-1-5-21-1942464140-2856953516-1393776520-1001\$I7ZJ9OE,9,10085810,2026-09-17T20:02:55.0650000Z,SHA-256全部一致
F:\Documents\楚物志\artifacts\ai-speed-gui.log,F:\$Recycle.Bin\S-1-5-21-1942464140-2856953516-1393776520-1001\$R3EW2GR.log,F:\$RECYCLE.BIN\S-1-5-21-1942464140-2856953516-1393776520-1001\$I3EW2GR.log,1,2870,2026-09-17T20:02:55.7430000Z,SHA-256全部一致
F:\Documents\楚物志\artifacts\ai-speed-import.log,F:\$Recycle.Bin\S-1-5-21-1942464140-2856953516-1393776520-1001\$R3G1XAF.log,F:\$RECYCLE.BIN\S-1-5-21-1942464140-2856953516-1393776520-1001\$I3G1XAF.log,1,1747,2026-09-17T20:02:55.9920000Z,SHA-256全部一致
F:\Documents\楚物志\artifacts\ai-speed-tests.log,F:\$Recycle.Bin\S-1-5-21-1942464140-2856953516-1393776520-1001\$RH9SBGI.log,F:\$RECYCLE.BIN\S-1-5-21-1942464140-2856953516-1393776520-1001\$IH9SBGI.log,1,15997,2026-09-17T20:02:56.2420000Z,SHA-256全部一致
F:\Documents\楚物志\artifacts\ai-stall-168-analysis.log,F:\$Recycle.Bin\S-1-5-21-1942464140-2856953516-1393776520-1001\$RC14BM7.log,F:\$RECYCLE.BIN\S-1-5-21-1942464140-2856953516-1393776520-1001\$IC14BM7.log,1,23681,2026-09-17T20:02:56.5030000Z,SHA-256全部一致
F:\Documents\楚物志\artifacts\ai-stall-168-fixed.json,F:\$Recycle.Bin\S-1-5-21-1942464140-2856953516-1393776520-1001\$R33MNUP.json,F:\$RECYCLE.BIN\S-1-5-21-1942464140-2856953516-1393776520-1001\$I33MNUP.json,1,5887,2026-09-17T20:02:56.7860000Z,SHA-256全部一致
F:\Documents\楚物志\artifacts\ai-stall-168-fixed.log,F:\$Recycle.Bin\S-1-5-21-1942464140-2856953516-1393776520-1001\$RBC7656.log,F:\$RECYCLE.BIN\S-1-5-21-1942464140-2856953516-1393776520-1001\$IBC7656.log,1,24071,2026-09-17T20:02:57.0430000Z,SHA-256全部一致
F:\Documents\楚物志\artifacts\ai-stall-168.json,F:\$Recycle.Bin\S-1-5-21-1942464140-2856953516-1393776520-1001\$R7JSGIG.json,F:\$RECYCLE.BIN\S-1-5-21-1942464140-2856953516-1393776520-1001\$I7JSGIG.json,1,13755,2026-09-17T20:02:57.3100000Z,SHA-256全部一致
F:\Documents\楚物志\artifacts\ai-stall-168.log,F:\$Recycle.Bin\S-1-5-21-1942464140-2856953516-1393776520-1001\$RO5KF3E.log,F:\$RECYCLE.BIN\S-1-5-21-1942464140-2856953516-1393776520-1001\$IO5KF3E.log,1,99134,2026-09-17T20:02:57.5880000Z,SHA-256全部一致
F:\Documents\楚物志\artifacts\ai-stall-224-analysis.log,F:\$Recycle.Bin\S-1-5-21-1942464140-2856953516-1393776520-1001\$RXMP101.log,F:\$RECYCLE.BIN\S-1-5-21-1942464140-2856953516-1393776520-1001\$IXMP101.log,1,20003,2026-09-17T20:02:57.8530000Z,SHA-256全部一致
F:\Documents\楚物志\artifacts\ai-stall-224-fixed.json,F:\$Recycle.Bin\S-1-5-21-1942464140-2856953516-1393776520-1001\$RWXI3O6.json,F:\$RECYCLE.BIN\S-1-5-21-1942464140-2856953516-1393776520-1001\$IWXI3O6.json,1,6307,2026-09-17T20:02:58.1280000Z,SHA-256全部一致
F:\Documents\楚物志\artifacts\ai-stall-224-fixed.log,F:\$Recycle.Bin\S-1-5-21-1942464140-2856953516-1393776520-1001\$RMWEXRG.log,F:\$RECYCLE.BIN\S-1-5-21-1942464140-2856953516-1393776520-1001\$IMWEXRG.log,1,30143,2026-09-17T20:02:58.3880000Z,SHA-256全部一致
F:\Documents\楚物志\artifacts\ai-stall-224.json,F:\$Recycle.Bin\S-1-5-21-1942464140-2856953516-1393776520-1001\$RZWQ9R2.json,F:\$RECYCLE.BIN\S-1-5-21-1942464140-2856953516-1393776520-1001\$IZWQ9R2.json,1,17371,2026-09-17T20:02:58.6840000Z,SHA-256全部一致
F:\Documents\楚物志\artifacts\ai-stall-224.log,F:\$Recycle.Bin\S-1-5-21-1942464140-2856953516-1393776520-1001\$RNWTJOV.log,F:\$RECYCLE.BIN\S-1-5-21-1942464140-2856953516-1393776520-1001\$INWTJOV.log,1,99269,2026-09-17T20:02:59.0040000Z,SHA-256全部一致
F:\Documents\楚物志\artifacts\ai-stall-249-check.json,F:\$Recycle.Bin\S-1-5-21-1942464140-2856953516-1393776520-1001\$RLOTI6E.json,F:\$RECYCLE.BIN\S-1-5-21-1942464140-2856953516-1393776520-1001\$ILOTI6E.json,1,5477,2026-09-17T20:02:59.3050000Z,SHA-256全部一致
F:\Documents\楚物志\artifacts\ai-stall-249-check.log,F:\$Recycle.Bin\S-1-5-21-1942464140-2856953516-1393776520-1001\$RGLP8R2.log,F:\$RECYCLE.BIN\S-1-5-21-1942464140-2856953516-1393776520-1001\$IGLP8R2.log,1,22323,2026-09-17T20:02:59.5980000Z,SHA-256全部一致
F:\Documents\楚物志\artifacts\ai-stall-r9.json,F:\$Recycle.Bin\S-1-5-21-1942464140-2856953516-1393776520-1001\$RHLZ8EA.json,F:\$RECYCLE.BIN\S-1-5-21-1942464140-2856953516-1393776520-1001\$IHLZ8EA.json,1,4077,2026-09-17T20:02:59.9030000Z,SHA-256全部一致
F:\Documents\楚物志\artifacts\ai-stall-r9.log,F:\$Recycle.Bin\S-1-5-21-1942464140-2856953516-1393776520-1001\$RWVM73G.log,F:\$RECYCLE.BIN\S-1-5-21-1942464140-2856953516-1393776520-1001\$IWVM73G.log,1,13577,2026-09-17T20:03:00.1640000Z,SHA-256全部一致
F:\Documents\楚物志\artifacts\ai-stall-regression.json,F:\$Recycle.Bin\S-1-5-21-1942464140-2856953516-1393776520-1001\$RTNVX35.json,F:\$RECYCLE.BIN\S-1-5-21-1942464140-2856953516-1393776520-1001\$ITNVX35.json,1,12939,2026-09-17T20:03:00.4290000Z,SHA-256全部一致
F:\Documents\楚物志\artifacts\ai-stall-regression.log,F:\$Recycle.Bin\S-1-5-21-1942464140-2856953516-1393776520-1001\$R0BNK4Z.log,F:\$RECYCLE.BIN\S-1-5-21-1942464140-2856953516-1393776520-1001\$I0BNK4Z.log,1,53624,2026-09-17T20:03:00.7070000Z,SHA-256全部一致
F:\Documents\楚物志\artifacts\ai-summary.log,F:\$Recycle.Bin\S-1-5-21-1942464140-2856953516-1393776520-1001\$RNYISIB.log,F:\$RECYCLE.BIN\S-1-5-21-1942464140-2856953516-1393776520-1001\$INYISIB.log,1,4507,2026-09-17T20:03:01.0160000Z,SHA-256全部一致
F:\Documents\楚物志\artifacts\ai-tests-final.log,F:\$Recycle.Bin\S-1-5-21-1942464140-2856953516-1393776520-1001\$RRUW22P.log,F:\$RECYCLE.BIN\S-1-5-21-1942464140-2856953516-1393776520-1001\$IRUW22P.log,1,14737,2026-09-17T20:03:01.3470000Z,SHA-256全部一致
F:\Documents\楚物志\artifacts\ai-tests-final2.log,F:\$Recycle.Bin\S-1-5-21-1942464140-2856953516-1393776520-1001\$RNJZ9TC.log,F:\$RECYCLE.BIN\S-1-5-21-1942464140-2856953516-1393776520-1001\$INJZ9TC.log,1,15998,2026-09-17T20:03:01.6480000Z,SHA-256全部一致
F:\Documents\楚物志\artifacts\ai-tests.log,F:\$Recycle.Bin\S-1-5-21-1942464140-2856953516-1393776520-1001\$RI3B18D.log,F:\$RECYCLE.BIN\S-1-5-21-1942464140-2856953516-1393776520-1001\$II3B18D.log,1,9903,2026-09-17T20:03:01.9610000Z,SHA-256全部一致
F:\Documents\楚物志\artifacts\ai-tests2.log,F:\$Recycle.Bin\S-1-5-21-1942464140-2856953516-1393776520-1001\$RA5FXXG.log,F:\$RECYCLE.BIN\S-1-5-21-1942464140-2856953516-1393776520-1001\$IA5FXXG.log,1,9059,2026-09-17T20:03:02.2740000Z,SHA-256全部一致
F:\Documents\楚物志\artifacts\ai-tests3.log,F:\$Recycle.Bin\S-1-5-21-1942464140-2856953516-1393776520-1001\$RJBYB8Q.log,F:\$RECYCLE.BIN\S-1-5-21-1942464140-2856953516-1393776520-1001\$IJBYB8Q.log,1,9333,2026-09-17T20:03:02.6450000Z,SHA-256全部一致
F:\Documents\楚物志\artifacts\ai-tests4.log,F:\$Recycle.Bin\S-1-5-21-1942464140-2856953516-1393776520-1001\$RHFNLH6.log,F:\$RECYCLE.BIN\S-1-5-21-1942464140-2856953516-1393776520-1001\$IHFNLH6.log,1,9449,2026-09-17T20:03:02.9850000Z,SHA-256全部一致
F:\Documents\楚物志\artifacts\ai-tests5.log,F:\$Recycle.Bin\S-1-5-21-1942464140-2856953516-1393776520-1001\$RVEOS3U.log,F:\$RECYCLE.BIN\S-1-5-21-1942464140-2856953516-1393776520-1001\$IVEOS3U.log,1,14599,2026-09-17T20:03:03.3030000Z,SHA-256全部一致
F:\Documents\楚物志\artifacts\ai-tests6.log,F:\$Recycle.Bin\S-1-5-21-1942464140-2856953516-1393776520-1001\$R6FDHIC.log,F:\$RECYCLE.BIN\S-1-5-21-1942464140-2856953516-1393776520-1001\$I6FDHIC.log,1,14670,2026-09-17T20:03:03.5770000Z,SHA-256全部一致
F:\Documents\楚物志\artifacts\ai-trace-current-off.json,F:\$Recycle.Bin\S-1-5-21-1942464140-2856953516-1393776520-1001\$RHQJ8NP.json,F:\$RECYCLE.BIN\S-1-5-21-1942464140-2856953516-1393776520-1001\$IHQJ8NP.json,1,15057,2026-09-17T20:03:03.8870000Z,SHA-256全部一致
F:\Documents\楚物志\artifacts\ai-trace-current-off.log,F:\$Recycle.Bin\S-1-5-21-1942464140-2856953516-1393776520-1001\$RNEQKWP.log,F:\$RECYCLE.BIN\S-1-5-21-1942464140-2856953516-1393776520-1001\$INEQKWP.log,1,50723,2026-09-17T20:03:04.1820000Z,SHA-256全部一致
F:\Documents\楚物志\artifacts\ai-trace-current-on.json,F:\$Recycle.Bin\S-1-5-21-1942464140-2856953516-1393776520-1001\$RIK801E.json,F:\$RECYCLE.BIN\S-1-5-21-1942464140-2856953516-1393776520-1001\$IIK801E.json,1,15011,2026-09-17T20:03:04.4800000Z,SHA-256全部一致
F:\Documents\楚物志\artifacts\ai-trace-current-on.log,F:\$Recycle.Bin\S-1-5-21-1942464140-2856953516-1393776520-1001\$RJWV3XP.log,F:\$RECYCLE.BIN\S-1-5-21-1942464140-2856953516-1393776520-1001\$IJWV3XP.log,1,50677,2026-09-17T20:03:04.7580000Z,SHA-256全部一致
F:\Documents\楚物志\artifacts\ai-trace-final-off.json,F:\$Recycle.Bin\S-1-5-21-1942464140-2856953516-1393776520-1001\$RFG0RAL.json,F:\$RECYCLE.BIN\S-1-5-21-1942464140-2856953516-1393776520-1001\$IFG0RAL.json,1,15189,2026-09-17T20:03:05.0550000Z,SHA-256全部一致
F:\Documents\楚物志\artifacts\ai-trace-final-off.log,F:\$Recycle.Bin\S-1-5-21-1942464140-2856953516-1393776520-1001\$RMJ2Q96.log,F:\$RECYCLE.BIN\S-1-5-21-1942464140-2856953516-1393776520-1001\$IMJ2Q96.log,1,49371,2026-09-17T20:03:05.3970000Z,SHA-256全部一致
F:\Documents\楚物志\artifacts\ai-trace-final-on.json,F:\$Recycle.Bin\S-1-5-21-1942464140-2856953516-1393776520-1001\$RNHNNWX.json,F:\$RECYCLE.BIN\S-1-5-21-1942464140-2856953516-1393776520-1001\$INHNNWX.json,1,15188,2026-09-17T20:03:05.6940000Z,SHA-256全部一致
F:\Documents\楚物志\artifacts\ai-trace-final-on.log,F:\$Recycle.Bin\S-1-5-21-1942464140-2856953516-1393776520-1001\$RE876SJ.log,F:\$RECYCLE.BIN\S-1-5-21-1942464140-2856953516-1393776520-1001\$IE876SJ.log,1,49370,2026-09-17T20:03:05.9280000Z,SHA-256全部一致
F:\Documents\楚物志\artifacts\ai-trace-final.json,F:\$Recycle.Bin\S-1-5-21-1942464140-2856953516-1393776520-1001\$RJ1AB09.json,F:\$RECYCLE.BIN\S-1-5-21-1942464140-2856953516-1393776520-1001\$IJ1AB09.json,1,15087,2026-09-17T20:03:06.2090000Z,SHA-256全部一致
F:\Documents\楚物志\artifacts\ai-trace-final.log,F:\$Recycle.Bin\S-1-5-21-1942464140-2856953516-1393776520-1001\$RPIGVE7.log,F:\$RECYCLE.BIN\S-1-5-21-1942464140-2856953516-1393776520-1001\$IPIGVE7.log,1,48683,2026-09-17T20:03:06.4860000Z,SHA-256全部一致
F:\Documents\楚物志\artifacts\ai-trace-pilot.json,F:\$Recycle.Bin\S-1-5-21-1942464140-2856953516-1393776520-1001\$R1XIY3E.json,F:\$RECYCLE.BIN\S-1-5-21-1942464140-2856953516-1393776520-1001\$I1XIY3E.json,1,5059,2026-09-17T20:03:06.7950000Z,SHA-256全部一致
F:\Documents\楚物志\artifacts\ai-trace-pilot.log,F:\$Recycle.Bin\S-1-5-21-1942464140-2856953516-1393776520-1001\$RRI17AS.log,F:\$RECYCLE.BIN\S-1-5-21-1942464140-2856953516-1393776520-1001\$IRI17AS.log,1,224799,2026-09-17T20:03:07.0940000Z,SHA-256全部一致
F:\Documents\楚物志\artifacts\ai-trace-pilot2.json,F:\$Recycle.Bin\S-1-5-21-1942464140-2856953516-1393776520-1001\$R7XBI07.json,F:\$RECYCLE.BIN\S-1-5-21-1942464140-2856953516-1393776520-1001\$I7XBI07.json,1,5069,2026-09-17T20:03:07.4650000Z,SHA-256全部一致
F:\Documents\楚物志\artifacts\ai-trace-pilot2.log,F:\$Recycle.Bin\S-1-5-21-1942464140-2856953516-1393776520-1001\$RIOJX7Z.log,F:\$RECYCLE.BIN\S-1-5-21-1942464140-2856953516-1393776520-1001\$IIOJX7Z.log,1,12397,2026-09-17T20:03:07.7640000Z,SHA-256全部一致
F:\Documents\楚物志\artifacts\ai-trace-r14.json,F:\$Recycle.Bin\S-1-5-21-1942464140-2856953516-1393776520-1001\$RQNUQZ9.json,F:\$RECYCLE.BIN\S-1-5-21-1942464140-2856953516-1393776520-1001\$IQNUQZ9.json,1,15056,2026-09-17T20:03:08.0450000Z,SHA-256全部一致
F:\Documents\楚物志\artifacts\ai-trace-r14.log,F:\$Recycle.Bin\S-1-5-21-1942464140-2856953516-1393776520-1001\$R1FY19C.log,F:\$RECYCLE.BIN\S-1-5-21-1942464140-2856953516-1393776520-1001\$I1FY19C.log,1,50722,2026-09-17T20:03:08.3550000Z,SHA-256全部一致
F:\Documents\楚物志\artifacts\ai-trace-replay.log,F:\$Recycle.Bin\S-1-5-21-1942464140-2856953516-1393776520-1001\$RUTVLFF.log,F:\$RECYCLE.BIN\S-1-5-21-1942464140-2856953516-1393776520-1001\$IUTVLFF.log,1,23271,2026-09-17T20:03:08.6350000Z,SHA-256全部一致
F:\Documents\楚物志\artifacts\ai-trace-verification-final.json,F:\$Recycle.Bin\S-1-5-21-1942464140-2856953516-1393776520-1001\$RY7J35A.json,F:\$RECYCLE.BIN\S-1-5-21-1942464140-2856953516-1393776520-1001\$IY7J35A.json,1,209,2026-09-17T20:03:08.9290000Z,SHA-256全部一致
F:\Documents\楚物志\artifacts\ai-trace-verification.json,F:\$Recycle.Bin\S-1-5-21-1942464140-2856953516-1393776520-1001\$RORCBZH.json,F:\$RECYCLE.BIN\S-1-5-21-1942464140-2856953516-1393776520-1001\$IORCBZH.json,1,123,2026-09-17T20:03:09.2250000Z,SHA-256全部一致
F:\Documents\楚物志\artifacts\ai-traces,F:\$Recycle.Bin\S-1-5-21-1942464140-2856953516-1393776520-1001\$RWB22W1,F:\$RECYCLE.BIN\S-1-5-21-1942464140-2856953516-1393776520-1001\$IWB22W1,20,186559520,2026-09-17T20:03:09.9310000Z,SHA-256全部一致
F:\Documents\楚物志\artifacts\ai-unit.log,F:\$Recycle.Bin\S-1-5-21-1942464140-2856953516-1393776520-1001\$RPX4PO1.log,F:\$RECYCLE.BIN\S-1-5-21-1942464140-2856953516-1393776520-1001\$IPX4PO1.log,1,19057,2026-09-17T20:03:10.9530000Z,SHA-256全部一致
F:\Documents\楚物志\artifacts\ai-unit2.log,F:\$Recycle.Bin\S-1-5-21-1942464140-2856953516-1393776520-1001\$RQ3PC9U.log,F:\$RECYCLE.BIN\S-1-5-21-1942464140-2856953516-1393776520-1001\$IQ3PC9U.log,1,977,2026-09-17T20:03:11.2680000Z,SHA-256全部一致
F:\Documents\楚物志\artifacts\ai-unit3.log,F:\$Recycle.Bin\S-1-5-21-1942464140-2856953516-1393776520-1001\$RXUIZS7.log,F:\$RECYCLE.BIN\S-1-5-21-1942464140-2856953516-1393776520-1001\$IXUIZS7.log,1,1979,2026-09-17T20:03:11.5700000Z,SHA-256全部一致
F:\Documents\楚物志\artifacts\ai-validation-power-events.json,F:\$Recycle.Bin\S-1-5-21-1942464140-2856953516-1393776520-1001\$R303XLG.json,F:\$RECYCLE.BIN\S-1-5-21-1942464140-2856953516-1393776520-1001\$I303XLG.json,1,1017,2026-09-17T20:03:11.8850000Z,SHA-256全部一致
F:\Documents\楚物志\artifacts\ai-validation-summary.json,F:\$Recycle.Bin\S-1-5-21-1942464140-2856953516-1393776520-1001\$ROHG3O0.json,F:\$RECYCLE.BIN\S-1-5-21-1942464140-2856953516-1393776520-1001\$IOHG3O0.json,1,4507,2026-09-17T20:03:12.1810000Z,SHA-256全部一致
F:\Documents\楚物志\artifacts\ai-validation-tool-update,F:\$Recycle.Bin\S-1-5-21-1942464140-2856953516-1393776520-1001\$RPMM9TD,F:\$RECYCLE.BIN\S-1-5-21-1942464140-2856953516-1393776520-1001\$IPMM9TD,3,17946,2026-09-17T20:03:12.4520000Z,SHA-256全部一致
F:\Documents\楚物志\artifacts\art-brief-before-pixel-20260913.docx,F:\$Recycle.Bin\S-1-5-21-1942464140-2856953516-1393776520-1001\$RUYBNT6.docx,F:\$RECYCLE.BIN\S-1-5-21-1942464140-2856953516-1393776520-1001\$IUYBNT6.docx,1,9641481,2026-09-17T20:03:13.2250000Z,SHA-256全部一致
F:\Documents\楚物志\artifacts\art-brief-concise,F:\$Recycle.Bin\S-1-5-21-1942464140-2856953516-1393776520-1001\$R99YVLK,F:\$RECYCLE.BIN\S-1-5-21-1942464140-2856953516-1393776520-1001\$I99YVLK,100,44574386,2026-09-17T20:03:13.7460000Z,SHA-256全部一致
F:\Documents\楚物志\artifacts\art-brief-current,F:\$Recycle.Bin\S-1-5-21-1942464140-2856953516-1393776520-1001\$R1C6TEI,F:\$RECYCLE.BIN\S-1-5-21-1942464140-2856953516-1393776520-1001\$I1C6TEI,37,15132042,2026-09-17T20:03:14.6720000Z,SHA-256全部一致
F:\Documents\楚物志\artifacts\aseprite-toolchain,F:\$Recycle.Bin\S-1-5-21-1942464140-2856953516-1393776520-1001\$RSMGDEI,F:\$RECYCLE.BIN\S-1-5-21-1942464140-2856953516-1393776520-1001\$ISMGDEI,4,2845,2026-09-17T20:03:15.5250000Z,SHA-256全部一致
F:\Documents\楚物志\artifacts\audio-native-build.log,F:\$Recycle.Bin\S-1-5-21-1942464140-2856953516-1393776520-1001\$RYVDEVA.log,F:\$RECYCLE.BIN\S-1-5-21-1942464140-2856953516-1393776520-1001\$IYVDEVA.log,1,142933,2026-09-17T20:03:16.3490000Z,SHA-256全部一致
F:\Documents\楚物志\artifacts\audit-smoke,F:\$Recycle.Bin\S-1-5-21-1942464140-2856953516-1393776520-1001\$RGRCSGM,F:\$RECYCLE.BIN\S-1-5-21-1942464140-2856953516-1393776520-1001\$IGRCSGM,36,137874,2026-09-17T20:03:16.7010000Z,SHA-256全部一致
F:\Documents\楚物志\artifacts\audit-smoke-sequential,F:\$Recycle.Bin\S-1-5-21-1942464140-2856953516-1393776520-1001\$RJ897OJ,F:\$RECYCLE.BIN\S-1-5-21-1942464140-2856953516-1393776520-1001\$IJ897OJ,8,31348,2026-09-17T20:03:17.4960000Z,SHA-256全部一致
F:\Documents\楚物志\artifacts\balance-021,F:\$Recycle.Bin\S-1-5-21-1942464140-2856953516-1393776520-1001\$RMU5ODY,F:\$RECYCLE.BIN\S-1-5-21-1942464140-2856953516-1393776520-1001\$IMU5ODY,336,3072017,2026-09-17T20:03:18.5140000Z,SHA-256全部一致
F:\Documents\楚物志\artifacts\balance-021-v2,F:\$Recycle.Bin\S-1-5-21-1942464140-2856953516-1393776520-1001\$RG3TEOX,F:\$RECYCLE.BIN\S-1-5-21-1942464140-2856953516-1393776520-1001\$IG3TEOX,1011,20188595,2026-09-17T20:03:20.1380000Z,SHA-256全部一致
F:\Documents\楚物志\artifacts\board-audio,F:\$Recycle.Bin\S-1-5-21-1942464140-2856953516-1393776520-1001\$RG3O7L1,F:\$RECYCLE.BIN\S-1-5-21-1942464140-2856953516-1393776520-1001\$IG3O7L1,291,26349900,2026-09-17T20:03:21.8510000Z,SHA-256全部一致
F:\Documents\楚物志\artifacts\capture-final-console.log,F:\$Recycle.Bin\S-1-5-21-1942464140-2856953516-1393776520-1001\$RO5CHE9.log,F:\$RECYCLE.BIN\S-1-5-21-1942464140-2856953516-1393776520-1001\$IO5CHE9.log,1,2395,2026-09-17T20:03:22.8030000Z,SHA-256全部一致
F:\Documents\楚物志\artifacts\capture-final.log,F:\$Recycle.Bin\S-1-5-21-1942464140-2856953516-1393776520-1001\$R8UWDAK.log,F:\$RECYCLE.BIN\S-1-5-21-1942464140-2856953516-1393776520-1001\$I8UWDAK.log,1,2274,2026-09-17T20:03:23.2030000Z,SHA-256全部一致
F:\Documents\楚物志\artifacts\capture-regression-console.log,F:\$Recycle.Bin\S-1-5-21-1942464140-2856953516-1393776520-1001\$R1UMUAB.log,F:\$RECYCLE.BIN\S-1-5-21-1942464140-2856953516-1393776520-1001\$I1UMUAB.log,1,34239,2026-09-17T20:03:23.5920000Z,SHA-256全部一致
F:\Documents\楚物志\artifacts\capture-regression.log,F:\$Recycle.Bin\S-1-5-21-1942464140-2856953516-1393776520-1001\$R3VJDDQ.log,F:\$RECYCLE.BIN\S-1-5-21-1942464140-2856953516-1393776520-1001\$I3VJDDQ.log,1,33288,2026-09-17T20:03:23.8880000Z,SHA-256全部一致
F:\Documents\楚物志\artifacts\cleanup-20260915.json,F:\$Recycle.Bin\S-1-5-21-1942464140-2856953516-1393776520-1001\$RIN8CVX.json,F:\$RECYCLE.BIN\S-1-5-21-1942464140-2856953516-1393776520-1001\$IIN8CVX.json,1,2840,2026-09-17T20:03:24.1530000Z,SHA-256全部一致
F:\Documents\楚物志\artifacts\cleanup-commit-message.txt,F:\$Recycle.Bin\S-1-5-21-1942464140-2856953516-1393776520-1001\$R18XGXJ.txt,F:\$RECYCLE.BIN\S-1-5-21-1942464140-2856953516-1393776520-1001\$I18XGXJ.txt,1,617,2026-09-17T20:03:24.4950000Z,SHA-256全部一致
F:\Documents\楚物志\artifacts\cleanup-commit-scope.json,F:\$Recycle.Bin\S-1-5-21-1942464140-2856953516-1393776520-1001\$RFV9HQX.json,F:\$RECYCLE.BIN\S-1-5-21-1942464140-2856953516-1393776520-1001\$IFV9HQX.json,1,1053,2026-09-17T20:03:24.8160000Z,SHA-256全部一致
F:\Documents\楚物志\artifacts\cleanup-diff-check.txt,F:\$Recycle.Bin\S-1-5-21-1942464140-2856953516-1393776520-1001\$RCK51YS.txt,F:\$RECYCLE.BIN\S-1-5-21-1942464140-2856953516-1393776520-1001\$ICK51YS.txt,1,0,2026-09-17T20:03:25.1610000Z,SHA-256全部一致
F:\Documents\楚物志\artifacts\cleanup-disk-location-audit.json,F:\$Recycle.Bin\S-1-5-21-1942464140-2856953516-1393776520-1001\$RK82NRU.json,F:\$RECYCLE.BIN\S-1-5-21-1942464140-2856953516-1393776520-1001\$IK82NRU.json,1,215581,2026-09-17T20:03:25.5300000Z,SHA-256全部一致
F:\Documents\楚物志\artifacts\cleanup-found-locations.json,F:\$Recycle.Bin\S-1-5-21-1942464140-2856953516-1393776520-1001\$R0992TX.json,F:\$RECYCLE.BIN\S-1-5-21-1942464140-2856953516-1393776520-1001\$I0992TX.json,1,1174,2026-09-17T20:03:25.9700000Z,SHA-256全部一致
F:\Documents\楚物志\artifacts\cleanup-location-scan.py,F:\$Recycle.Bin\S-1-5-21-1942464140-2856953516-1393776520-1001\$R9EXSAV.py,F:\$RECYCLE.BIN\S-1-5-21-1942464140-2856953516-1393776520-1001\$I9EXSAV.py,1,2193,2026-09-17T20:03:26.2680000Z,SHA-256全部一致
F:\Documents\楚物志\artifacts\cleanup-move-destinations.json,F:\$Recycle.Bin\S-1-5-21-1942464140-2856953516-1393776520-1001\$RITTHYH.json,F:\$RECYCLE.BIN\S-1-5-21-1942464140-2856953516-1393776520-1001\$IITTHYH.json,1,591,2026-09-17T20:03:26.6120000Z,SHA-256全部一致
F:\Documents\楚物志\artifacts\cleanup-precommit-audit.json,F:\$Recycle.Bin\S-1-5-21-1942464140-2856953516-1393776520-1001\$RUFLBRT.json,F:\$RECYCLE.BIN\S-1-5-21-1942464140-2856953516-1393776520-1001\$IUFLBRT.json,1,96,2026-09-17T20:03:26.9710000Z,SHA-256全部一致
F:\Documents\楚物志\artifacts\cleanup-stage.log,F:\$Recycle.Bin\S-1-5-21-1942464140-2856953516-1393776520-1001\$R2753XT.log,F:\$RECYCLE.BIN\S-1-5-21-1942464140-2856953516-1393776520-1001\$I2753XT.log,1,0,2026-09-17T20:03:27.3440000Z,SHA-256全部一致
F:\Documents\楚物志\artifacts\cleanup-staged-check.txt,F:\$Recycle.Bin\S-1-5-21-1942464140-2856953516-1393776520-1001\$RN55ZYU.txt,F:\$RECYCLE.BIN\S-1-5-21-1942464140-2856953516-1393776520-1001\$IN55ZYU.txt,1,271,2026-09-17T20:03:27.7160000Z,SHA-256全部一致
F:\Documents\楚物志\artifacts\cleanup-staged-files.txt,F:\$Recycle.Bin\S-1-5-21-1942464140-2856953516-1393776520-1001\$RQQVHBC.txt,F:\$RECYCLE.BIN\S-1-5-21-1942464140-2856953516-1393776520-1001\$IQQVHBC.txt,1,187881,2026-09-17T20:03:28.0740000Z,SHA-256全部一致
F:\Documents\楚物志\artifacts\cleanup-staged-size.txt,F:\$Recycle.Bin\S-1-5-21-1942464140-2856953516-1393776520-1001\$R1RVMT6.txt,F:\$RECYCLE.BIN\S-1-5-21-1942464140-2856953516-1393776520-1001\$I1RVMT6.txt,1,194859,2026-09-17T20:03:28.4770000Z,SHA-256全部一致
F:\Documents\楚物志\artifacts\cleanup-usn-errors.txt,F:\$Recycle.Bin\S-1-5-21-1942464140-2856953516-1393776520-1001\$R4SFOZZ.txt,F:\$RECYCLE.BIN\S-1-5-21-1942464140-2856953516-1393776520-1001\$I4SFOZZ.txt,1,0,2026-09-17T20:03:28.8080000Z,SHA-256全部一致
F:\Documents\楚物志\artifacts\cleanup-usn-journal.csv,F:\$Recycle.Bin\S-1-5-21-1942464140-2856953516-1393776520-1001\$RVCDX2Q.csv,F:\$RECYCLE.BIN\S-1-5-21-1942464140-2856953516-1393776520-1001\$IVCDX2Q.csv,1,28,2026-09-17T20:03:29.1020000Z,SHA-256全部一致
F:\Documents\楚物志\artifacts\competition-plan,F:\$Recycle.Bin\S-1-5-21-1942464140-2856953516-1393776520-1001\$RM7N2Z5,F:\$RECYCLE.BIN\S-1-5-21-1942464140-2856953516-1393776520-1001\$IM7N2Z5,4,38609,2026-09-17T20:03:29.4490000Z,SHA-256全部一致
F:\Documents\楚物志\artifacts\cover,F:\$Recycle.Bin\S-1-5-21-1942464140-2856953516-1393776520-1001\$RL8CLPK,F:\$RECYCLE.BIN\S-1-5-21-1942464140-2856953516-1393776520-1001\$IL8CLPK,0,0,2026-09-17T20:03:30.3750000Z,SHA-256全部一致
F:\Documents\楚物志\artifacts\cover-export.log,F:\$Recycle.Bin\S-1-5-21-1942464140-2856953516-1393776520-1001\$RF1UI6F.log,F:\$RECYCLE.BIN\S-1-5-21-1942464140-2856953516-1393776520-1001\$IF1UI6F.log,1,1124,2026-09-17T20:03:31.3990000Z,SHA-256全部一致
F:\Documents\楚物志\artifacts\craft-pixel-ui,F:\$Recycle.Bin\S-1-5-21-1942464140-2856953516-1393776520-1001\$R24A8TW,F:\$RECYCLE.BIN\S-1-5-21-1942464140-2856953516-1393776520-1001\$I24A8TW,31,23183877,2026-09-17T20:03:31.8960000Z,SHA-256全部一致
F:\Documents\楚物志\artifacts\credits-review.log,F:\$Recycle.Bin\S-1-5-21-1942464140-2856953516-1393776520-1001\$RW7AH9Z.log,F:\$RECYCLE.BIN\S-1-5-21-1942464140-2856953516-1393776520-1001\$IW7AH9Z.log,1,1280,2026-09-17T20:03:32.9050000Z,SHA-256全部一致
F:\Documents\楚物志\artifacts\credits-submission,F:\$Recycle.Bin\S-1-5-21-1942464140-2856953516-1393776520-1001\$RKHHYDU,F:\$RECYCLE.BIN\S-1-5-21-1942464140-2856953516-1393776520-1001\$IKHHYDU,65,4124432587,2026-09-17T20:03:38.2220000Z,SHA-256全部一致
F:\Documents\楚物志\artifacts\current-windows-build.txt,F:\$Recycle.Bin\S-1-5-21-1942464140-2856953516-1393776520-1001\$RX7OAX1.txt,F:\$RECYCLE.BIN\S-1-5-21-1942464140-2856953516-1393776520-1001\$IX7OAX1.txt,1,64,2026-09-17T20:03:44.3230000Z,SHA-256全部一致
F:\Documents\楚物志\artifacts\dong-anatomy-motion-v8,F:\$Recycle.Bin\S-1-5-21-1942464140-2856953516-1393776520-1001\$REK26YE,F:\$RECYCLE.BIN\S-1-5-21-1942464140-2856953516-1393776520-1001\$IEK26YE,198,150951849,2026-09-17T20:03:45.1490000Z,SHA-256全部一致
F:\Documents\楚物志\artifacts\dong-anatomy-motion-v8-final,F:\$Recycle.Bin\S-1-5-21-1942464140-2856953516-1393776520-1001\$RGND2AH,F:\$RECYCLE.BIN\S-1-5-21-1942464140-2856953516-1393776520-1001\$IGND2AH,197,149811868,2026-09-17T20:03:46.7620000Z,SHA-256全部一致
F:\Documents\楚物志\artifacts\dong-anatomy-motion-v8-final.log,F:\$Recycle.Bin\S-1-5-21-1942464140-2856953516-1393776520-1001\$R8NJF0L.log,F:\$RECYCLE.BIN\S-1-5-21-1942464140-2856953516-1393776520-1001\$I8NJF0L.log,1,1186,2026-09-17T20:03:48.0210000Z,SHA-256全部一致
F:\Documents\楚物志\artifacts\dong-anatomy-motion-v8.log,F:\$Recycle.Bin\S-1-5-21-1942464140-2856953516-1393776520-1001\$RW3DNNC.log,F:\$RECYCLE.BIN\S-1-5-21-1942464140-2856953516-1393776520-1001\$IW3DNNC.log,1,1186,2026-09-17T20:03:48.4610000Z,SHA-256全部一致
F:\Documents\楚物志\artifacts\dong-anatomy-v8-final-render.log,F:\$Recycle.Bin\S-1-5-21-1942464140-2856953516-1393776520-1001\$RAMEOYR.log,F:\$RECYCLE.BIN\S-1-5-21-1942464140-2856953516-1393776520-1001\$IAMEOYR.log,1,1410,2026-09-17T20:03:48.8390000Z,SHA-256全部一致
F:\Documents\楚物志\artifacts\dong-father-v8-import.log,F:\$Recycle.Bin\S-1-5-21-1942464140-2856953516-1393776520-1001\$RTHGZSL.log,F:\$RECYCLE.BIN\S-1-5-21-1942464140-2856953516-1393776520-1001\$ITHGZSL.log,1,2106,2026-09-17T20:03:49.2290000Z,SHA-256全部一致
F:\Documents\楚物志\artifacts\dong-hand-connection-v5,F:\$Recycle.Bin\S-1-5-21-1942464140-2856953516-1393776520-1001\$RC3BTNZ,F:\$RECYCLE.BIN\S-1-5-21-1942464140-2856953516-1393776520-1001\$IC3BTNZ,54,22021188,2026-09-17T20:03:49.7550000Z,SHA-256全部一致
F:\Documents\楚物志\artifacts\dong-hand-connection-v5-render.log,F:\$Recycle.Bin\S-1-5-21-1942464140-2856953516-1393776520-1001\$RLEHFZQ.log,F:\$RECYCLE.BIN\S-1-5-21-1942464140-2856953516-1393776520-1001\$ILEHFZQ.log,1,78406,2026-09-17T20:03:50.7370000Z,SHA-256全部一致
F:\Documents\楚物志\artifacts\dong-hand-connection-v6,F:\$Recycle.Bin\S-1-5-21-1942464140-2856953516-1393776520-1001\$R4Q9X4O,F:\$RECYCLE.BIN\S-1-5-21-1942464140-2856953516-1393776520-1001\$I4Q9X4O,54,22023859,2026-09-17T20:03:51.2760000Z,SHA-256全部一致
F:\Documents\楚物志\artifacts\dong-hand-connection-v6-render.log,F:\$Recycle.Bin\S-1-5-21-1942464140-2856953516-1393776520-1001\$RFZSRD5.log,F:\$RECYCLE.BIN\S-1-5-21-1942464140-2856953516-1393776520-1001\$IFZSRD5.log,1,1100,2026-09-17T20:03:52.4020000Z,SHA-256全部一致
F:\Documents\楚物志\artifacts\dong-hand-connection-v7,F:\$Recycle.Bin\S-1-5-21-1942464140-2856953516-1393776520-1001\$R678DTC,F:\$RECYCLE.BIN\S-1-5-21-1942464140-2856953516-1393776520-1001\$I678DTC,104,42638331,2026-09-17T20:03:53.0870000Z,SHA-256全部一致
F:\Documents\楚物志\artifacts\dong-hand-connection-v7-render.log,F:\$Recycle.Bin\S-1-5-21-1942464140-2856953516-1393776520-1001\$R2G6UKX.log,F:\$RECYCLE.BIN\S-1-5-21-1942464140-2856953516-1393776520-1001\$I2G6UKX.log,1,1410,2026-09-17T20:03:54.1360000Z,SHA-256全部一致
F:\Documents\楚物志\artifacts\dong-hand-connection-v7-tests.log,F:\$Recycle.Bin\S-1-5-21-1942464140-2856953516-1393776520-1001\$RJKVC2U.log,F:\$RECYCLE.BIN\S-1-5-21-1942464140-2856953516-1393776520-1001\$IJKVC2U.log,1,6873,2026-09-17T20:03:54.5950000Z,SHA-256全部一致
F:\Documents\楚物志\artifacts\dong-hand-connection-v8,F:\$Recycle.Bin\S-1-5-21-1942464140-2856953516-1393776520-1001\$R6SGMRL,F:\$RECYCLE.BIN\S-1-5-21-1942464140-2856953516-1393776520-1001\$I6SGMRL,104,42388146,2026-09-17T20:03:55.2280000Z,SHA-256全部一致
F:\Documents\楚物志\artifacts\dong-hand-connection-v8-final,F:\$Recycle.Bin\S-1-5-21-1942464140-2856953516-1393776520-1001\$RBEMTO8,F:\$RECYCLE.BIN\S-1-5-21-1942464140-2856953516-1393776520-1001\$IBEMTO8,104,42311539,2026-09-17T20:03:56.5300000Z,SHA-256全部一致
F:\Documents\楚物志\artifacts\dong-hand-connection-v8-render.log,F:\$Recycle.Bin\S-1-5-21-1942464140-2856953516-1393776520-1001\$RMOGASH.log,F:\$RECYCLE.BIN\S-1-5-21-1942464140-2856953516-1393776520-1001\$IMOGASH.log,1,1410,2026-09-17T20:03:57.6620000Z,SHA-256全部一致
F:\Documents\楚物志\artifacts\dong-hand-connection-v8b,F:\$Recycle.Bin\S-1-5-21-1942464140-2856953516-1393776520-1001\$RRO14TF,F:\$RECYCLE.BIN\S-1-5-21-1942464140-2856953516-1393776520-1001\$IRO14TF,105,42861994,2026-09-17T20:03:58.3230000Z,SHA-256全部一致
F:\Documents\楚物志\artifacts\dong-hand-connection-v8b-render.log,F:\$Recycle.Bin\S-1-5-21-1942464140-2856953516-1393776520-1001\$RHSM8IX.log,F:\$RECYCLE.BIN\S-1-5-21-1942464140-2856953516-1393776520-1001\$IHSM8IX.log,1,1410,2026-09-17T20:03:59.2740000Z,SHA-256全部一致
F:\Documents\楚物志\artifacts\dong-intact-anatomy-v8-tests.log,F:\$Recycle.Bin\S-1-5-21-1942464140-2856953516-1393776520-1001\$R4ZGUAO.log,F:\$RECYCLE.BIN\S-1-5-21-1942464140-2856953516-1393776520-1001\$I4ZGUAO.log,1,1741,2026-09-17T20:03:59.6670000Z,SHA-256全部一致
F:\Documents\楚物志\artifacts\dong-original-detail-v4,F:\$Recycle.Bin\S-1-5-21-1942464140-2856953516-1393776520-1001\$RFEE2LH,F:\$RECYCLE.BIN\S-1-5-21-1942464140-2856953516-1393776520-1001\$IFEE2LH,26,17945343,2026-09-17T20:04:00.1380000Z,SHA-256全部一致
F:\Documents\楚物志\artifacts\dong-original-detail-v4-appearance-final.log,F:\$Recycle.Bin\S-1-5-21-1942464140-2856953516-1393776520-1001\$RT9AB22.log,F:\$RECYCLE.BIN\S-1-5-21-1942464140-2856953516-1393776520-1001\$IT9AB22.log,1,1887,2026-09-17T20:04:01.0560000Z,SHA-256全部一致
F:\Documents\楚物志\artifacts\dong-original-detail-v4-cover-import.log,F:\$Recycle.Bin\S-1-5-21-1942464140-2856953516-1393776520-1001\$RRVKO4X.log,F:\$RECYCLE.BIN\S-1-5-21-1942464140-2856953516-1393776520-1001\$IRVKO4X.log,1,6056,2026-09-17T20:04:01.4410000Z,SHA-256全部一致
F:\Documents\楚物志\artifacts\dong-original-detail-v4-import.log,F:\$Recycle.Bin\S-1-5-21-1942464140-2856953516-1393776520-1001\$R6ZT3O8.log,F:\$RECYCLE.BIN\S-1-5-21-1942464140-2856953516-1393776520-1001\$I6ZT3O8.log,1,13820,2026-09-17T20:04:01.8240000Z,SHA-256全部一致
F:\Documents\楚物志\artifacts\dong-original-detail-v4-render.log,F:\$Recycle.Bin\S-1-5-21-1942464140-2856953516-1393776520-1001\$RAF84DA.log,F:\$RECYCLE.BIN\S-1-5-21-1942464140-2856953516-1393776520-1001\$IAF84DA.log,1,1100,2026-09-17T20:04:02.3280000Z,SHA-256全部一致
F:\Documents\楚物志\artifacts\dong-original-detail-v4-tests.log,F:\$Recycle.Bin\S-1-5-21-1942464140-2856953516-1393776520-1001\$REMCR47.log,F:\$RECYCLE.BIN\S-1-5-21-1942464140-2856953516-1393776520-1001\$IEMCR47.log,1,3491,2026-09-17T20:04:02.8160000Z,SHA-256全部一致
F:\Documents\楚物志\artifacts\dong-parts-review.png,F:\$Recycle.Bin\S-1-5-21-1942464140-2856953516-1393776520-1001\$RF6D5L6.png,F:\$RECYCLE.BIN\S-1-5-21-1942464140-2856953516-1393776520-1001\$IF6D5L6.png,1,52453,2026-09-17T20:04:03.3320000Z,SHA-256全部一致
F:\Documents\楚物志\artifacts\dong-reference-six.png,F:\$Recycle.Bin\S-1-5-21-1942464140-2856953516-1393776520-1001\$RB3BV0R.png,F:\$RECYCLE.BIN\S-1-5-21-1942464140-2856953516-1393776520-1001\$IB3BV0R.png,1,490013,2026-09-17T20:04:03.9100000Z,SHA-256全部一致
F:\Documents\楚物志\artifacts\dong-v8-final-import.log,F:\$Recycle.Bin\S-1-5-21-1942464140-2856953516-1393776520-1001\$RYQR6NO.log,F:\$RECYCLE.BIN\S-1-5-21-1942464140-2856953516-1393776520-1001\$IYQR6NO.log,1,3268,2026-09-17T20:04:04.4660000Z,SHA-256全部一致
F:\Documents\楚物志\artifacts\dong-v8-final-regression.log,F:\$Recycle.Bin\S-1-5-21-1942464140-2856953516-1393776520-1001\$R9AALXG.log,F:\$RECYCLE.BIN\S-1-5-21-1942464140-2856953516-1393776520-1001\$I9AALXG.log,1,4428,2026-09-17T20:04:04.8910000Z,SHA-256全部一致
F:\Documents\楚物志\artifacts\dong-v8-frame-review,F:\$Recycle.Bin\S-1-5-21-1942464140-2856953516-1393776520-1001\$RH56RD0,F:\$RECYCLE.BIN\S-1-5-21-1942464140-2856953516-1393776520-1001\$IH56RD0,5,30609,2026-09-17T20:04:05.2870000Z,SHA-256全部一致
F:\Documents\楚物志\artifacts\dong-v8-import.log,F:\$Recycle.Bin\S-1-5-21-1942464140-2856953516-1393776520-1001\$RH0OMWP.log,F:\$RECYCLE.BIN\S-1-5-21-1942464140-2856953516-1393776520-1001\$IH0OMWP.log,1,3902,2026-09-17T20:04:06.1600000Z,SHA-256全部一致
F:\Documents\楚物志\artifacts\dong-v8-regression.gutconfig.json,F:\$Recycle.Bin\S-1-5-21-1942464140-2856953516-1393776520-1001\$RHP4UOW.json,F:\$RECYCLE.BIN\S-1-5-21-1942464140-2856953516-1393776520-1001\$IHP4UOW.json,1,319,2026-09-17T20:04:06.5540000Z,SHA-256全部一致
F:\Documents\楚物志\artifacts\dong-v8-regression.log,F:\$Recycle.Bin\S-1-5-21-1942464140-2856953516-1393776520-1001\$R7CTGDO.log,F:\$RECYCLE.BIN\S-1-5-21-1942464140-2856953516-1393776520-1001\$I7CTGDO.log,1,4427,2026-09-17T20:04:06.9580000Z,SHA-256全部一致
F:\Documents\楚物志\artifacts\dong-v8-user-preview-error.log,F:\$Recycle.Bin\S-1-5-21-1942464140-2856953516-1393776520-1001\$RBJNE1I.log,F:\$RECYCLE.BIN\S-1-5-21-1942464140-2856953516-1393776520-1001\$IBJNE1I.log,1,0,2026-09-17T20:04:07.3110000Z,SHA-256全部一致
F:\Documents\楚物志\artifacts\dong-v8-user-preview.log,F:\$Recycle.Bin\S-1-5-21-1942464140-2856953516-1393776520-1001\$RC77J87.log,F:\$RECYCLE.BIN\S-1-5-21-1942464140-2856953516-1393776520-1001\$IC77J87.log,1,1131,2026-09-17T20:04:07.6930000Z,SHA-256全部一致
F:\Documents\楚物志\artifacts\dong_scale_cleanup.py,F:\$Recycle.Bin\S-1-5-21-1942464140-2856953516-1393776520-1001\$RXP83YK.py,F:\$RECYCLE.BIN\S-1-5-21-1942464140-2856953516-1393776520-1001\$IXP83YK.py,1,204,2026-09-17T20:04:08.1020000Z,SHA-256全部一致
F:\Documents\楚物志\artifacts\escort-name-tests.log,F:\$Recycle.Bin\S-1-5-21-1942464140-2856953516-1393776520-1001\$RWRL7O7.log,F:\$RECYCLE.BIN\S-1-5-21-1942464140-2856953516-1393776520-1001\$IWRL7O7.log,1,4575,2026-09-17T20:04:08.5210000Z,SHA-256全部一致
F:\Documents\楚物志\artifacts\escort-route-play.log,F:\$Recycle.Bin\S-1-5-21-1942464140-2856953516-1393776520-1001\$RSAEN9H.log,F:\$RECYCLE.BIN\S-1-5-21-1942464140-2856953516-1393776520-1001\$ISAEN9H.log,1,1424,2026-09-17T20:04:08.9160000Z,SHA-256全部一致
F:\Documents\楚物志\artifacts\escort-route-v5,F:\$Recycle.Bin\S-1-5-21-1942464140-2856953516-1393776520-1001\$R50B5IH,F:\$RECYCLE.BIN\S-1-5-21-1942464140-2856953516-1393776520-1001\$I50B5IH,13,3541693,2026-09-17T20:04:09.3260000Z,SHA-256全部一致
F:\Documents\楚物志\artifacts\escort-user-preview.log,F:\$Recycle.Bin\S-1-5-21-1942464140-2856953516-1393776520-1001\$RJQ7DT8.log,F:\$RECYCLE.BIN\S-1-5-21-1942464140-2856953516-1393776520-1001\$IJQ7DT8.log,1,1110,2026-09-17T20:04:10.2010000Z,SHA-256全部一致
F:\Documents\楚物志\artifacts\final-replay-session-11780-2.trace.log,F:\$Recycle.Bin\S-1-5-21-1942464140-2856953516-1393776520-1001\$RH71HW0.log,F:\$RECYCLE.BIN\S-1-5-21-1942464140-2856953516-1393776520-1001\$IH71HW0.log,1,991,2026-09-17T20:04:10.6080000Z,SHA-256全部一致
F:\Documents\楚物志\artifacts\final-replay-session-11780-5.trace.log,F:\$Recycle.Bin\S-1-5-21-1942464140-2856953516-1393776520-1001\$R1F5EA7.log,F:\$RECYCLE.BIN\S-1-5-21-1942464140-2856953516-1393776520-1001\$I1F5EA7.log,1,991,2026-09-17T20:04:11.0430000Z,SHA-256全部一致
F:\Documents\楚物志\artifacts\final-replay-session-11780-8.trace.log,F:\$Recycle.Bin\S-1-5-21-1942464140-2856953516-1393776520-1001\$RW0JOD6.log,F:\$RECYCLE.BIN\S-1-5-21-1942464140-2856953516-1393776520-1001\$IW0JOD6.log,1,991,2026-09-17T20:04:11.4030000Z,SHA-256全部一致
F:\Documents\楚物志\artifacts\fix_tutorial_input.py,F:\$Recycle.Bin\S-1-5-21-1942464140-2856953516-1393776520-1001\$RU4O0RX.py,F:\$RECYCLE.BIN\S-1-5-21-1942464140-2856953516-1393776520-1001\$IU4O0RX.py,1,803,2026-09-17T20:04:11.8490000Z,SHA-256全部一致
F:\Documents\楚物志\artifacts\fix_tutorial_runner.py,F:\$Recycle.Bin\S-1-5-21-1942464140-2856953516-1393776520-1001\$RJ5P6Z0.py,F:\$RECYCLE.BIN\S-1-5-21-1942464140-2856953516-1393776520-1001\$IJ5P6Z0.py,1,774,2026-09-17T20:04:12.2790000Z,SHA-256全部一致
F:\Documents\楚物志\artifacts\food-tooltip-text-check.log,F:\$Recycle.Bin\S-1-5-21-1942464140-2856953516-1393776520-1001\$RMGS5TA.log,F:\$RECYCLE.BIN\S-1-5-21-1942464140-2856953516-1393776520-1001\$IMGS5TA.log,1,1742,2026-09-17T20:04:12.6490000Z,SHA-256全部一致
F:\Documents\楚物志\artifacts\frontend,F:\$Recycle.Bin\S-1-5-21-1942464140-2856953516-1393776520-1001\$R38BILM,F:\$RECYCLE.BIN\S-1-5-21-1942464140-2856953516-1393776520-1001\$I38BILM,65,48276218,2026-09-17T20:04:13.1760000Z,SHA-256全部一致
F:\Documents\楚物志\artifacts\frontend-e2e-4.7.2-console.log,F:\$Recycle.Bin\S-1-5-21-1942464140-2856953516-1393776520-1001\$RRUYEUY.log,F:\$RECYCLE.BIN\S-1-5-21-1942464140-2856953516-1393776520-1001\$IRUYEUY.log,1,4148,2026-09-17T20:04:14.1440000Z,SHA-256全部一致
F:\Documents\楚物志\artifacts\frontend-e2e-4.7.2.log,F:\$Recycle.Bin\S-1-5-21-1942464140-2856953516-1393776520-1001\$R8X6E6S.log,F:\$RECYCLE.BIN\S-1-5-21-1942464140-2856953516-1393776520-1001\$I8X6E6S.log,1,4057,2026-09-17T20:04:14.5250000Z,SHA-256全部一致
F:\Documents\楚物志\artifacts\gallery-short-title-v3.log,F:\$Recycle.Bin\S-1-5-21-1942464140-2856953516-1393776520-1001\$RUF0Z0Y.log,F:\$RECYCLE.BIN\S-1-5-21-1942464140-2856953516-1393776520-1001\$IUF0Z0Y.log,1,2382,2026-09-17T20:04:14.9060000Z,SHA-256全部一致
F:\Documents\楚物志\artifacts\git-add-warnings.log,F:\$Recycle.Bin\S-1-5-21-1942464140-2856953516-1393776520-1001\$R7XXK0F.log,F:\$RECYCLE.BIN\S-1-5-21-1942464140-2856953516-1393776520-1001\$I7XXK0F.log,1,9157,2026-09-17T20:04:15.3010000Z,SHA-256全部一致
F:\Documents\楚物志\artifacts\guide,F:\$Recycle.Bin\S-1-5-21-1942464140-2856953516-1393776520-1001\$R2V5BZ3,F:\$RECYCLE.BIN\S-1-5-21-1942464140-2856953516-1393776520-1001\$I2V5BZ3,8,3913778,2026-09-17T20:04:15.7770000Z,SHA-256全部一致
F:\Documents\楚物志\artifacts\guide-qa,F:\$Recycle.Bin\S-1-5-21-1942464140-2856953516-1393776520-1001\$RKSSBGO,F:\$RECYCLE.BIN\S-1-5-21-1942464140-2856953516-1393776520-1001\$IKSSBGO,21,10924794,2026-09-17T20:04:16.8050000Z,SHA-256全部一致
F:\Documents\楚物志\artifacts\gupen-pixel-play,F:\$Recycle.Bin\S-1-5-21-1942464140-2856953516-1393776520-1001\$RD5ABLD,F:\$RECYCLE.BIN\S-1-5-21-1942464140-2856953516-1393776520-1001\$ID5ABLD,5,2795835,2026-09-17T20:04:18.0400000Z,SHA-256全部一致
F:\Documents\楚物志\artifacts\gut-4.7.2-console.log,F:\$Recycle.Bin\S-1-5-21-1942464140-2856953516-1393776520-1001\$RRKCU7O.log,F:\$RECYCLE.BIN\S-1-5-21-1942464140-2856953516-1393776520-1001\$IRKCU7O.log,1,76143,2026-09-17T20:04:19.1450000Z,SHA-256全部一致
F:\Documents\楚物志\artifacts\gut-4.7.2.log,F:\$Recycle.Bin\S-1-5-21-1942464140-2856953516-1393776520-1001\$RQSQYFM.log,F:\$RECYCLE.BIN\S-1-5-21-1942464140-2856953516-1393776520-1001\$IQSQYFM.log,1,73826,2026-09-17T20:04:19.5600000Z,SHA-256全部一致
F:\Documents\楚物志\artifacts\gut-final-4.7.2-console.log,F:\$Recycle.Bin\S-1-5-21-1942464140-2856953516-1393776520-1001\$RXE12ZQ.log,F:\$RECYCLE.BIN\S-1-5-21-1942464140-2856953516-1393776520-1001\$IXE12ZQ.log,1,76707,2026-09-17T20:04:20.0260000Z,SHA-256全部一致
F:\Documents\楚物志\artifacts\gut-final-4.7.2.log,F:\$Recycle.Bin\S-1-5-21-1942464140-2856953516-1393776520-1001\$R4QY4Y9.log,F:\$RECYCLE.BIN\S-1-5-21-1942464140-2856953516-1393776520-1001\$I4QY4Y9.log,1,74388,2026-09-17T20:04:20.5000000Z,SHA-256全部一致
F:\Documents\楚物志\artifacts\heritage-rework-music-recheck.log,F:\$Recycle.Bin\S-1-5-21-1942464140-2856953516-1393776520-1001\$RJ5OVIR.log,F:\$RECYCLE.BIN\S-1-5-21-1942464140-2856953516-1393776520-1001\$IJ5OVIR.log,1,2350,2026-09-17T20:04:21.0250000Z,SHA-256全部一致
F:\Documents\楚物志\artifacts\host-v2-import.log,F:\$Recycle.Bin\S-1-5-21-1942464140-2856953516-1393776520-1001\$RARDHYL.log,F:\$RECYCLE.BIN\S-1-5-21-1942464140-2856953516-1393776520-1001\$IARDHYL.log,1,5517,2026-09-17T20:04:21.3830000Z,SHA-256全部一致
F:\Documents\楚物志\artifacts\host-v2-preview.log,F:\$Recycle.Bin\S-1-5-21-1942464140-2856953516-1393776520-1001\$RCAGGFT.log,F:\$RECYCLE.BIN\S-1-5-21-1942464140-2856953516-1393776520-1001\$ICAGGFT.log,1,1886,2026-09-17T20:04:21.8130000Z,SHA-256全部一致
F:\Documents\楚物志\artifacts\host-v2-side-settings-tests.log,F:\$Recycle.Bin\S-1-5-21-1942464140-2856953516-1393776520-1001\$RTL4FQD.log,F:\$RECYCLE.BIN\S-1-5-21-1942464140-2856953516-1393776520-1001\$ITL4FQD.log,1,1935,2026-09-17T20:04:22.2670000Z,SHA-256全部一致
F:\Documents\楚物志\artifacts\host-v2-tests.log,F:\$Recycle.Bin\S-1-5-21-1942464140-2856953516-1393776520-1001\$RU6MAE3.log,F:\$RECYCLE.BIN\S-1-5-21-1942464140-2856953516-1393776520-1001\$IU6MAE3.log,1,2738,2026-09-17T20:04:22.7160000Z,SHA-256全部一致
F:\Documents\楚物志\artifacts\huangmei-complete-audio-console.log,F:\$Recycle.Bin\S-1-5-21-1942464140-2856953516-1393776520-1001\$RUFB63A.log,F:\$RECYCLE.BIN\S-1-5-21-1942464140-2856953516-1393776520-1001\$IUFB63A.log,1,3093,2026-09-17T20:04:23.0920000Z,SHA-256全部一致
F:\Documents\楚物志\artifacts\huangmei-complete-audio.log,F:\$Recycle.Bin\S-1-5-21-1942464140-2856953516-1393776520-1001\$RED2BRN.log,F:\$RECYCLE.BIN\S-1-5-21-1942464140-2856953516-1393776520-1001\$IED2BRN.log,1,2948,2026-09-17T20:04:23.5440000Z,SHA-256全部一致
F:\Documents\楚物志\artifacts\huangmei-final-console.log,F:\$Recycle.Bin\S-1-5-21-1942464140-2856953516-1393776520-1001\$R3T3IZT.log,F:\$RECYCLE.BIN\S-1-5-21-1942464140-2856953516-1393776520-1001\$I3T3IZT.log,1,2979,2026-09-17T20:04:24.0790000Z,SHA-256全部一致
F:\Documents\楚物志\artifacts\huangmei-final.log,F:\$Recycle.Bin\S-1-5-21-1942464140-2856953516-1393776520-1001\$R3B82JI.log,F:\$RECYCLE.BIN\S-1-5-21-1942464140-2856953516-1393776520-1001\$I3B82JI.log,1,2802,2026-09-17T20:04:24.5880000Z,SHA-256全部一致
F:\Documents\楚物志\artifacts\huangmei-lifecycle.log,F:\$Recycle.Bin\S-1-5-21-1942464140-2856953516-1393776520-1001\$R3WB25D.log,F:\$RECYCLE.BIN\S-1-5-21-1942464140-2856953516-1393776520-1001\$I3WB25D.log,1,1946,2026-09-17T20:04:24.9840000Z,SHA-256全部一致
F:\Documents\楚物志\artifacts\huangmei-pipeline.log,F:\$Recycle.Bin\S-1-5-21-1942464140-2856953516-1393776520-1001\$RLA1525.log,F:\$RECYCLE.BIN\S-1-5-21-1942464140-2856953516-1393776520-1001\$ILA1525.log,1,1719,2026-09-17T20:04:25.3950000Z,SHA-256全部一致
F:\Documents\楚物志\artifacts\huangmei-repeat-console.log,F:\$Recycle.Bin\S-1-5-21-1942464140-2856953516-1393776520-1001\$R7L54EU.log,F:\$RECYCLE.BIN\S-1-5-21-1942464140-2856953516-1393776520-1001\$I7L54EU.log,1,3532,2026-09-17T20:04:25.8430000Z,SHA-256全部一致
F:\Documents\楚物志\artifacts\huangmei-repeat.log,F:\$Recycle.Bin\S-1-5-21-1942464140-2856953516-1393776520-1001\$ROQ0UOF.log,F:\$RECYCLE.BIN\S-1-5-21-1942464140-2856953516-1393776520-1001\$IOQ0UOF.log,1,3353,2026-09-17T20:04:26.4060000Z,SHA-256全部一致
F:\Documents\楚物志\artifacts\huangmei-stable-1-console.log,F:\$Recycle.Bin\S-1-5-21-1942464140-2856953516-1393776520-1001\$R2ZQSLI.log,F:\$RECYCLE.BIN\S-1-5-21-1942464140-2856953516-1393776520-1001\$I2ZQSLI.log,1,3092,2026-09-17T20:04:27.1110000Z,SHA-256全部一致
F:\Documents\楚物志\artifacts\huangmei-stable-1.log,F:\$Recycle.Bin\S-1-5-21-1942464140-2856953516-1393776520-1001\$RFQCZK4.log,F:\$RECYCLE.BIN\S-1-5-21-1942464140-2856953516-1393776520-1001\$IFQCZK4.log,1,2947,2026-09-17T20:04:27.8160000Z,SHA-256全部一致
F:\Documents\楚物志\artifacts\huangmei-stable-2-console.log,F:\$Recycle.Bin\S-1-5-21-1942464140-2856953516-1393776520-1001\$R6YJZXM.log,F:\$RECYCLE.BIN\S-1-5-21-1942464140-2856953516-1393776520-1001\$I6YJZXM.log,1,3093,2026-09-17T20:04:28.5140000Z,SHA-256全部一致
F:\Documents\楚物志\artifacts\huangmei-stable-2.log,F:\$Recycle.Bin\S-1-5-21-1942464140-2856953516-1393776520-1001\$R48HMC1.log,F:\$RECYCLE.BIN\S-1-5-21-1942464140-2856953516-1393776520-1001\$I48HMC1.log,1,2948,2026-09-17T20:04:29.1480000Z,SHA-256全部一致
F:\Documents\楚物志\artifacts\implement_tutorial.py,F:\$Recycle.Bin\S-1-5-21-1942464140-2856953516-1393776520-1001\$RJMEQ1L.py,F:\$RECYCLE.BIN\S-1-5-21-1942464140-2856953516-1393776520-1001\$IJMEQ1L.py,1,5812,2026-09-17T20:04:29.6930000Z,SHA-256全部一致
F:\Documents\楚物志\artifacts\input-revision,F:\$Recycle.Bin\S-1-5-21-1942464140-2856953516-1393776520-1001\$R36PKGV,F:\$RECYCLE.BIN\S-1-5-21-1942464140-2856953516-1393776520-1001\$I36PKGV,178,49630466,2026-09-17T20:04:30.4820000Z,SHA-256全部一致
F:\Documents\楚物志\artifacts\input-v3-play,F:\$Recycle.Bin\S-1-5-21-1942464140-2856953516-1393776520-1001\$RXTC3QK,F:\$RECYCLE.BIN\S-1-5-21-1942464140-2856953516-1393776520-1001\$IXTC3QK,8,20864,2026-09-17T20:04:31.9200000Z,SHA-256全部一致
F:\Documents\楚物志\artifacts\legacy-ui-preview,F:\$Recycle.Bin\S-1-5-21-1942464140-2856953516-1393776520-1001\$R9PWFOX,F:\$RECYCLE.BIN\S-1-5-21-1942464140-2856953516-1393776520-1001\$I9PWFOX,2,2504570,2026-09-17T20:04:33.2320000Z,SHA-256全部一致
F:\Documents\楚物志\artifacts\logo-import.log,F:\$Recycle.Bin\S-1-5-21-1942464140-2856953516-1393776520-1001\$RKO3DNZ.log,F:\$RECYCLE.BIN\S-1-5-21-1942464140-2856953516-1393776520-1001\$IKO3DNZ.log,1,2427,2026-09-17T20:04:34.5450000Z,SHA-256全部一致
F:\Documents\楚物志\artifacts\logo-review-final.log,F:\$Recycle.Bin\S-1-5-21-1942464140-2856953516-1393776520-1001\$R6HGL7Z.log,F:\$RECYCLE.BIN\S-1-5-21-1942464140-2856953516-1393776520-1001\$I6HGL7Z.log,1,1283,2026-09-17T20:04:35.1140000Z,SHA-256全部一致
F:\Documents\楚物志\artifacts\logo-review.log,F:\$Recycle.Bin\S-1-5-21-1942464140-2856953516-1393776520-1001\$RFPXASV.log,F:\$RECYCLE.BIN\S-1-5-21-1942464140-2856953516-1393776520-1001\$IFPXASV.log,1,1283,2026-09-17T20:04:35.6900000Z,SHA-256全部一致
F:\Documents\楚物志\artifacts\main-scene-4.7.2.log,F:\$Recycle.Bin\S-1-5-21-1942464140-2856953516-1393776520-1001\$RGEI0FU.log,F:\$RECYCLE.BIN\S-1-5-21-1942464140-2856953516-1393776520-1001\$IGEI0FU.log,1,929,2026-09-17T20:04:36.2520000Z,SHA-256全部一致
F:\Documents\楚物志\artifacts\melody-audio-engine.log,F:\$Recycle.Bin\S-1-5-21-1942464140-2856953516-1393776520-1001\$RZMSQ2C.log,F:\$RECYCLE.BIN\S-1-5-21-1942464140-2856953516-1393776520-1001\$IZMSQ2C.log,1,4998,2026-09-17T20:04:36.8160000Z,SHA-256全部一致
F:\Documents\楚物志\artifacts\melody-audio.log,F:\$Recycle.Bin\S-1-5-21-1942464140-2856953516-1393776520-1001\$RKNWXLM.log,F:\$RECYCLE.BIN\S-1-5-21-1942464140-2856953516-1393776520-1001\$IKNWXLM.log,1,5151,2026-09-17T20:04:37.3370000Z,SHA-256全部一致
F:\Documents\楚物志\artifacts\melody-full-engine.log,F:\$Recycle.Bin\S-1-5-21-1942464140-2856953516-1393776520-1001\$RNF72GT.log,F:\$RECYCLE.BIN\S-1-5-21-1942464140-2856953516-1393776520-1001\$INF72GT.log,1,79926,2026-09-17T20:04:37.8680000Z,SHA-256全部一致
F:\Documents\楚物志\artifacts\melody-full.log,F:\$Recycle.Bin\S-1-5-21-1942464140-2856953516-1393776520-1001\$R4LYTYG.log,F:\$RECYCLE.BIN\S-1-5-21-1942464140-2856953516-1393776520-1001\$I4LYTYG.log,1,82324,2026-09-17T20:04:38.4090000Z,SHA-256全部一致
F:\Documents\楚物志\artifacts\melody-full.xml,F:\$Recycle.Bin\S-1-5-21-1942464140-2856953516-1393776520-1001\$R6D1N57.xml,F:\$RECYCLE.BIN\S-1-5-21-1942464140-2856953516-1393776520-1001\$I6D1N57.xml,1,112832,2026-09-17T20:04:38.8820000Z,SHA-256全部一致
F:\Documents\楚物志\artifacts\melody-green-engine.log,F:\$Recycle.Bin\S-1-5-21-1942464140-2856953516-1393776520-1001\$R7LSZ4M.log,F:\$RECYCLE.BIN\S-1-5-21-1942464140-2856953516-1393776520-1001\$I7LSZ4M.log,1,6055,2026-09-17T20:04:39.3650000Z,SHA-256全部一致
F:\Documents\楚物志\artifacts\melody-green.log,F:\$Recycle.Bin\S-1-5-21-1942464140-2856953516-1393776520-1001\$RJN54ZZ.log,F:\$RECYCLE.BIN\S-1-5-21-1942464140-2856953516-1393776520-1001\$IJN54ZZ.log,1,6233,2026-09-17T20:04:39.8650000Z,SHA-256全部一致
F:\Documents\楚物志\artifacts\melody-red-engine.log,F:\$Recycle.Bin\S-1-5-21-1942464140-2856953516-1393776520-1001\$RGTV0O9.log,F:\$RECYCLE.BIN\S-1-5-21-1942464140-2856953516-1393776520-1001\$IGTV0O9.log,1,7015,2026-09-17T20:04:40.3060000Z,SHA-256全部一致
F:\Documents\楚物志\artifacts\melody-red.log,F:\$Recycle.Bin\S-1-5-21-1942464140-2856953516-1393776520-1001\$R2BOCSU.log,F:\$RECYCLE.BIN\S-1-5-21-1942464140-2856953516-1393776520-1001\$I2BOCSU.log,1,7279,2026-09-17T20:04:40.7950000Z,SHA-256全部一致
F:\Documents\楚物志\artifacts\melody-reference-final-engine.log,F:\$Recycle.Bin\S-1-5-21-1942464140-2856953516-1393776520-1001\$RN6ZE5H.log,F:\$RECYCLE.BIN\S-1-5-21-1942464140-2856953516-1393776520-1001\$IN6ZE5H.log,1,1857,2026-09-17T20:04:41.2220000Z,SHA-256全部一致
F:\Documents\楚物志\artifacts\melody-reference-final.log,F:\$Recycle.Bin\S-1-5-21-1942464140-2856953516-1393776520-1001\$RWCEVAE.log,F:\$RECYCLE.BIN\S-1-5-21-1942464140-2856953516-1393776520-1001\$IWCEVAE.log,1,1880,2026-09-17T20:04:41.6820000Z,SHA-256全部一致
F:\Documents\楚物志\artifacts\microphone-format-probe.log,F:\$Recycle.Bin\S-1-5-21-1942464140-2856953516-1393776520-1001\$R6WG90A.log,F:\$RECYCLE.BIN\S-1-5-21-1942464140-2856953516-1393776520-1001\$I6WG90A.log,1,1083,2026-09-17T20:04:42.1500000Z,SHA-256全部一致
F:\Documents\楚物志\artifacts\microphone-live-probe.log,F:\$Recycle.Bin\S-1-5-21-1942464140-2856953516-1393776520-1001\$RI278DF.log,F:\$RECYCLE.BIN\S-1-5-21-1942464140-2856953516-1393776520-1001\$II278DF.log,1,1141,2026-09-17T20:04:42.6570000Z,SHA-256全部一致
F:\Documents\楚物志\artifacts\migrate_action_story_integration.py,F:\$Recycle.Bin\S-1-5-21-1942464140-2856953516-1393776520-1001\$R2Q8J0M.py,F:\$RECYCLE.BIN\S-1-5-21-1942464140-2856953516-1393776520-1001\$I2Q8J0M.py,1,5294,2026-09-17T20:04:43.3180000Z,SHA-256全部一致
F:\Documents\楚物志\artifacts\migrate_action_story_tests.py,F:\$Recycle.Bin\S-1-5-21-1942464140-2856953516-1393776520-1001\$R9LYFO7.py,F:\$RECYCLE.BIN\S-1-5-21-1942464140-2856953516-1393776520-1001\$I9LYFO7.py,1,3837,2026-09-17T20:04:43.9010000Z,SHA-256全部一致
F:\Documents\楚物志\artifacts\minigame-import.log,F:\$Recycle.Bin\S-1-5-21-1942464140-2856953516-1393776520-1001\$RFYENN1.log,F:\$RECYCLE.BIN\S-1-5-21-1942464140-2856953516-1393776520-1001\$IFYENN1.log,1,5200,2026-09-17T20:04:44.3820000Z,SHA-256全部一致
F:\Documents\楚物志\artifacts\motion-appearance-invariance.log,F:\$Recycle.Bin\S-1-5-21-1942464140-2856953516-1393776520-1001\$REBAX61.log,F:\$RECYCLE.BIN\S-1-5-21-1942464140-2856953516-1393776520-1001\$IEBAX61.log,1,1774,2026-09-17T20:04:44.8860000Z,SHA-256全部一致
F:\Documents\楚物志\artifacts\motion-art-import.log,F:\$Recycle.Bin\S-1-5-21-1942464140-2856953516-1393776520-1001\$RXVTROH.log,F:\$RECYCLE.BIN\S-1-5-21-1942464140-2856953516-1393776520-1001\$IXVTROH.log,1,4478,2026-09-17T20:04:45.3780000Z,SHA-256全部一致
F:\Documents\楚物志\artifacts\motion-legacy-operators-gut.log,F:\$Recycle.Bin\S-1-5-21-1942464140-2856953516-1393776520-1001\$RX0C7J9.log,F:\$RECYCLE.BIN\S-1-5-21-1942464140-2856953516-1393776520-1001\$IX0C7J9.log,1,1627,2026-09-17T20:04:45.8780000Z,SHA-256全部一致
F:\Documents\楚物志\artifacts\motion-pixel-play,F:\$Recycle.Bin\S-1-5-21-1942464140-2856953516-1393776520-1001\$RXUHN8Q,F:\$RECYCLE.BIN\S-1-5-21-1942464140-2856953516-1393776520-1001\$IXUHN8Q,8,2026122,2026-09-17T20:04:46.4100000Z,SHA-256全部一致
F:\Documents\楚物志\artifacts\motion-pixel-ui,F:\$Recycle.Bin\S-1-5-21-1942464140-2856953516-1393776520-1001\$R3KCZMQ,F:\$RECYCLE.BIN\S-1-5-21-1942464140-2856953516-1393776520-1001\$I3KCZMQ,46,56163372,2026-09-17T20:04:47.5370000Z,SHA-256全部一致
F:\Documents\楚物志\artifacts\motion-pixel-ui-final.log,F:\$Recycle.Bin\S-1-5-21-1942464140-2856953516-1393776520-1001\$RVEP8EV.log,F:\$RECYCLE.BIN\S-1-5-21-1942464140-2856953516-1393776520-1001\$IVEP8EV.log,1,2300,2026-09-17T20:04:48.7470000Z,SHA-256全部一致
F:\Documents\楚物志\artifacts\motion-pixel-ui-refined.log,F:\$Recycle.Bin\S-1-5-21-1942464140-2856953516-1393776520-1001\$RRZHY2O.log,F:\$RECYCLE.BIN\S-1-5-21-1942464140-2856953516-1393776520-1001\$IRZHY2O.log,1,2139,2026-09-17T20:04:49.3480000Z,SHA-256全部一致
F:\Documents\楚物志\artifacts\motion-pixel-ui.log,F:\$Recycle.Bin\S-1-5-21-1942464140-2856953516-1393776520-1001\$RZET9B1.log,F:\$RECYCLE.BIN\S-1-5-21-1942464140-2856953516-1393776520-1001\$IZET9B1.log,1,3286,2026-09-17T20:04:50.0650000Z,SHA-256全部一致
F:\Documents\楚物志\artifacts\motion-v2-pixel-gut.log,F:\$Recycle.Bin\S-1-5-21-1942464140-2856953516-1393776520-1001\$RC7V54H.log,F:\$RECYCLE.BIN\S-1-5-21-1942464140-2856953516-1393776520-1001\$IC7V54H.log,1,2092,2026-09-17T20:04:50.8240000Z,SHA-256全部一致
F:\Documents\楚物志\artifacts\motion-v2-play,F:\$Recycle.Bin\S-1-5-21-1942464140-2856953516-1393776520-1001\$RD7DREC,F:\$RECYCLE.BIN\S-1-5-21-1942464140-2856953516-1393776520-1001\$ID7DREC,10,390304,2026-09-17T20:04:51.4930000Z,SHA-256全部一致
F:\Documents\楚物志\artifacts\music-host-regression-v3-fixed.log,F:\$Recycle.Bin\S-1-5-21-1942464140-2856953516-1393776520-1001\$RS3QIT4.log,F:\$RECYCLE.BIN\S-1-5-21-1942464140-2856953516-1393776520-1001\$IS3QIT4.log,1,1849,2026-09-17T20:04:52.6540000Z,SHA-256全部一致
F:\Documents\楚物志\artifacts\music-host-v3,F:\$Recycle.Bin\S-1-5-21-1942464140-2856953516-1393776520-1001\$RHM3DJA,F:\$RECYCLE.BIN\S-1-5-21-1942464140-2856953516-1393776520-1001\$IHM3DJA,39,35706325,2026-09-17T20:04:53.2950000Z,SHA-256全部一致
F:\Documents\楚物志\artifacts\music-host-v3.log,F:\$Recycle.Bin\S-1-5-21-1942464140-2856953516-1393776520-1001\$RRVK5HT.log,F:\$RECYCLE.BIN\S-1-5-21-1942464140-2856953516-1393776520-1001\$IRVK5HT.log,1,2736,2026-09-17T20:04:54.4670000Z,SHA-256全部一致
F:\Documents\楚物志\artifacts\music-host-v4,F:\$Recycle.Bin\S-1-5-21-1942464140-2856953516-1393776520-1001\$RI8JKPX,F:\$RECYCLE.BIN\S-1-5-21-1942464140-2856953516-1393776520-1001\$II8JKPX,36,35218754,2026-09-17T20:04:55.1100000Z,SHA-256全部一致
F:\Documents\楚物志\artifacts\music-host-v4-render.log,F:\$Recycle.Bin\S-1-5-21-1942464140-2856953516-1393776520-1001\$RIUEM88.log,F:\$RECYCLE.BIN\S-1-5-21-1942464140-2856953516-1393776520-1001\$IIUEM88.log,1,2680,2026-09-17T20:04:56.2600000Z,SHA-256全部一致
F:\Documents\楚物志\artifacts\music-input-avatar-regression,F:\$Recycle.Bin\S-1-5-21-1942464140-2856953516-1393776520-1001\$RYC6JEU,F:\$RECYCLE.BIN\S-1-5-21-1942464140-2856953516-1393776520-1001\$IYC6JEU,1,13088,2026-09-17T20:04:56.9040000Z,SHA-256全部一致
F:\Documents\楚物志\artifacts\music-motion-v4,F:\$Recycle.Bin\S-1-5-21-1942464140-2856953516-1393776520-1001\$RSS496M,F:\$RECYCLE.BIN\S-1-5-21-1942464140-2856953516-1393776520-1001\$ISS496M,763,274820028,2026-09-17T20:04:59.4780000Z,SHA-256全部一致
F:\Documents\楚物志\artifacts\music-motion-v4-1280-final.log,F:\$Recycle.Bin\S-1-5-21-1942464140-2856953516-1393776520-1001\$RVNV4F8.log,F:\$RECYCLE.BIN\S-1-5-21-1942464140-2856953516-1393776520-1001\$IVNV4F8.log,1,1365,2026-09-17T20:05:01.7620000Z,SHA-256全部一致
F:\Documents\楚物志\artifacts\music-motion-v4-capture-final.log,F:\$Recycle.Bin\S-1-5-21-1942464140-2856953516-1393776520-1001\$RVSDML6.log,F:\$RECYCLE.BIN\S-1-5-21-1942464140-2856953516-1393776520-1001\$IVSDML6.log,1,1361,2026-09-17T20:05:02.5990000Z,SHA-256全部一致
F:\Documents\楚物志\artifacts\music-motion-v4-capture.log,F:\$Recycle.Bin\S-1-5-21-1942464140-2856953516-1393776520-1001\$RGXW9JQ.log,F:\$RECYCLE.BIN\S-1-5-21-1942464140-2856953516-1393776520-1001\$IGXW9JQ.log,1,1315,2026-09-17T20:05:03.2360000Z,SHA-256全部一致
F:\Documents\楚物志\artifacts\music-motion-v4-dance.log,F:\$Recycle.Bin\S-1-5-21-1942464140-2856953516-1393776520-1001\$RY5VUUT.log,F:\$RECYCLE.BIN\S-1-5-21-1942464140-2856953516-1393776520-1001\$IY5VUUT.log,1,1093,2026-09-17T20:05:03.8120000Z,SHA-256全部一致
F:\Documents\楚物志\artifacts\music-motion-v4-text-fixed.log,F:\$Recycle.Bin\S-1-5-21-1942464140-2856953516-1393776520-1001\$RD9XKSK.log,F:\$RECYCLE.BIN\S-1-5-21-1942464140-2856953516-1393776520-1001\$ID9XKSK.log,1,1551,2026-09-17T20:05:04.3520000Z,SHA-256全部一致
F:\Documents\楚物志\artifacts\music-motion-v4-tiqin-debug.log,F:\$Recycle.Bin\S-1-5-21-1942464140-2856953516-1393776520-1001\$RYSZTG2.log,F:\$RECYCLE.BIN\S-1-5-21-1942464140-2856953516-1393776520-1001\$IYSZTG2.log,1,1087,2026-09-17T20:05:04.9300000Z,SHA-256全部一致
F:\Documents\楚物志\artifacts\music-motion-v4-tiqin-gupen-final.log,F:\$Recycle.Bin\S-1-5-21-1942464140-2856953516-1393776520-1001\$RXK0V2O.log,F:\$RECYCLE.BIN\S-1-5-21-1942464140-2856953516-1393776520-1001\$IXK0V2O.log,1,1138,2026-09-17T20:05:05.4520000Z,SHA-256全部一致
F:\Documents\楚物志\artifacts\music-pixel-review,F:\$Recycle.Bin\S-1-5-21-1942464140-2856953516-1393776520-1001\$R0BOHDD,F:\$RECYCLE.BIN\S-1-5-21-1942464140-2856953516-1393776520-1001\$I0BOHDD,43,95373712,2026-09-17T20:05:06.1310000Z,SHA-256全部一致
F:\Documents\楚物志\artifacts\music-r4-import.log,F:\$Recycle.Bin\S-1-5-21-1942464140-2856953516-1393776520-1001\$RZ1EPPT.log,F:\$RECYCLE.BIN\S-1-5-21-1942464140-2856953516-1393776520-1001\$IZ1EPPT.log,1,4083,2026-09-17T20:05:07.4410000Z,SHA-256全部一致
F:\Documents\楚物志\artifacts\music-v3-contracts.log,F:\$Recycle.Bin\S-1-5-21-1942464140-2856953516-1393776520-1001\$RGELVSQ.log,F:\$RECYCLE.BIN\S-1-5-21-1942464140-2856953516-1393776520-1001\$IGELVSQ.log,1,2369,2026-09-17T20:05:08.0780000Z,SHA-256全部一致
F:\Documents\楚物志\artifacts\music-v3-final-import.log,F:\$Recycle.Bin\S-1-5-21-1942464140-2856953516-1393776520-1001\$RE80148.log,F:\$RECYCLE.BIN\S-1-5-21-1942464140-2856953516-1393776520-1001\$IE80148.log,1,10412,2026-09-17T20:05:08.7570000Z,SHA-256全部一致
F:\Documents\楚物志\artifacts\music-v3-import.log,F:\$Recycle.Bin\S-1-5-21-1942464140-2856953516-1393776520-1001\$RCFX1WT.log,F:\$RECYCLE.BIN\S-1-5-21-1942464140-2856953516-1393776520-1001\$ICFX1WT.log,1,21371,2026-09-17T20:05:09.3950000Z,SHA-256全部一致
F:\Documents\楚物志\artifacts\music-v3-lessons.log,F:\$Recycle.Bin\S-1-5-21-1942464140-2856953516-1393776520-1001\$RABDM12.log,F:\$RECYCLE.BIN\S-1-5-21-1942464140-2856953516-1393776520-1001\$IABDM12.log,1,2161,2026-09-17T20:05:09.9600000Z,SHA-256全部一致
F:\Documents\楚物志\artifacts\music-v3-normal-input.log,F:\$Recycle.Bin\S-1-5-21-1942464140-2856953516-1393776520-1001\$RRY4B1E.log,F:\$RECYCLE.BIN\S-1-5-21-1942464140-2856953516-1393776520-1001\$IRY4B1E.log,1,5516,2026-09-17T20:05:10.4330000Z,SHA-256全部一致
F:\Documents\楚物志\artifacts\music-v3-poses.log,F:\$Recycle.Bin\S-1-5-21-1942464140-2856953516-1393776520-1001\$RZ7DA92.log,F:\$RECYCLE.BIN\S-1-5-21-1942464140-2856953516-1393776520-1001\$IZ7DA92.log,1,1093,2026-09-17T20:05:11.0840000Z,SHA-256全部一致
F:\Documents\楚物志\artifacts\music-v3-test_heritage_craft_presentation.gd.log,F:\$Recycle.Bin\S-1-5-21-1942464140-2856953516-1393776520-1001\$RFCVTPX.log,F:\$RECYCLE.BIN\S-1-5-21-1942464140-2856953516-1393776520-1001\$IFCVTPX.log,1,1952,2026-09-17T20:05:11.6980000Z,SHA-256全部一致
F:\Documents\楚物志\artifacts\music-v3-test_heritage_preserved_tutorials.gd.log,F:\$Recycle.Bin\S-1-5-21-1942464140-2856953516-1393776520-1001\$RZ7VC8O.log,F:\$RECYCLE.BIN\S-1-5-21-1942464140-2856953516-1393776520-1001\$IZ7VC8O.log,1,2128,2026-09-17T20:05:12.2720000Z,SHA-256全部一致
F:\Documents\楚物志\artifacts\music-v3-test_music_input_avatar_regression.gd.log,F:\$Recycle.Bin\S-1-5-21-1942464140-2856953516-1393776520-1001\$RD9K668.log,F:\$RECYCLE.BIN\S-1-5-21-1942464140-2856953516-1393776520-1001\$ID9K668.log,1,1853,2026-09-17T20:05:12.8500000Z,SHA-256全部一致
F:\Documents\楚物志\artifacts\music-v3-tiqin.log,F:\$Recycle.Bin\S-1-5-21-1942464140-2856953516-1393776520-1001\$R1JD6R2.log,F:\$RECYCLE.BIN\S-1-5-21-1942464140-2856953516-1393776520-1001\$I1JD6R2.log,1,1850,2026-09-17T20:05:13.4300000Z,SHA-256全部一致
F:\Documents\楚物志\artifacts\paper-detail-cover-import.log,F:\$Recycle.Bin\S-1-5-21-1942464140-2856953516-1393776520-1001\$ROBJXN3.log,F:\$RECYCLE.BIN\S-1-5-21-1942464140-2856953516-1393776520-1001\$IOBJXN3.log,1,3268,2026-09-17T20:05:13.9760000Z,SHA-256全部一致
F:\Documents\楚物志\artifacts\paper-detail-v4,F:\$Recycle.Bin\S-1-5-21-1942464140-2856953516-1393776520-1001\$R6Y870D,F:\$RECYCLE.BIN\S-1-5-21-1942464140-2856953516-1393776520-1001\$I6Y870D,24,16617170,2026-09-17T20:05:14.5940000Z,SHA-256全部一致
F:\Documents\楚物志\artifacts\paper-detail-v4.log,F:\$Recycle.Bin\S-1-5-21-1942464140-2856953516-1393776520-1001\$RNW0O7N.log,F:\$RECYCLE.BIN\S-1-5-21-1942464140-2856953516-1393776520-1001\$INW0O7N.log,1,1464,2026-09-17T20:05:15.6680000Z,SHA-256全部一致
F:\Documents\楚物志\artifacts\paper_guide.py,F:\$Recycle.Bin\S-1-5-21-1942464140-2856953516-1393776520-1001\$RHTHH4H.py,F:\$RECYCLE.BIN\S-1-5-21-1942464140-2856953516-1393776520-1001\$IHTHH4H.py,1,620,2026-09-17T20:05:16.2920000Z,SHA-256全部一致
F:\Documents\楚物志\artifacts\perf-gallery-before.log,F:\$Recycle.Bin\S-1-5-21-1942464140-2856953516-1393776520-1001\$RX9VSCE.log,F:\$RECYCLE.BIN\S-1-5-21-1942464140-2856953516-1393776520-1001\$IX9VSCE.log,1,2602,2026-09-17T20:05:16.8030000Z,SHA-256全部一致
F:\Documents\楚物志\artifacts\perf-gallery-d3d-after.log,F:\$Recycle.Bin\S-1-5-21-1942464140-2856953516-1393776520-1001\$R4GLWO0.log,F:\$RECYCLE.BIN\S-1-5-21-1942464140-2856953516-1393776520-1001\$I4GLWO0.log,1,2599,2026-09-17T20:05:17.5230000Z,SHA-256全部一致
F:\Documents\楚物志\artifacts\perf-gallery-d3d-live-before.log,F:\$Recycle.Bin\S-1-5-21-1942464140-2856953516-1393776520-1001\$RZG716I.log,F:\$RECYCLE.BIN\S-1-5-21-1942464140-2856953516-1393776520-1001\$IZG716I.log,1,1541,2026-09-17T20:05:18.0760000Z,SHA-256全部一致
F:\Documents\楚物志\artifacts\perf-gallery-gl-live-after.log,F:\$Recycle.Bin\S-1-5-21-1942464140-2856953516-1393776520-1001\$RAXMEDZ.log,F:\$RECYCLE.BIN\S-1-5-21-1942464140-2856953516-1393776520-1001\$IAXMEDZ.log,1,2623,2026-09-17T20:05:18.7200000Z,SHA-256全部一致
F:\Documents\楚物志\artifacts\perf-gallery-gl-live-before.log,F:\$Recycle.Bin\S-1-5-21-1942464140-2856953516-1393776520-1001\$RQ68RI6.log,F:\$RECYCLE.BIN\S-1-5-21-1942464140-2856953516-1393776520-1001\$IQ68RI6.log,1,2621,2026-09-17T20:05:19.3860000Z,SHA-256全部一致
F:\Documents\楚物志\artifacts\perf-import.log,F:\$Recycle.Bin\S-1-5-21-1942464140-2856953516-1393776520-1001\$RBQXKMU.log,F:\$RECYCLE.BIN\S-1-5-21-1942464140-2856953516-1393776520-1001\$IBQXKMU.log,1,1467,2026-09-17T20:05:19.9830000Z,SHA-256全部一致
F:\Documents\楚物志\artifacts\performance-gallery,F:\$Recycle.Bin\S-1-5-21-1942464140-2856953516-1393776520-1001\$RXZEHH3,F:\$RECYCLE.BIN\S-1-5-21-1942464140-2856953516-1393776520-1001\$IXZEHH3,33,21282310,2026-09-17T20:05:20.6380000Z,SHA-256全部一致
F:\Documents\楚物志\artifacts\performance-lessons,F:\$Recycle.Bin\S-1-5-21-1942464140-2856953516-1393776520-1001\$R7S0EIV,F:\$RECYCLE.BIN\S-1-5-21-1942464140-2856953516-1393776520-1001\$I7S0EIV,1,1304,2026-09-17T20:05:21.8560000Z,SHA-256全部一致
F:\Documents\楚物志\artifacts\performance-lessons-v3-real-clock-fixed.log,F:\$Recycle.Bin\S-1-5-21-1942464140-2856953516-1393776520-1001\$RIBIHYY.log,F:\$RECYCLE.BIN\S-1-5-21-1942464140-2856953516-1393776520-1001\$IIBIHYY.log,1,2236,2026-09-17T20:05:22.9440000Z,SHA-256全部一致
F:\Documents\楚物志\artifacts\performance-lessons-v3-real-clock.log,F:\$Recycle.Bin\S-1-5-21-1942464140-2856953516-1393776520-1001\$R6WOA6S.log,F:\$RECYCLE.BIN\S-1-5-21-1942464140-2856953516-1393776520-1001\$I6WOA6S.log,1,2236,2026-09-17T20:05:23.6050000Z,SHA-256全部一致
F:\Documents\楚物志\artifacts\pixel-all-art-check.log,F:\$Recycle.Bin\S-1-5-21-1942464140-2856953516-1393776520-1001\$RCBNBV1.log,F:\$RECYCLE.BIN\S-1-5-21-1942464140-2856953516-1393776520-1001\$ICBNBV1.log,1,22100,2026-09-17T20:05:24.1580000Z,SHA-256全部一致
F:\Documents\楚物志\artifacts\pixel-art-review,F:\$Recycle.Bin\S-1-5-21-1942464140-2856953516-1393776520-1001\$RJ9FX2A,F:\$RECYCLE.BIN\S-1-5-21-1942464140-2856953516-1393776520-1001\$IJ9FX2A,505,283653184,2026-09-17T20:05:25.8010000Z,SHA-256全部一致
F:\Documents\楚物志\artifacts\pixel-art-root-check.log,F:\$Recycle.Bin\S-1-5-21-1942464140-2856953516-1393776520-1001\$RTT4K6L.log,F:\$RECYCLE.BIN\S-1-5-21-1942464140-2856953516-1393776520-1001\$ITT4K6L.log,1,3572,2026-09-17T20:05:27.7770000Z,SHA-256全部一致
F:\Documents\楚物志\artifacts\pixel-final-import.log,F:\$Recycle.Bin\S-1-5-21-1942464140-2856953516-1393776520-1001\$REM4V00.log,F:\$RECYCLE.BIN\S-1-5-21-1942464140-2856953516-1393776520-1001\$IEM4V00.log,1,17810,2026-09-17T20:05:28.3530000Z,SHA-256全部一致
F:\Documents\楚物志\artifacts\pixel-font-v2,F:\$Recycle.Bin\S-1-5-21-1942464140-2856953516-1393776520-1001\$RKC818O,F:\$RECYCLE.BIN\S-1-5-21-1942464140-2856953516-1393776520-1001\$IKC818O,4,51837,2026-09-17T20:05:28.9900000Z,SHA-256全部一致
F:\Documents\楚物志\artifacts\pixel-font-v2.log,F:\$Recycle.Bin\S-1-5-21-1942464140-2856953516-1393776520-1001\$RJFP859.log,F:\$RECYCLE.BIN\S-1-5-21-1942464140-2856953516-1393776520-1001\$IJFP859.log,1,1036,2026-09-17T20:05:30.5870000Z,SHA-256全部一致
F:\Documents\楚物志\artifacts\pixel-full-gut-first-pass.log,F:\$Recycle.Bin\S-1-5-21-1942464140-2856953516-1393776520-1001\$R1695AJ.log,F:\$RECYCLE.BIN\S-1-5-21-1942464140-2856953516-1393776520-1001\$I1695AJ.log,1,93340,2026-09-17T20:05:31.3590000Z,SHA-256全部一致
F:\Documents\楚物志\artifacts\pixel-full-verify-first-pass.log,F:\$Recycle.Bin\S-1-5-21-1942464140-2856953516-1393776520-1001\$R5K2EBN.log,F:\$RECYCLE.BIN\S-1-5-21-1942464140-2856953516-1393776520-1001\$I5K2EBN.log,1,0,2026-09-17T20:05:32.0770000Z,SHA-256全部一致
F:\Documents\楚物志\artifacts\pixel-full-verify.log,F:\$Recycle.Bin\S-1-5-21-1942464140-2856953516-1393776520-1001\$RC3OMT2.log,F:\$RECYCLE.BIN\S-1-5-21-1942464140-2856953516-1393776520-1001\$IC3OMT2.log,1,0,2026-09-17T20:05:32.8600000Z,SHA-256全部一致
F:\Documents\楚物志\artifacts\pixel-gallery-guide-recheck.log,F:\$Recycle.Bin\S-1-5-21-1942464140-2856953516-1393776520-1001\$R4UNQ2N.log,F:\$RECYCLE.BIN\S-1-5-21-1942464140-2856953516-1393776520-1001\$I4UNQ2N.log,1,46610,2026-09-17T20:05:33.4700000Z,SHA-256全部一致
F:\Documents\楚物志\artifacts\pixel-gallery-recheck.log,F:\$Recycle.Bin\S-1-5-21-1942464140-2856953516-1393776520-1001\$R49S7D3.log,F:\$RECYCLE.BIN\S-1-5-21-1942464140-2856953516-1393776520-1001\$I49S7D3.log,1,2416,2026-09-17T20:05:34.2000000Z,SHA-256全部一致
F:\Documents\楚物志\artifacts\pixel-guide-recheck.log,F:\$Recycle.Bin\S-1-5-21-1942464140-2856953516-1393776520-1001\$RWO4CHV.log,F:\$RECYCLE.BIN\S-1-5-21-1942464140-2856953516-1393776520-1001\$IWO4CHV.log,1,3112,2026-09-17T20:05:35.1390000Z,SHA-256全部一致
F:\Documents\楚物志\artifacts\pixel-host-v2,F:\$Recycle.Bin\S-1-5-21-1942464140-2856953516-1393776520-1001\$R6DKJG1,F:\$RECYCLE.BIN\S-1-5-21-1942464140-2856953516-1393776520-1001\$I6DKJG1,17,324275,2026-09-17T20:05:35.9200000Z,SHA-256全部一致
F:\Documents\楚物志\artifacts\pixel-normal-input-recheck.log,F:\$Recycle.Bin\S-1-5-21-1942464140-2856953516-1393776520-1001\$RFXTD65.log,F:\$RECYCLE.BIN\S-1-5-21-1942464140-2856953516-1393776520-1001\$IFXTD65.log,1,2234,2026-09-17T20:05:37.4140000Z,SHA-256全部一致
F:\Documents\楚物志\artifacts\pixel-normal-input.log,F:\$Recycle.Bin\S-1-5-21-1942464140-2856953516-1393776520-1001\$R352HZB.log,F:\$RECYCLE.BIN\S-1-5-21-1942464140-2856953516-1393776520-1001\$I352HZB.log,1,4762,2026-09-17T20:05:38.0790000Z,SHA-256全部一致
F:\Documents\楚物志\artifacts\pixel-resources-focused.log,F:\$Recycle.Bin\S-1-5-21-1942464140-2856953516-1393776520-1001\$RP5RK89.log,F:\$RECYCLE.BIN\S-1-5-21-1942464140-2856953516-1393776520-1001\$IP5RK89.log,1,2284,2026-09-17T20:05:38.7610000Z,SHA-256全部一致
F:\Documents\楚物志\artifacts\pixel-resources-recheck.log,F:\$Recycle.Bin\S-1-5-21-1942464140-2856953516-1393776520-1001\$RCKJN61.log,F:\$RECYCLE.BIN\S-1-5-21-1942464140-2856953516-1393776520-1001\$ICKJN61.log,1,33294,2026-09-17T20:05:39.4520000Z,SHA-256全部一致
F:\Documents\楚物志\artifacts\pixel-story-v2-import.log,F:\$Recycle.Bin\S-1-5-21-1942464140-2856953516-1393776520-1001\$RT9SKDS.log,F:\$RECYCLE.BIN\S-1-5-21-1942464140-2856953516-1393776520-1001\$IT9SKDS.log,1,6176,2026-09-17T20:05:40.0700000Z,SHA-256全部一致
F:\Documents\楚物志\artifacts\pixel-v2,F:\$Recycle.Bin\S-1-5-21-1942464140-2856953516-1393776520-1001\$RPYYE5W,F:\$RECYCLE.BIN\S-1-5-21-1942464140-2856953516-1393776520-1001\$IPYYE5W,69,1582896,2026-09-17T20:05:40.8630000Z,SHA-256全部一致
F:\Documents\楚物志\artifacts\pixel-v3,F:\$Recycle.Bin\S-1-5-21-1942464140-2856953516-1393776520-1001\$RX0BXDR,F:\$RECYCLE.BIN\S-1-5-21-1942464140-2856953516-1393776520-1001\$IX0BXDR,286,143459572,2026-09-17T20:05:42.6480000Z,SHA-256全部一致
F:\Documents\楚物志\artifacts\prepare_dong_sources.py,F:\$Recycle.Bin\S-1-5-21-1942464140-2856953516-1393776520-1001\$RR1Y13E.py,F:\$RECYCLE.BIN\S-1-5-21-1942464140-2856953516-1393776520-1001\$IR1Y13E.py,1,1335,2026-09-17T20:05:44.1180000Z,SHA-256全部一致
F:\Documents\楚物志\artifacts\preserved-tutorial-ui,F:\$Recycle.Bin\S-1-5-21-1942464140-2856953516-1393776520-1001\$RVCPL6D,F:\$RECYCLE.BIN\S-1-5-21-1942464140-2856953516-1393776520-1001\$IVCPL6D,9,5957652,2026-09-17T20:05:44.7940000Z,SHA-256全部一致
F:\Documents\楚物志\artifacts\preview-music-v3-user-error.log,F:\$Recycle.Bin\S-1-5-21-1942464140-2856953516-1393776520-1001\$RJR4T3Z.log,F:\$RECYCLE.BIN\S-1-5-21-1942464140-2856953516-1393776520-1001\$IJR4T3Z.log,1,0,2026-09-17T20:05:46.3900000Z,SHA-256全部一致
F:\Documents\楚物志\artifacts\preview-music-v3-user.log,F:\$Recycle.Bin\S-1-5-21-1942464140-2856953516-1393776520-1001\$RVV5BKK.log,F:\$RECYCLE.BIN\S-1-5-21-1942464140-2856953516-1393776520-1001\$IVV5BKK.log,1,1109,2026-09-17T20:05:47.1260000Z,SHA-256全部一致
F:\Documents\楚物志\artifacts\promotion-2026\achievements,F:\$Recycle.Bin\S-1-5-21-1942464140-2856953516-1393776520-1001\$RE0QX7S,F:\$RECYCLE.BIN\S-1-5-21-1942464140-2856953516-1393776520-1001\$IE0QX7S,13,37846356,2026-09-17T20:09:44.5850000Z,SHA-256全部一致
F:\Documents\楚物志\artifacts\promotion-2026\achievements-capture-rejected,F:\$Recycle.Bin\S-1-5-21-1942464140-2856953516-1393776520-1001\$RZ8T4AQ,F:\$RECYCLE.BIN\S-1-5-21-1942464140-2856953516-1393776520-1001\$IZ8T4AQ,10,9986823,2026-09-17T20:09:45.9360000Z,SHA-256全部一致
F:\Documents\楚物志\artifacts\promotion-2026\ai,F:\$Recycle.Bin\S-1-5-21-1942464140-2856953516-1393776520-1001\$RTGEZ16,F:\$RECYCLE.BIN\S-1-5-21-1942464140-2856953516-1393776520-1001\$ITGEZ16,15,90209677,2026-09-17T20:09:47.3000000Z,SHA-256全部一致
F:\Documents\楚物志\artifacts\promotion-2026\board,F:\$Recycle.Bin\S-1-5-21-1942464140-2856953516-1393776520-1001\$RTQQ781,F:\$RECYCLE.BIN\S-1-5-21-1942464140-2856953516-1393776520-1001\$ITQQ781,9,41111548,2026-09-17T20:09:48.7690000Z,SHA-256全部一致
F:\Documents\楚物志\artifacts\promotion-2026\board2,F:\$Recycle.Bin\S-1-5-21-1942464140-2856953516-1393776520-1001\$RNPVMVB,F:\$RECYCLE.BIN\S-1-5-21-1942464140-2856953516-1393776520-1001\$INPVMVB,15,125599841,2026-09-17T20:09:50.0500000Z,SHA-256全部一致
F:\Documents\楚物志\artifacts\promotion-2026\collection,F:\$Recycle.Bin\S-1-5-21-1942464140-2856953516-1393776520-1001\$R626H45,F:\$RECYCLE.BIN\S-1-5-21-1942464140-2856953516-1393776520-1001\$I626H45,12,61968209,2026-09-17T20:09:51.4870000Z,SHA-256全部一致
F:\Documents\楚物志\artifacts\promotion-2026\collection-capture-rejected,F:\$Recycle.Bin\S-1-5-21-1942464140-2856953516-1393776520-1001\$R91YMNR,F:\$RECYCLE.BIN\S-1-5-21-1942464140-2856953516-1393776520-1001\$I91YMNR,13,60341126,2026-09-17T20:09:52.8790000Z,SHA-256全部一致
F:\Documents\楚物志\artifacts\promotion-2026\collection-occluded-rejected,F:\$Recycle.Bin\S-1-5-21-1942464140-2856953516-1393776520-1001\$R6F7SK3,F:\$RECYCLE.BIN\S-1-5-21-1942464140-2856953516-1393776520-1001\$I6F7SK3,8,20875157,2026-09-17T20:09:54.2180000Z,SHA-256全部一致
F:\Documents\楚物志\artifacts\promotion-2026\collection-secondary-position-rejected,F:\$Recycle.Bin\S-1-5-21-1942464140-2856953516-1393776520-1001\$RA4YEGY,F:\$RECYCLE.BIN\S-1-5-21-1942464140-2856953516-1393776520-1001\$IA4YEGY,5,4509,2026-09-17T20:09:55.4380000Z,SHA-256全部一致
F:\Documents\楚物志\artifacts\promotion-2026\collection-sync-rejected,F:\$Recycle.Bin\S-1-5-21-1942464140-2856953516-1393776520-1001\$RCSWM0H,F:\$RECYCLE.BIN\S-1-5-21-1942464140-2856953516-1393776520-1001\$ICSWM0H,11,40906409,2026-09-17T20:09:56.7060000Z,SHA-256全部一致
F:\Documents\楚物志\artifacts\promotion-2026\delivery,F:\$Recycle.Bin\S-1-5-21-1942464140-2856953516-1393776520-1001\$RK4K46D,F:\$RECYCLE.BIN\S-1-5-21-1942464140-2856953516-1393776520-1001\$IK4K46D,6,828743839,2026-09-17T20:09:59.0330000Z,SHA-256全部一致
F:\Documents\楚物志\artifacts\promotion-2026\event,F:\$Recycle.Bin\S-1-5-21-1942464140-2856953516-1393776520-1001\$RE11C6S,F:\$RECYCLE.BIN\S-1-5-21-1942464140-2856953516-1393776520-1001\$IE11C6S,14,34459586,2026-09-17T20:10:01.5140000Z,SHA-256全部一致
F:\Documents\楚物志\artifacts\promotion-2026\event-capture-rejected,F:\$Recycle.Bin\S-1-5-21-1942464140-2856953516-1393776520-1001\$R2YY7MK,F:\$RECYCLE.BIN\S-1-5-21-1942464140-2856953516-1393776520-1001\$I2YY7MK,12,10368230,2026-09-17T20:10:02.8930000Z,SHA-256全部一致
F:\Documents\楚物志\artifacts\promotion-2026\eventcards,F:\$Recycle.Bin\S-1-5-21-1942464140-2856953516-1393776520-1001\$RI3KSPD,F:\$RECYCLE.BIN\S-1-5-21-1942464140-2856953516-1393776520-1001\$II3KSPD,13,38299342,2026-09-17T20:10:04.2880000Z,SHA-256全部一致
F:\Documents\楚物志\artifacts\promotion-2026\ezhou_diaohua_jianzhi,F:\$Recycle.Bin\S-1-5-21-1942464140-2856953516-1393776520-1001\$R7AJMF5,F:\$RECYCLE.BIN\S-1-5-21-1942464140-2856953516-1393776520-1001\$I7AJMF5,14,16729353,2026-09-17T20:10:05.6660000Z,SHA-256全部一致
F:\Documents\楚物志\artifacts\promotion-2026\food,F:\$Recycle.Bin\S-1-5-21-1942464140-2856953516-1393776520-1001\$R2N971H,F:\$RECYCLE.BIN\S-1-5-21-1942464140-2856953516-1393776520-1001\$I2N971H,13,44090990,2026-09-17T20:10:07.0940000Z,SHA-256全部一致
F:\Documents\楚物志\artifacts\promotion-2026\foodvariety,F:\$Recycle.Bin\S-1-5-21-1942464140-2856953516-1393776520-1001\$RXZWW1A,F:\$RECYCLE.BIN\S-1-5-21-1942464140-2856953516-1393776520-1001\$IXZWW1A,14,23723938,2026-09-17T20:10:08.4390000Z,SHA-256全部一致
F:\Documents\楚物志\artifacts\promotion-2026\foodvariety-capture-rejected,F:\$Recycle.Bin\S-1-5-21-1942464140-2856953516-1393776520-1001\$RJ0A6A6,F:\$RECYCLE.BIN\S-1-5-21-1942464140-2856953516-1393776520-1001\$IJ0A6A6,13,23081329,2026-09-17T20:10:10.0180000Z,SHA-256全部一致
F:\Documents\楚物志\artifacts\promotion-2026\home,F:\$Recycle.Bin\S-1-5-21-1942464140-2856953516-1393776520-1001\$R8MDBFM,F:\$RECYCLE.BIN\S-1-5-21-1942464140-2856953516-1393776520-1001\$I8MDBFM,12,16126261,2026-09-17T20:10:11.5840000Z,SHA-256全部一致
F:\Documents\楚物志\artifacts\promotion-2026\market,F:\$Recycle.Bin\S-1-5-21-1942464140-2856953516-1393776520-1001\$RZSCHAD,F:\$RECYCLE.BIN\S-1-5-21-1942464140-2856953516-1393776520-1001\$IZSCHAD,13,40706360,2026-09-17T20:10:13.1220000Z,SHA-256全部一致
F:\Documents\楚物志\artifacts\promotion-2026\market-capture-rejected,F:\$Recycle.Bin\S-1-5-21-1942464140-2856953516-1393776520-1001\$R1BXTXH,F:\$RECYCLE.BIN\S-1-5-21-1942464140-2856953516-1393776520-1001\$I1BXTXH,12,31674726,2026-09-17T20:10:14.4820000Z,SHA-256全部一致
F:\Documents\楚物志\artifacts\promotion-2026\market-missed-input-rejected,F:\$Recycle.Bin\S-1-5-21-1942464140-2856953516-1393776520-1001\$R8H86AH,F:\$RECYCLE.BIN\S-1-5-21-1942464140-2856953516-1393776520-1001\$I8H86AH,12,17807328,2026-09-17T20:10:15.8240000Z,SHA-256全部一致
F:\Documents\楚物志\artifacts\promotion-2026\musictrial,F:\$Recycle.Bin\S-1-5-21-1942464140-2856953516-1393776520-1001\$RTRKF8Z,F:\$RECYCLE.BIN\S-1-5-21-1942464140-2856953516-1393776520-1001\$ITRKF8Z,13,20442610,2026-09-17T20:10:17.1740000Z,SHA-256全部一致
F:\Documents\楚物志\artifacts\promotion-2026\picture-and-production-audio.mp4,F:\$Recycle.Bin\S-1-5-21-1942464140-2856953516-1393776520-1001\$RHE3BQW.mp4,F:\$RECYCLE.BIN\S-1-5-21-1942464140-2856953516-1393776520-1001\$IHE3BQW.mp4,1,57885797,2026-09-17T20:10:18.5180000Z,SHA-256全部一致
F:\Documents\楚物志\artifacts\promotion-2026\professions,F:\$Recycle.Bin\S-1-5-21-1942464140-2856953516-1393776520-1001\$R4IPQMT,F:\$RECYCLE.BIN\S-1-5-21-1942464140-2856953516-1393776520-1001\$I4IPQMT,13,35130108,2026-09-17T20:10:19.3570000Z,SHA-256全部一致
F:\Documents\楚物志\artifacts\promotion-2026\quality,F:\$Recycle.Bin\S-1-5-21-1942464140-2856953516-1393776520-1001\$RSLHR42,F:\$RECYCLE.BIN\S-1-5-21-1942464140-2856953516-1393776520-1001\$ISLHR42,23,34579288,2026-09-17T20:10:20.7370000Z,SHA-256全部一致
F:\Documents\楚物志\artifacts\promotion-2026\shots,F:\$Recycle.Bin\S-1-5-21-1942464140-2856953516-1393776520-1001\$RVAQDVC,F:\$RECYCLE.BIN\S-1-5-21-1942464140-2856953516-1393776520-1001\$IVAQDVC,52,63277695,2026-09-17T20:10:22.0550000Z,SHA-256全部一致
F:\Documents\楚物志\artifacts\promotion-2026\shots-before-pixel-subtitles,F:\$Recycle.Bin\S-1-5-21-1942464140-2856953516-1393776520-1001\$RK80XX5,F:\$RECYCLE.BIN\S-1-5-21-1942464140-2856953516-1393776520-1001\$IK80XX5,55,61909086,2026-09-17T20:10:23.6300000Z,SHA-256全部一致
F:\Documents\楚物志\artifacts\promotion-2026\shots-board-v3,F:\$Recycle.Bin\S-1-5-21-1942464140-2856953516-1393776520-1001\$RJB1K53,F:\$RECYCLE.BIN\S-1-5-21-1942464140-2856953516-1393776520-1001\$IJB1K53,59,57909312,2026-09-17T20:10:25.1620000Z,SHA-256全部一致
F:\Documents\楚物志\artifacts\promotion-2026\shots-font-failed,F:\$Recycle.Bin\S-1-5-21-1942464140-2856953516-1393776520-1001\$R95OG16,F:\$RECYCLE.BIN\S-1-5-21-1942464140-2856953516-1393776520-1001\$I95OG16,55,60313496,2026-09-17T20:10:26.7260000Z,SHA-256全部一致
F:\Documents\楚物志\artifacts\promotion-2026\shots-layout-r1,F:\$Recycle.Bin\S-1-5-21-1942464140-2856953516-1393776520-1001\$RRP5DJO,F:\$RECYCLE.BIN\S-1-5-21-1942464140-2856953516-1393776520-1001\$IRP5DJO,55,60888504,2026-09-17T20:10:28.3450000Z,SHA-256全部一致
F:\Documents\楚物志\artifacts\promotion-2026\shots-submit-118,F:\$Recycle.Bin\S-1-5-21-1942464140-2856953516-1393776520-1001\$RKV02L3,F:\$RECYCLE.BIN\S-1-5-21-1942464140-2856953516-1393776520-1001\$IKV02L3,21,83721893,2026-09-17T20:10:29.8780000Z,SHA-256全部一致
F:\Documents\楚物志\artifacts\promotion-2026\tianmen_tang_su,F:\$Recycle.Bin\S-1-5-21-1942464140-2856953516-1393776520-1001\$ROOBCV6,F:\$RECYCLE.BIN\S-1-5-21-1942464140-2856953516-1393776520-1001\$IOOBCV6,14,48513999,2026-09-17T20:10:31.3040000Z,SHA-256全部一致
F:\Documents\楚物志\artifacts\promotion-2026\trial,F:\$Recycle.Bin\S-1-5-21-1942464140-2856953516-1393776520-1001\$R9J7TIJ,F:\$RECYCLE.BIN\S-1-5-21-1942464140-2856953516-1393776520-1001\$I9J7TIJ,12,29210352,2026-09-17T20:10:32.8740000Z,SHA-256全部一致
F:\Documents\楚物志\artifacts\promotion-2026\trial-window-api-failed,F:\$Recycle.Bin\S-1-5-21-1942464140-2856953516-1393776520-1001\$R4KM5SG,F:\$RECYCLE.BIN\S-1-5-21-1942464140-2856953516-1393776520-1001\$I4KM5SG,9,6570280,2026-09-17T20:10:34.4490000Z,SHA-256全部一致
F:\Documents\楚物志\artifacts\promotion-2026\tutorial,F:\$Recycle.Bin\S-1-5-21-1942464140-2856953516-1393776520-1001\$RI9TP97,F:\$RECYCLE.BIN\S-1-5-21-1942464140-2856953516-1393776520-1001\$II9TP97,12,30126057,2026-09-17T20:10:35.7450000Z,SHA-256全部一致
F:\Documents\楚物志\artifacts\promotion-2026\字幕文案,F:\$Recycle.Bin\S-1-5-21-1942464140-2856953516-1393776520-1001\$RX6FBP1,F:\$RECYCLE.BIN\S-1-5-21-1942464140-2856953516-1393776520-1001\$IX6FBP1,12,1428,2026-09-17T20:10:36.9430000Z,SHA-256全部一致
F:\Documents\楚物志\artifacts\promotion-2026\字幕文案_主体玩法版,F:\$Recycle.Bin\S-1-5-21-1942464140-2856953516-1393776520-1001\$RLLGL4C,F:\$RECYCLE.BIN\S-1-5-21-1942464140-2856953516-1393776520-1001\$ILLGL4C,14,2355,2026-09-17T20:10:38.1810000Z,SHA-256全部一致
F:\Documents\楚物志\artifacts\puzzle-detail-capture.log,F:\$Recycle.Bin\S-1-5-21-1942464140-2856953516-1393776520-1001\$RF5Z604.log,F:\$RECYCLE.BIN\S-1-5-21-1942464140-2856953516-1393776520-1001\$IF5Z604.log,1,1305,2026-09-17T20:10:39.4470000Z,SHA-256全部一致
F:\Documents\楚物志\artifacts\puzzle-detail-import.log,F:\$Recycle.Bin\S-1-5-21-1942464140-2856953516-1393776520-1001\$RKS1967.log,F:\$RECYCLE.BIN\S-1-5-21-1942464140-2856953516-1393776520-1001\$IKS1967.log,1,3060,2026-09-17T20:10:40.1010000Z,SHA-256全部一致
F:\Documents\楚物志\artifacts\puzzle-detail-tests.log,F:\$Recycle.Bin\S-1-5-21-1942464140-2856953516-1393776520-1001\$R54ER3G.log,F:\$RECYCLE.BIN\S-1-5-21-1942464140-2856953516-1393776520-1001\$I54ER3G.log,1,3317,2026-09-17T20:10:40.7810000Z,SHA-256全部一致
F:\Documents\楚物志\artifacts\puzzle-detail-v4,F:\$Recycle.Bin\S-1-5-21-1942464140-2856953516-1393776520-1001\$RX8HXZJ,F:\$RECYCLE.BIN\S-1-5-21-1942464140-2856953516-1393776520-1001\$IX8HXZJ,13,12592346,2026-09-17T20:10:41.4680000Z,SHA-256全部一致
F:\Documents\楚物志\artifacts\record-verified-recycle.py,F:\$Recycle.Bin\S-1-5-21-1942464140-2856953516-1393776520-1001\$R2UN939.py,F:\$RECYCLE.BIN\S-1-5-21-1942464140-2856953516-1393776520-1001\$I2UN939.py,1,3464,2026-09-17T20:10:42.8320000Z,SHA-256全部一致
F:\Documents\楚物志\artifacts\recycle-authorized-targets.ps1,F:\$Recycle.Bin\S-1-5-21-1942464140-2856953516-1393776520-1001\$RWZVUF1.ps1,F:\$RECYCLE.BIN\S-1-5-21-1942464140-2856953516-1393776520-1001\$IWZVUF1.ps1,1,3659,2026-09-17T20:10:43.6460000Z,SHA-256全部一致
F:\Documents\楚物志\artifacts\recycle-probe-receipt.json,F:\$Recycle.Bin\S-1-5-21-1942464140-2856953516-1393776520-1001\$R2E8KVS.json,F:\$RECYCLE.BIN\S-1-5-21-1942464140-2856953516-1393776520-1001\$I2E8KVS.json,1,416,2026-09-17T20:10:44.2620000Z,SHA-256全部一致
F:\Documents\楚物志\artifacts\recycle-shell-visible.json,F:\$Recycle.Bin\S-1-5-21-1942464140-2856953516-1393776520-1001\$RGN7MES.json,F:\$RECYCLE.BIN\S-1-5-21-1942464140-2856953516-1393776520-1001\$IGN7MES.json,1,1167,2026-09-17T20:10:44.8850000Z,SHA-256全部一致
F:\Documents\楚物志\artifacts\recycle-targets-reviewed.json,F:\$Recycle.Bin\S-1-5-21-1942464140-2856953516-1393776520-1001\$RA6YS7E.json,F:\$RECYCLE.BIN\S-1-5-21-1942464140-2856953516-1393776520-1001\$IA6YS7E.json,1,1739,2026-09-17T20:10:45.7320000Z,SHA-256全部一致
F:\Documents\楚物志\artifacts\recycle-verified-receipts.json,F:\$Recycle.Bin\S-1-5-21-1942464140-2856953516-1393776520-1001\$R2BR2N6.json,F:\$RECYCLE.BIN\S-1-5-21-1942464140-2856953516-1393776520-1001\$I2BR2N6.json,1,4632,2026-09-17T20:10:46.4890000Z,SHA-256全部一致
F:\Documents\楚物志\artifacts\redesign-review-script.js,F:\$Recycle.Bin\S-1-5-21-1942464140-2856953516-1393776520-1001\$RZYR6CF.js,F:\$RECYCLE.BIN\S-1-5-21-1942464140-2856953516-1393776520-1001\$IZYR6CF.js,1,7453,2026-09-17T20:10:47.1510000Z,SHA-256全部一致
F:\Documents\楚物志\artifacts\redesign-review-server-error.log,F:\$Recycle.Bin\S-1-5-21-1942464140-2856953516-1393776520-1001\$R1T39WY.log,F:\$RECYCLE.BIN\S-1-5-21-1942464140-2856953516-1393776520-1001\$I1T39WY.log,1,349,2026-09-17T20:10:47.7640000Z,SHA-256全部一致
F:\Documents\楚物志\artifacts\redesign-review-server.log,F:\$Recycle.Bin\S-1-5-21-1942464140-2856953516-1393776520-1001\$RUCGJU6.log,F:\$RECYCLE.BIN\S-1-5-21-1942464140-2856953516-1393776520-1001\$IUCGJU6.log,1,0,2026-09-17T20:10:48.3970000Z,SHA-256全部一致
F:\Documents\楚物志\artifacts\reference-audit.log,F:\$Recycle.Bin\S-1-5-21-1942464140-2856953516-1393776520-1001\$RUXGX3G.log,F:\$RECYCLE.BIN\S-1-5-21-1942464140-2856953516-1393776520-1001\$IUXGX3G.log,1,2471,2026-09-17T20:10:49.0850000Z,SHA-256全部一致
F:\Documents\楚物志\artifacts\replay-105-v2,F:\$Recycle.Bin\S-1-5-21-1942464140-2856953516-1393776520-1001\$R1203I7,F:\$RECYCLE.BIN\S-1-5-21-1942464140-2856953516-1393776520-1001\$I1203I7,8,22021,2026-09-17T20:10:49.9660000Z,SHA-256全部一致
F:\Documents\楚物志\artifacts\replay-65,F:\$Recycle.Bin\S-1-5-21-1942464140-2856953516-1393776520-1001\$RVIBMFF,F:\$RECYCLE.BIN\S-1-5-21-1942464140-2856953516-1393776520-1001\$IVIBMFF,5,40457,2026-09-17T20:10:51.3880000Z,SHA-256全部一致
F:\Documents\楚物志\artifacts\replay-65-v2,F:\$Recycle.Bin\S-1-5-21-1942464140-2856953516-1393776520-1001\$RU4US5Q,F:\$RECYCLE.BIN\S-1-5-21-1942464140-2856953516-1393776520-1001\$IU4US5Q,7,41236,2026-09-17T20:10:52.6700000Z,SHA-256全部一致
F:\Documents\楚物志\artifacts\replay-session-12080-2.trace.log,F:\$Recycle.Bin\S-1-5-21-1942464140-2856953516-1393776520-1001\$RNS8S8T.log,F:\$RECYCLE.BIN\S-1-5-21-1942464140-2856953516-1393776520-1001\$INS8S8T.log,1,991,2026-09-17T20:10:53.8910000Z,SHA-256全部一致
F:\Documents\楚物志\artifacts\replay-session-12080-5.trace.log,F:\$Recycle.Bin\S-1-5-21-1942464140-2856953516-1393776520-1001\$RX33GX9.log,F:\$RECYCLE.BIN\S-1-5-21-1942464140-2856953516-1393776520-1001\$IX33GX9.log,1,991,2026-09-17T20:10:54.7530000Z,SHA-256全部一致
F:\Documents\楚物志\artifacts\replay-session-12080-8.trace.log,F:\$Recycle.Bin\S-1-5-21-1942464140-2856953516-1393776520-1001\$R00DVAF.log,F:\$RECYCLE.BIN\S-1-5-21-1942464140-2856953516-1393776520-1001\$I00DVAF.log,1,991,2026-09-17T20:10:55.5920000Z,SHA-256全部一致
F:\Documents\楚物志\artifacts\replay-session-14460-2.trace.log,F:\$Recycle.Bin\S-1-5-21-1942464140-2856953516-1393776520-1001\$RJ93DEA.log,F:\$RECYCLE.BIN\S-1-5-21-1942464140-2856953516-1393776520-1001\$IJ93DEA.log,1,991,2026-09-17T20:10:56.3140000Z,SHA-256全部一致
F:\Documents\楚物志\artifacts\replay-session-14460-5.trace.log,F:\$Recycle.Bin\S-1-5-21-1942464140-2856953516-1393776520-1001\$RT57UX5.log,F:\$RECYCLE.BIN\S-1-5-21-1942464140-2856953516-1393776520-1001\$IT57UX5.log,1,991,2026-09-17T20:10:57.1390000Z,SHA-256全部一致
F:\Documents\楚物志\artifacts\replay-session-14460-8.trace.log,F:\$Recycle.Bin\S-1-5-21-1942464140-2856953516-1393776520-1001\$RZU081A.log,F:\$RECYCLE.BIN\S-1-5-21-1942464140-2856953516-1393776520-1001\$IZU081A.log,1,991,2026-09-17T20:10:57.9640000Z,SHA-256全部一致
F:\Documents\楚物志\artifacts\replay-session-23832-2.trace.log,F:\$Recycle.Bin\S-1-5-21-1942464140-2856953516-1393776520-1001\$RA5G623.log,F:\$RECYCLE.BIN\S-1-5-21-1942464140-2856953516-1393776520-1001\$IA5G623.log,1,991,2026-09-17T20:10:58.8220000Z,SHA-256全部一致
F:\Documents\楚物志\artifacts\replay-session-23832-5.trace.log,F:\$Recycle.Bin\S-1-5-21-1942464140-2856953516-1393776520-1001\$R3U862Q.log,F:\$RECYCLE.BIN\S-1-5-21-1942464140-2856953516-1393776520-1001\$I3U862Q.log,1,991,2026-09-17T20:10:59.6720000Z,SHA-256全部一致
F:\Documents\楚物志\artifacts\replay-session-23832-8.trace.log,F:\$Recycle.Bin\S-1-5-21-1942464140-2856953516-1393776520-1001\$R7LOP5F.log,F:\$RECYCLE.BIN\S-1-5-21-1942464140-2856953516-1393776520-1001\$I7LOP5F.log,1,991,2026-09-17T20:11:00.5930000Z,SHA-256全部一致
F:\Documents\楚物志\artifacts\retired-overviews,F:\$Recycle.Bin\S-1-5-21-1942464140-2856953516-1393776520-1001\$RYKSQNT,F:\$RECYCLE.BIN\S-1-5-21-1942464140-2856953516-1393776520-1001\$IYKSQNT,3,16485995,2026-09-17T20:11:01.7220000Z,SHA-256全部一致
F:\Documents\楚物志\artifacts\review_dong_parts.py,F:\$Recycle.Bin\S-1-5-21-1942464140-2856953516-1393776520-1001\$RKESYOL.py,F:\$RECYCLE.BIN\S-1-5-21-1942464140-2856953516-1393776520-1001\$IKESYOL.py,1,576,2026-09-17T20:11:03.4280000Z,SHA-256全部一致
F:\Documents\楚物志\artifacts\rework-actions-error.log,F:\$Recycle.Bin\S-1-5-21-1942464140-2856953516-1393776520-1001\$RUOITPC.log,F:\$RECYCLE.BIN\S-1-5-21-1942464140-2856953516-1393776520-1001\$IUOITPC.log,1,0,2026-09-17T20:11:04.1930000Z,SHA-256全部一致
F:\Documents\楚物志\artifacts\rework-actions-output.log,F:\$Recycle.Bin\S-1-5-21-1942464140-2856953516-1393776520-1001\$ROTUWCY.log,F:\$RECYCLE.BIN\S-1-5-21-1942464140-2856953516-1393776520-1001\$IOTUWCY.log,1,2421,2026-09-17T20:11:04.9540000Z,SHA-256全部一致
F:\Documents\楚物志\artifacts\rework-audio-tail-error.log,F:\$Recycle.Bin\S-1-5-21-1942464140-2856953516-1393776520-1001\$RJ26IJC.log,F:\$RECYCLE.BIN\S-1-5-21-1942464140-2856953516-1393776520-1001\$IJ26IJC.log,1,0,2026-09-17T20:11:05.8530000Z,SHA-256全部一致
F:\Documents\楚物志\artifacts\rework-audio-tail-output.log,F:\$Recycle.Bin\S-1-5-21-1942464140-2856953516-1393776520-1001\$RALWYF4.log,F:\$RECYCLE.BIN\S-1-5-21-1942464140-2856953516-1393776520-1001\$IALWYF4.log,1,2021,2026-09-17T20:11:06.7460000Z,SHA-256全部一致
F:\Documents\楚物志\artifacts\rework-chart-preview,F:\$Recycle.Bin\S-1-5-21-1942464140-2856953516-1393776520-1001\$R2IW0VX,F:\$RECYCLE.BIN\S-1-5-21-1942464140-2856953516-1393776520-1001\$I2IW0VX,1,109519,2026-09-17T20:11:07.6270000Z,SHA-256全部一致
F:\Documents\楚物志\artifacts\rework-final-play-error.log,F:\$Recycle.Bin\S-1-5-21-1942464140-2856953516-1393776520-1001\$RQQYW67.log,F:\$RECYCLE.BIN\S-1-5-21-1942464140-2856953516-1393776520-1001\$IQQYW67.log,1,0,2026-09-17T20:11:09.4070000Z,SHA-256全部一致
F:\Documents\楚物志\artifacts\rework-final-play-output.log,F:\$Recycle.Bin\S-1-5-21-1942464140-2856953516-1393776520-1001\$RC2X1G0.log,F:\$RECYCLE.BIN\S-1-5-21-1942464140-2856953516-1393776520-1001\$IC2X1G0.log,1,4989,2026-09-17T20:11:10.3680000Z,SHA-256全部一致
F:\Documents\楚物志\artifacts\rework-final-tests.log,F:\$Recycle.Bin\S-1-5-21-1942464140-2856953516-1393776520-1001\$RKWJ3EK.log,F:\$RECYCLE.BIN\S-1-5-21-1942464140-2856953516-1393776520-1001\$IKWJ3EK.log,1,7792,2026-09-17T20:11:11.1660000Z,SHA-256全部一致
F:\Documents\楚物志\artifacts\rework-flight-error.log,F:\$Recycle.Bin\S-1-5-21-1942464140-2856953516-1393776520-1001\$RDTN146.log,F:\$RECYCLE.BIN\S-1-5-21-1942464140-2856953516-1393776520-1001\$IDTN146.log,1,0,2026-09-17T20:11:11.9950000Z,SHA-256全部一致
F:\Documents\楚物志\artifacts\rework-flight-final-error.log,F:\$Recycle.Bin\S-1-5-21-1942464140-2856953516-1393776520-1001\$RML47SN.log,F:\$RECYCLE.BIN\S-1-5-21-1942464140-2856953516-1393776520-1001\$IML47SN.log,1,0,2026-09-17T20:11:12.7330000Z,SHA-256全部一致
F:\Documents\楚物志\artifacts\rework-flight-final-output.log,F:\$Recycle.Bin\S-1-5-21-1942464140-2856953516-1393776520-1001\$R60L7SG.log,F:\$RECYCLE.BIN\S-1-5-21-1942464140-2856953516-1393776520-1001\$I60L7SG.log,1,1609,2026-09-17T20:11:13.4680000Z,SHA-256全部一致
F:\Documents\楚物志\artifacts\rework-flight-output.log,F:\$Recycle.Bin\S-1-5-21-1942464140-2856953516-1393776520-1001\$RPY6HHJ.log,F:\$RECYCLE.BIN\S-1-5-21-1942464140-2856953516-1393776520-1001\$IPY6HHJ.log,1,1629,2026-09-17T20:11:14.1880000Z,SHA-256全部一致
F:\Documents\楚物志\artifacts\rework-focused.log,F:\$Recycle.Bin\S-1-5-21-1942464140-2856953516-1393776520-1001\$RUM4PHT.log,F:\$RECYCLE.BIN\S-1-5-21-1942464140-2856953516-1393776520-1001\$IUM4PHT.log,1,1799,2026-09-17T20:11:15.0360000Z,SHA-256全部一致
F:\Documents\楚物志\artifacts\rework-full-verify.log,F:\$Recycle.Bin\S-1-5-21-1942464140-2856953516-1393776520-1001\$R1RPXIC.log,F:\$RECYCLE.BIN\S-1-5-21-1942464140-2856953516-1393776520-1001\$I1RPXIC.log,1,58,2026-09-17T20:11:15.7150000Z,SHA-256全部一致
F:\Documents\楚物志\artifacts\rework-import2.log,F:\$Recycle.Bin\S-1-5-21-1942464140-2856953516-1393776520-1001\$RA0DFL9.log,F:\$RECYCLE.BIN\S-1-5-21-1942464140-2856953516-1393776520-1001\$IA0DFL9.log,1,4679,2026-09-17T20:11:16.4870000Z,SHA-256全部一致
F:\Documents\楚物志\artifacts\rework-import3.log,F:\$Recycle.Bin\S-1-5-21-1942464140-2856953516-1393776520-1001\$R33IB3B.log,F:\$RECYCLE.BIN\S-1-5-21-1942464140-2856953516-1393776520-1001\$I33IB3B.log,1,3429,2026-09-17T20:11:17.2470000Z,SHA-256全部一致
F:\Documents\楚物志\artifacts\rework-play,F:\$Recycle.Bin\S-1-5-21-1942464140-2856953516-1393776520-1001\$ROOOX7C,F:\$RECYCLE.BIN\S-1-5-21-1942464140-2856953516-1393776520-1001\$IOOOX7C,103,102069706,2026-09-17T20:11:19.1830000Z,SHA-256全部一致
F:\Documents\楚物志\artifacts\rework-play-error.log,F:\$Recycle.Bin\S-1-5-21-1942464140-2856953516-1393776520-1001\$RHOXRKT.log,F:\$RECYCLE.BIN\S-1-5-21-1942464140-2856953516-1393776520-1001\$IHOXRKT.log,1,0,2026-09-17T20:11:20.7490000Z,SHA-256全部一致
F:\Documents\楚物志\artifacts\rework-play-output.log,F:\$Recycle.Bin\S-1-5-21-1942464140-2856953516-1393776520-1001\$RBH1MN9.log,F:\$RECYCLE.BIN\S-1-5-21-1942464140-2856953516-1393776520-1001\$IBH1MN9.log,1,3176,2026-09-17T20:11:21.4510000Z,SHA-256全部一致
F:\Documents\楚物志\artifacts\rework-suite.log,F:\$Recycle.Bin\S-1-5-21-1942464140-2856953516-1393776520-1001\$R6QPSJX.log,F:\$RECYCLE.BIN\S-1-5-21-1942464140-2856953516-1393776520-1001\$I6QPSJX.log,1,7781,2026-09-17T20:11:22.1890000Z,SHA-256全部一致
F:\Documents\楚物志\artifacts\rework-suite2.log,F:\$Recycle.Bin\S-1-5-21-1942464140-2856953516-1393776520-1001\$R4EGPNO.log,F:\$RECYCLE.BIN\S-1-5-21-1942464140-2856953516-1393776520-1001\$I4EGPNO.log,1,7453,2026-09-17T20:11:22.9320000Z,SHA-256全部一致
F:\Documents\楚物志\artifacts\rework-suite3.log,F:\$Recycle.Bin\S-1-5-21-1942464140-2856953516-1393776520-1001\$RUS1SX5.log,F:\$RECYCLE.BIN\S-1-5-21-1942464140-2856953516-1393776520-1001\$IUS1SX5.log,1,7453,2026-09-17T20:11:23.8930000Z,SHA-256全部一致
F:\Documents\楚物志\artifacts\rework-suite4.log,F:\$Recycle.Bin\S-1-5-21-1942464140-2856953516-1393776520-1001\$RX6F54M.log,F:\$RECYCLE.BIN\S-1-5-21-1942464140-2856953516-1393776520-1001\$IX6F54M.log,1,7687,2026-09-17T20:11:24.7660000Z,SHA-256全部一致
F:\Documents\楚物志\artifacts\rework-tail-tests.log,F:\$Recycle.Bin\S-1-5-21-1942464140-2856953516-1393776520-1001\$RPJNQNF.log,F:\$RECYCLE.BIN\S-1-5-21-1942464140-2856953516-1393776520-1001\$IPJNQNF.log,1,7792,2026-09-17T20:11:25.4390000Z,SHA-256全部一致
F:\Documents\楚物志\artifacts\rework-tests.log,F:\$Recycle.Bin\S-1-5-21-1942464140-2856953516-1393776520-1001\$R71LAVD.log,F:\$RECYCLE.BIN\S-1-5-21-1942464140-2856953516-1393776520-1001\$I71LAVD.log,1,96352,2026-09-17T20:11:26.1220000Z,SHA-256全部一致
F:\Documents\楚物志\artifacts\rework-visual-error.log,F:\$Recycle.Bin\S-1-5-21-1942464140-2856953516-1393776520-1001\$RHNOOWT.log,F:\$RECYCLE.BIN\S-1-5-21-1942464140-2856953516-1393776520-1001\$IHNOOWT.log,1,0,2026-09-17T20:11:26.8020000Z,SHA-256全部一致
F:\Documents\楚物志\artifacts\rework-visual-output.log,F:\$Recycle.Bin\S-1-5-21-1942464140-2856953516-1393776520-1001\$RJD6RJD.log,F:\$RECYCLE.BIN\S-1-5-21-1942464140-2856953516-1393776520-1001\$IJD6RJD.log,1,1056,2026-09-17T20:11:27.5470000Z,SHA-256全部一致
F:\Documents\楚物志\artifacts\rework_visual_check.gd,F:\$Recycle.Bin\S-1-5-21-1942464140-2856953516-1393776520-1001\$RI3ZBMR.gd,F:\$RECYCLE.BIN\S-1-5-21-1942464140-2856953516-1393776520-1001\$II3ZBMR.gd,1,1207,2026-09-17T20:11:28.2260000Z,SHA-256全部一致
F:\Documents\楚物志\artifacts\rhythm-review-http-error.log,F:\$Recycle.Bin\S-1-5-21-1942464140-2856953516-1393776520-1001\$RI1U8GQ.log,F:\$RECYCLE.BIN\S-1-5-21-1942464140-2856953516-1393776520-1001\$II1U8GQ.log,1,51141,2026-09-17T20:11:28.9670000Z,SHA-256全部一致
F:\Documents\楚物志\artifacts\rhythm-review-http.log,F:\$Recycle.Bin\S-1-5-21-1942464140-2856953516-1393776520-1001\$RK5E042.log,F:\$RECYCLE.BIN\S-1-5-21-1942464140-2856953516-1393776520-1001\$IK5E042.log,1,0,2026-09-17T20:11:29.6640000Z,SHA-256全部一致
F:\Documents\楚物志\artifacts\rhythm-v2-contracts.log,F:\$Recycle.Bin\S-1-5-21-1942464140-2856953516-1393776520-1001\$R14PI8Q.log,F:\$RECYCLE.BIN\S-1-5-21-1942464140-2856953516-1393776520-1001\$I14PI8Q.log,1,2369,2026-09-17T20:11:30.4260000Z,SHA-256全部一致
F:\Documents\楚物志\artifacts\rhythm-v2-import.log,F:\$Recycle.Bin\S-1-5-21-1942464140-2856953516-1393776520-1001\$RTYUA5M.log,F:\$RECYCLE.BIN\S-1-5-21-1942464140-2856953516-1393776520-1001\$ITYUA5M.log,1,1385,2026-09-17T20:11:31.2390000Z,SHA-256全部一致
F:\Documents\楚物志\artifacts\rhythm-v2-judge-focused.log,F:\$Recycle.Bin\S-1-5-21-1942464140-2856953516-1393776520-1001\$RCN77AU.log,F:\$RECYCLE.BIN\S-1-5-21-1942464140-2856953516-1393776520-1001\$ICN77AU.log,1,15698,2026-09-17T20:11:31.9390000Z,SHA-256全部一致
F:\Documents\楚物志\artifacts\rhythm-v2-judge.log,F:\$Recycle.Bin\S-1-5-21-1942464140-2856953516-1393776520-1001\$ROM8N22.log,F:\$RECYCLE.BIN\S-1-5-21-1942464140-2856953516-1393776520-1001\$IOM8N22.log,1,39117,2026-09-17T20:11:32.9030000Z,SHA-256全部一致
F:\Documents\楚物志\artifacts\rhythm-v2-test_heritage_performance_lessons.gd.log,F:\$Recycle.Bin\S-1-5-21-1942464140-2856953516-1393776520-1001\$RN9W9XJ.log,F:\$RECYCLE.BIN\S-1-5-21-1942464140-2856953516-1393776520-1001\$IN9W9XJ.log,1,2161,2026-09-17T20:11:33.7620000Z,SHA-256全部一致
F:\Documents\楚物志\artifacts\rhythm-v2-test_music_input_avatar_regression.gd.log,F:\$Recycle.Bin\S-1-5-21-1942464140-2856953516-1393776520-1001\$R0HV6K2.log,F:\$RECYCLE.BIN\S-1-5-21-1942464140-2856953516-1393776520-1001\$I0HV6K2.log,1,1853,2026-09-17T20:11:34.5070000Z,SHA-256全部一致
F:\Documents\楚物志\artifacts\rhythm-v3-contracts-test.log,F:\$Recycle.Bin\S-1-5-21-1942464140-2856953516-1393776520-1001\$RCI8BTA.log,F:\$RECYCLE.BIN\S-1-5-21-1942464140-2856953516-1393776520-1001\$ICI8BTA.log,1,2590,2026-09-17T20:11:35.3120000Z,SHA-256全部一致
F:\Documents\楚物志\artifacts\rhythm-v3-import.log,F:\$Recycle.Bin\S-1-5-21-1942464140-2856953516-1393776520-1001\$RH3XLNR.log,F:\$RECYCLE.BIN\S-1-5-21-1942464140-2856953516-1393776520-1001\$IH3XLNR.log,1,4675,2026-09-17T20:11:36.0220000Z,SHA-256全部一致
F:\Documents\楚物志\artifacts\rhythm-v3-import2.log,F:\$Recycle.Bin\S-1-5-21-1942464140-2856953516-1393776520-1001\$R4IC7V2.log,F:\$RECYCLE.BIN\S-1-5-21-1942464140-2856953516-1393776520-1001\$I4IC7V2.log,1,2798,2026-09-17T20:11:36.9300000Z,SHA-256全部一致
F:\Documents\楚物志\artifacts\rhythm-v3-lessons-test.log,F:\$Recycle.Bin\S-1-5-21-1942464140-2856953516-1393776520-1001\$RA6NYB8.log,F:\$RECYCLE.BIN\S-1-5-21-1942464140-2856953516-1393776520-1001\$IA6NYB8.log,1,2043,2026-09-17T20:11:37.7850000Z,SHA-256全部一致
F:\Documents\楚物志\artifacts\settings-beta-final.log,F:\$Recycle.Bin\S-1-5-21-1942464140-2856953516-1393776520-1001\$RGYH77F.log,F:\$RECYCLE.BIN\S-1-5-21-1942464140-2856953516-1393776520-1001\$IGYH77F.log,1,58,2026-09-17T20:11:38.6920000Z,SHA-256全部一致
F:\Documents\楚物志\artifacts\settings-beta.log,F:\$Recycle.Bin\S-1-5-21-1942464140-2856953516-1393776520-1001\$RSI4B7H.log,F:\$RECYCLE.BIN\S-1-5-21-1942464140-2856953516-1393776520-1001\$ISI4B7H.log,1,501,2026-09-17T20:11:39.6240000Z,SHA-256全部一致
F:\Documents\楚物志\artifacts\settings-import.log,F:\$Recycle.Bin\S-1-5-21-1942464140-2856953516-1393776520-1001\$RG0XGBP.log,F:\$RECYCLE.BIN\S-1-5-21-1942464140-2856953516-1393776520-1001\$IG0XGBP.log,1,1754,2026-09-17T20:11:40.4450000Z,SHA-256全部一致
F:\Documents\楚物志\artifacts\settings-panel-polish.log,F:\$Recycle.Bin\S-1-5-21-1942464140-2856953516-1393776520-1001\$RPHCVK4.log,F:\$RECYCLE.BIN\S-1-5-21-1942464140-2856953516-1393776520-1001\$IPHCVK4.log,1,1978,2026-09-17T20:11:41.1790000Z,SHA-256全部一致
F:\Documents\楚物志\artifacts\settings-review,F:\$Recycle.Bin\S-1-5-21-1942464140-2856953516-1393776520-1001\$RY02L3N,F:\$RECYCLE.BIN\S-1-5-21-1942464140-2856953516-1393776520-1001\$IY02L3N,11,24533580,2026-09-17T20:11:42.0550000Z,SHA-256全部一致
F:\Documents\楚物志\artifacts\settings-review.log,F:\$Recycle.Bin\S-1-5-21-1942464140-2856953516-1393776520-1001\$R9KM9HZ.log,F:\$RECYCLE.BIN\S-1-5-21-1942464140-2856953516-1393776520-1001\$I9KM9HZ.log,1,1336,2026-09-17T20:11:43.6780000Z,SHA-256全部一致
F:\Documents\楚物志\artifacts\settings-tests-final.log,F:\$Recycle.Bin\S-1-5-21-1942464140-2856953516-1393776520-1001\$RI3EC60.log,F:\$RECYCLE.BIN\S-1-5-21-1942464140-2856953516-1393776520-1001\$II3EC60.log,1,4197,2026-09-17T20:11:44.7010000Z,SHA-256全部一致
F:\Documents\楚物志\artifacts\settings-tests.log,F:\$Recycle.Bin\S-1-5-21-1942464140-2856953516-1393776520-1001\$R1CYOVG.log,F:\$RECYCLE.BIN\S-1-5-21-1942464140-2856953516-1393776520-1001\$I1CYOVG.log,1,3747,2026-09-17T20:11:45.7890000Z,SHA-256全部一致
F:\Documents\楚物志\artifacts\smoke-021,F:\$Recycle.Bin\S-1-5-21-1942464140-2856953516-1393776520-1001\$R0Y8T0G,F:\$RECYCLE.BIN\S-1-5-21-1942464140-2856953516-1393776520-1001\$I0Y8T0G,50,203114,2026-09-17T20:11:47.1050000Z,SHA-256全部一致
F:\Documents\楚物志\artifacts\smoke-4.7.2,F:\$Recycle.Bin\S-1-5-21-1942464140-2856953516-1393776520-1001\$RMAP7PO.2,F:\$RECYCLE.BIN\S-1-5-21-1942464140-2856953516-1393776520-1001\$IMAP7PO.2,48,214657,2026-09-17T20:11:48.8620000Z,SHA-256全部一致
F:\Documents\楚物志\artifacts\smoke-one,F:\$Recycle.Bin\S-1-5-21-1942464140-2856953516-1393776520-1001\$RZMUQ0C,F:\$RECYCLE.BIN\S-1-5-21-1942464140-2856953516-1393776520-1001\$IZMUQ0C,4,10315,2026-09-17T20:11:50.4360000Z,SHA-256全部一致
F:\Documents\楚物志\artifacts\submission-20260916,F:\$Recycle.Bin\S-1-5-21-1942464140-2856953516-1393776520-1001\$R5PJ5KW,F:\$RECYCLE.BIN\S-1-5-21-1942464140-2856953516-1393776520-1001\$I5PJ5KW,25,864321120,2026-09-17T20:11:53.1390000Z,SHA-256全部一致
F:\Documents\楚物志\artifacts\sugar-v3-detail-import.log,F:\$Recycle.Bin\S-1-5-21-1942464140-2856953516-1393776520-1001\$R627AHQ.log,F:\$RECYCLE.BIN\S-1-5-21-1942464140-2856953516-1393776520-1001\$I627AHQ.log,1,4915,2026-09-17T20:11:55.6100000Z,SHA-256全部一致
F:\Documents\楚物志\artifacts\sugar-v3-detail-render.log,F:\$Recycle.Bin\S-1-5-21-1942464140-2856953516-1393776520-1001\$RDUU5Q7.log,F:\$RECYCLE.BIN\S-1-5-21-1942464140-2856953516-1393776520-1001\$IDUU5Q7.log,1,2784,2026-09-17T20:11:56.6520000Z,SHA-256全部一致
F:\Documents\楚物志\artifacts\sugar-v3-detail-tests.log,F:\$Recycle.Bin\S-1-5-21-1942464140-2856953516-1393776520-1001\$RGVDQ07.log,F:\$RECYCLE.BIN\S-1-5-21-1942464140-2856953516-1393776520-1001\$IGVDQ07.log,1,1990,2026-09-17T20:11:57.4950000Z,SHA-256全部一致
F:\Documents\楚物志\artifacts\sugar-v3-preview,F:\$Recycle.Bin\S-1-5-21-1942464140-2856953516-1393776520-1001\$R1YE23U,F:\$RECYCLE.BIN\S-1-5-21-1942464140-2856953516-1393776520-1001\$I1YE23U,51,35108745,2026-09-17T20:11:58.7470000Z,SHA-256全部一致
F:\Documents\楚物志\artifacts\sugar-v3-regression.log,F:\$Recycle.Bin\S-1-5-21-1942464140-2856953516-1393776520-1001\$R0S3QZ6.log,F:\$RECYCLE.BIN\S-1-5-21-1942464140-2856953516-1393776520-1001\$I0S3QZ6.log,1,1925,2026-09-17T20:12:00.3970000Z,SHA-256全部一致
F:\Documents\楚物志\artifacts\sugar-v3-render.log,F:\$Recycle.Bin\S-1-5-21-1942464140-2856953516-1393776520-1001\$RB7K65Z.log,F:\$RECYCLE.BIN\S-1-5-21-1942464140-2856953516-1393776520-1001\$IB7K65Z.log,1,2784,2026-09-17T20:12:01.3610000Z,SHA-256全部一致
F:\Documents\楚物志\artifacts\tangsu-outcomes,F:\$Recycle.Bin\S-1-5-21-1942464140-2856953516-1393776520-1001\$RAOD7RD,F:\$RECYCLE.BIN\S-1-5-21-1942464140-2856953516-1393776520-1001\$IAOD7RD,1,356234,2026-09-17T20:12:02.1860000Z,SHA-256全部一致
F:\Documents\楚物志\artifacts\television-ui,F:\$Recycle.Bin\S-1-5-21-1942464140-2856953516-1393776520-1001\$R5W6NTH,F:\$RECYCLE.BIN\S-1-5-21-1942464140-2856953516-1393776520-1001\$I5W6NTH,6,3111983,2026-09-17T20:12:03.9250000Z,SHA-256全部一致
F:\Documents\楚物志\artifacts\test-userdata,F:\$Recycle.Bin\S-1-5-21-1942464140-2856953516-1393776520-1001\$RI9Z0XG,F:\$RECYCLE.BIN\S-1-5-21-1942464140-2856953516-1393776520-1001\$II9Z0XG,75,2016161,2026-09-17T20:12:06.0540000Z,SHA-256全部一致
F:\Documents\楚物志\artifacts\test-verified-recycle.ps1,F:\$Recycle.Bin\S-1-5-21-1942464140-2856953516-1393776520-1001\$RGFX926.ps1,F:\$RECYCLE.BIN\S-1-5-21-1942464140-2856953516-1393776520-1001\$IGFX926.ps1,1,1893,2026-09-17T20:12:08.0910000Z,SHA-256全部一致
F:\Documents\楚物志\artifacts\tiqin-body-grid.png,F:\$Recycle.Bin\S-1-5-21-1942464140-2856953516-1393776520-1001\$RW097NR.png,F:\$RECYCLE.BIN\S-1-5-21-1942464140-2856953516-1393776520-1001\$IW097NR.png,1,178270,2026-09-17T20:12:09.3180000Z,SHA-256全部一致
F:\Documents\楚物志\artifacts\tiqin-bow-frame-review.png,F:\$Recycle.Bin\S-1-5-21-1942464140-2856953516-1393776520-1001\$ROD7QUZ.png,F:\$RECYCLE.BIN\S-1-5-21-1942464140-2856953516-1393776520-1001\$IOD7QUZ.png,1,219603,2026-09-17T20:12:10.4200000Z,SHA-256全部一致
F:\Documents\楚物志\artifacts\tiqin-continuous-bow,F:\$Recycle.Bin\S-1-5-21-1942464140-2856953516-1393776520-1001\$RIK2BEM,F:\$RECYCLE.BIN\S-1-5-21-1942464140-2856953516-1393776520-1001\$IIK2BEM,38,11337325,2026-09-17T20:12:11.4680000Z,SHA-256全部一致
F:\Documents\楚物志\artifacts\tiqin-layer-anchor-review.png,F:\$Recycle.Bin\S-1-5-21-1942464140-2856953516-1393776520-1001\$RDX40BM.png,F:\$RECYCLE.BIN\S-1-5-21-1942464140-2856953516-1393776520-1001\$IDX40BM.png,1,43579,2026-09-17T20:12:13.2140000Z,SHA-256全部一致
F:\Documents\楚物志\artifacts\tmp_frontend_flow_after.log,F:\$Recycle.Bin\S-1-5-21-1942464140-2856953516-1393776520-1001\$RUOY2TK.log,F:\$RECYCLE.BIN\S-1-5-21-1942464140-2856953516-1393776520-1001\$IUOY2TK.log,1,1019294,2026-09-17T20:12:13.8820000Z,SHA-256全部一致
F:\Documents\楚物志\artifacts\tmp_frontend_loading.log,F:\$Recycle.Bin\S-1-5-21-1942464140-2856953516-1393776520-1001\$RBBV2XT.log,F:\$RECYCLE.BIN\S-1-5-21-1942464140-2856953516-1393776520-1001\$IBBV2XT.log,1,75521,2026-09-17T20:12:14.6350000Z,SHA-256全部一致
F:\Documents\楚物志\artifacts\tmp_frontend_loading_after.log,F:\$Recycle.Bin\S-1-5-21-1942464140-2856953516-1393776520-1001\$RK7PRH5.log,F:\$RECYCLE.BIN\S-1-5-21-1942464140-2856953516-1393776520-1001\$IK7PRH5.log,1,80570,2026-09-17T20:12:15.6030000Z,SHA-256全部一致
F:\Documents\楚物志\artifacts\tmp_frontend_loading_after2.log,F:\$Recycle.Bin\S-1-5-21-1942464140-2856953516-1393776520-1001\$RFPAH5B.log,F:\$RECYCLE.BIN\S-1-5-21-1942464140-2856953516-1393776520-1001\$IFPAH5B.log,1,75336,2026-09-17T20:12:16.4050000Z,SHA-256全部一致
F:\Documents\楚物志\artifacts\tmp_frontend_loading_final.log,F:\$Recycle.Bin\S-1-5-21-1942464140-2856953516-1393776520-1001\$RDTXW5T.log,F:\$RECYCLE.BIN\S-1-5-21-1942464140-2856953516-1393776520-1001\$IDTXW5T.log,1,4595,2026-09-17T20:12:17.4550000Z,SHA-256全部一致
F:\Documents\楚物志\artifacts\tutorial-audit.log,F:\$Recycle.Bin\S-1-5-21-1942464140-2856953516-1393776520-1001\$RL6H5K1.log,F:\$RECYCLE.BIN\S-1-5-21-1942464140-2856953516-1393776520-1001\$IL6H5K1.log,1,6299,2026-09-17T20:12:18.5640000Z,SHA-256全部一致
F:\Documents\楚物志\artifacts\tutorial-beta-final.log,F:\$Recycle.Bin\S-1-5-21-1942464140-2856953516-1393776520-1001\$R6D0DFI.log,F:\$RECYCLE.BIN\S-1-5-21-1942464140-2856953516-1393776520-1001\$I6D0DFI.log,1,58,2026-09-17T20:12:19.4150000Z,SHA-256全部一致
F:\Documents\楚物志\artifacts\tutorial-beta.log,F:\$Recycle.Bin\S-1-5-21-1942464140-2856953516-1393776520-1001\$R07YM4D.log,F:\$RECYCLE.BIN\S-1-5-21-1942464140-2856953516-1393776520-1001\$I07YM4D.log,1,0,2026-09-17T20:12:20.3640000Z,SHA-256全部一致
F:\Documents\楚物志\artifacts\tutorial-example.log,F:\$Recycle.Bin\S-1-5-21-1942464140-2856953516-1393776520-1001\$R56HEIA.log,F:\$RECYCLE.BIN\S-1-5-21-1942464140-2856953516-1393776520-1001\$I56HEIA.log,1,1094,2026-09-17T20:12:21.4130000Z,SHA-256全部一致
F:\Documents\楚物志\artifacts\tutorial-final-gui.log,F:\$Recycle.Bin\S-1-5-21-1942464140-2856953516-1393776520-1001\$R8QTD8B.log,F:\$RECYCLE.BIN\S-1-5-21-1942464140-2856953516-1393776520-1001\$I8QTD8B.log,1,6786,2026-09-17T20:12:22.4140000Z,SHA-256全部一致
F:\Documents\楚物志\artifacts\tutorial-gamepad.log,F:\$Recycle.Bin\S-1-5-21-1942464140-2856953516-1393776520-1001\$RXL2441.log,F:\$RECYCLE.BIN\S-1-5-21-1942464140-2856953516-1393776520-1001\$IXL2441.log,1,4497,2026-09-17T20:12:23.2490000Z,SHA-256全部一致
F:\Documents\楚物志\artifacts\tutorial-gui.log,F:\$Recycle.Bin\S-1-5-21-1942464140-2856953516-1393776520-1001\$R38ZM81.log,F:\$RECYCLE.BIN\S-1-5-21-1942464140-2856953516-1393776520-1001\$I38ZM81.log,1,5350,2026-09-17T20:12:23.9890000Z,SHA-256全部一致
F:\Documents\楚物志\artifacts\tutorial-import.log,F:\$Recycle.Bin\S-1-5-21-1942464140-2856953516-1393776520-1001\$RKCF3EJ.log,F:\$RECYCLE.BIN\S-1-5-21-1942464140-2856953516-1393776520-1001\$IKCF3EJ.log,1,2813,2026-09-17T20:12:24.7180000Z,SHA-256全部一致
F:\Documents\楚物志\artifacts\tutorial-keys.log,F:\$Recycle.Bin\S-1-5-21-1942464140-2856953516-1393776520-1001\$R97XFHJ.log,F:\$RECYCLE.BIN\S-1-5-21-1942464140-2856953516-1393776520-1001\$I97XFHJ.log,1,5350,2026-09-17T20:12:25.4200000Z,SHA-256全部一致
F:\Documents\楚物志\artifacts\tutorial-layout-final.log,F:\$Recycle.Bin\S-1-5-21-1942464140-2856953516-1393776520-1001\$RD60E2J.log,F:\$RECYCLE.BIN\S-1-5-21-1942464140-2856953516-1393776520-1001\$ID60E2J.log,1,1354,2026-09-17T20:12:26.1260000Z,SHA-256全部一致
F:\Documents\楚物志\artifacts\tutorial-layout-runtime.log,F:\$Recycle.Bin\S-1-5-21-1942464140-2856953516-1393776520-1001\$R5XL2BN.log,F:\$RECYCLE.BIN\S-1-5-21-1942464140-2856953516-1393776520-1001\$I5XL2BN.log,1,4598,2026-09-17T20:12:26.8240000Z,SHA-256全部一致
F:\Documents\楚物志\artifacts\tutorial-layout-v2.log,F:\$Recycle.Bin\S-1-5-21-1942464140-2856953516-1393776520-1001\$RKVKPYN.log,F:\$RECYCLE.BIN\S-1-5-21-1942464140-2856953516-1393776520-1001\$IKVKPYN.log,1,4663,2026-09-17T20:12:27.9640000Z,SHA-256全部一致
F:\Documents\楚物志\artifacts\tutorial-pause-final.log,F:\$Recycle.Bin\S-1-5-21-1942464140-2856953516-1393776520-1001\$R4NUCJY.log,F:\$RECYCLE.BIN\S-1-5-21-1942464140-2856953516-1393776520-1001\$I4NUCJY.log,1,4497,2026-09-17T20:12:29.0640000Z,SHA-256全部一致
F:\Documents\楚物志\artifacts\tutorial-pause-runtime.log,F:\$Recycle.Bin\S-1-5-21-1942464140-2856953516-1393776520-1001\$RB6O1GZ.log,F:\$RECYCLE.BIN\S-1-5-21-1942464140-2856953516-1393776520-1001\$IB6O1GZ.log,1,4433,2026-09-17T20:12:29.8840000Z,SHA-256全部一致
F:\Documents\楚物志\artifacts\tutorial-restart.log,F:\$Recycle.Bin\S-1-5-21-1942464140-2856953516-1393776520-1001\$RQ0OYHM.log,F:\$RECYCLE.BIN\S-1-5-21-1942464140-2856953516-1393776520-1001\$IQ0OYHM.log,1,6435,2026-09-17T20:12:30.6780000Z,SHA-256全部一致
F:\Documents\楚物志\artifacts\tutorial-review,F:\$Recycle.Bin\S-1-5-21-1942464140-2856953516-1393776520-1001\$RSY3T3G,F:\$RECYCLE.BIN\S-1-5-21-1942464140-2856953516-1393776520-1001\$ISY3T3G,52,104811528,2026-09-17T20:12:31.9560000Z,SHA-256全部一致
F:\Documents\楚物志\artifacts\tutorial-scoped.log,F:\$Recycle.Bin\S-1-5-21-1942464140-2856953516-1393776520-1001\$R0GLJ8Y.log,F:\$RECYCLE.BIN\S-1-5-21-1942464140-2856953516-1393776520-1001\$I0GLJ8Y.log,1,8321,2026-09-17T20:12:33.4320000Z,SHA-256全部一致
F:\Documents\楚物志\artifacts\tutorial-tests.log,F:\$Recycle.Bin\S-1-5-21-1942464140-2856953516-1393776520-1001\$R7VG2FV.log,F:\$RECYCLE.BIN\S-1-5-21-1942464140-2856953516-1393776520-1001\$I7VG2FV.log,1,49622,2026-09-17T20:12:34.1700000Z,SHA-256全部一致
F:\Documents\楚物志\artifacts\ui-host-v4.log,F:\$Recycle.Bin\S-1-5-21-1942464140-2856953516-1393776520-1001\$RZ9EHM5.log,F:\$RECYCLE.BIN\S-1-5-21-1942464140-2856953516-1393776520-1001\$IZ9EHM5.log,1,2106,2026-09-17T20:12:34.8810000Z,SHA-256全部一致
F:\Documents\楚物志\artifacts\ui-input-v4-unit.log,F:\$Recycle.Bin\S-1-5-21-1942464140-2856953516-1393776520-1001\$RGFV5N0.log,F:\$RECYCLE.BIN\S-1-5-21-1942464140-2856953516-1393776520-1001\$IGFV5N0.log,1,2871,2026-09-17T20:12:35.7040000Z,SHA-256全部一致
F:\Documents\楚物志\artifacts\ui-main,F:\$Recycle.Bin\S-1-5-21-1942464140-2856953516-1393776520-1001\$RFJ3BZ2,F:\$RECYCLE.BIN\S-1-5-21-1942464140-2856953516-1393776520-1001\$IFJ3BZ2,263,404172193,2026-09-17T20:12:38.7170000Z,SHA-256全部一致
F:\Documents\楚物志\artifacts\ui-main-game.log,F:\$Recycle.Bin\S-1-5-21-1942464140-2856953516-1393776520-1001\$R1X7GUZ.log,F:\$RECYCLE.BIN\S-1-5-21-1942464140-2856953516-1393776520-1001\$I1X7GUZ.log,1,1505,2026-09-17T20:12:40.4970000Z,SHA-256全部一致
F:\Documents\楚物志\artifacts\ui-main-gut.log,F:\$Recycle.Bin\S-1-5-21-1942464140-2856953516-1393776520-1001\$REPJGKD.log,F:\$RECYCLE.BIN\S-1-5-21-1942464140-2856953516-1393776520-1001\$IEPJGKD.log,1,117664,2026-09-17T20:12:41.2160000Z,SHA-256全部一致
F:\Documents\楚物志\artifacts\ui-main-home.log,F:\$Recycle.Bin\S-1-5-21-1942464140-2856953516-1393776520-1001\$R37F41Q.log,F:\$RECYCLE.BIN\S-1-5-21-1942464140-2856953516-1393776520-1001\$I37F41Q.log,1,1153,2026-09-17T20:12:41.9930000Z,SHA-256全部一致
F:\Documents\楚物志\artifacts\ui-main-import.log,F:\$Recycle.Bin\S-1-5-21-1942464140-2856953516-1393776520-1001\$RNU2CM5.log,F:\$RECYCLE.BIN\S-1-5-21-1942464140-2856953516-1393776520-1001\$INU2CM5.log,1,17782,2026-09-17T20:12:42.8320000Z,SHA-256全部一致
F:\Documents\楚物志\artifacts\ui-main-import2.log,F:\$Recycle.Bin\S-1-5-21-1942464140-2856953516-1393776520-1001\$RRUC9E7.log,F:\$RECYCLE.BIN\S-1-5-21-1942464140-2856953516-1393776520-1001\$IRUC9E7.log,1,1972,2026-09-17T20:12:43.5170000Z,SHA-256全部一致
F:\Documents\楚物志\artifacts\ui-main-import3.log,F:\$Recycle.Bin\S-1-5-21-1942464140-2856953516-1393776520-1001\$RKTBVPW.log,F:\$RECYCLE.BIN\S-1-5-21-1942464140-2856953516-1393776520-1001\$IKTBVPW.log,1,2049,2026-09-17T20:12:44.2650000Z,SHA-256全部一致
F:\Documents\楚物志\artifacts\ui-main-import4.log,F:\$Recycle.Bin\S-1-5-21-1942464140-2856953516-1393776520-1001\$R5ZS8XR.log,F:\$RECYCLE.BIN\S-1-5-21-1942464140-2856953516-1393776520-1001\$I5ZS8XR.log,1,1448,2026-09-17T20:12:45.0720000Z,SHA-256全部一致
F:\Documents\楚物志\artifacts\ui-shared-v4.log,F:\$Recycle.Bin\S-1-5-21-1942464140-2856953516-1393776520-1001\$RCUE41C.log,F:\$RECYCLE.BIN\S-1-5-21-1942464140-2856953516-1393776520-1001\$ICUE41C.log,1,3976,2026-09-17T20:12:45.8640000Z,SHA-256全部一致
F:\Documents\楚物志\artifacts\ui-v4-final-gallery.log,F:\$Recycle.Bin\S-1-5-21-1942464140-2856953516-1393776520-1001\$R1NINT0.log,F:\$RECYCLE.BIN\S-1-5-21-1942464140-2856953516-1393776520-1001\$I1NINT0.log,1,3116,2026-09-17T20:12:46.5850000Z,SHA-256全部一致
F:\Documents\楚物志\artifacts\ui-v4-final-import.log,F:\$Recycle.Bin\S-1-5-21-1942464140-2856953516-1393776520-1001\$RYGQZ8V.log,F:\$RECYCLE.BIN\S-1-5-21-1942464140-2856953516-1393776520-1001\$IYGQZ8V.log,1,32021,2026-09-17T20:12:47.3440000Z,SHA-256全部一致
F:\Documents\楚物志\artifacts\ui-v4-final-tests.log,F:\$Recycle.Bin\S-1-5-21-1942464140-2856953516-1393776520-1001\$R0DMGJG.log,F:\$RECYCLE.BIN\S-1-5-21-1942464140-2856953516-1393776520-1001\$I0DMGJG.log,1,2389,2026-09-17T20:12:48.1090000Z,SHA-256全部一致
F:\Documents\楚物志\artifacts\ui-v4-gallery-final-tests.log,F:\$Recycle.Bin\S-1-5-21-1942464140-2856953516-1393776520-1001\$R63MIYB.log,F:\$RECYCLE.BIN\S-1-5-21-1942464140-2856953516-1393776520-1001\$I63MIYB.log,1,2382,2026-09-17T20:12:48.8890000Z,SHA-256全部一致
F:\Documents\楚物志\artifacts\ui-v4-gallery.log,F:\$Recycle.Bin\S-1-5-21-1942464140-2856953516-1393776520-1001\$RZYSHW5.log,F:\$RECYCLE.BIN\S-1-5-21-1942464140-2856953516-1393776520-1001\$IZYSHW5.log,1,2382,2026-09-17T20:12:49.8030000Z,SHA-256全部一致
F:\Documents\楚物志\artifacts\ui-v4-import.log,F:\$Recycle.Bin\S-1-5-21-1942464140-2856953516-1393776520-1001\$RH20WF5.log,F:\$RECYCLE.BIN\S-1-5-21-1942464140-2856953516-1393776520-1001\$IH20WF5.log,1,11138,2026-09-17T20:12:50.5940000Z,SHA-256全部一致
F:\Documents\楚物志\artifacts\ui-v4-preview,F:\$Recycle.Bin\S-1-5-21-1942464140-2856953516-1393776520-1001\$RTI6AV5,F:\$RECYCLE.BIN\S-1-5-21-1942464140-2856953516-1393776520-1001\$ITI6AV5,15,3497281,2026-09-17T20:12:51.4950000Z,SHA-256全部一致
F:\Documents\楚物志\artifacts\ui-v4-render-final.log,F:\$Recycle.Bin\S-1-5-21-1942464140-2856953516-1393776520-1001\$RC5ZN84.log,F:\$RECYCLE.BIN\S-1-5-21-1942464140-2856953516-1393776520-1001\$IC5ZN84.log,1,2597,2026-09-17T20:12:52.7960000Z,SHA-256全部一致
F:\Documents\楚物志\artifacts\ui-v4-render-r2.log,F:\$Recycle.Bin\S-1-5-21-1942464140-2856953516-1393776520-1001\$ROOK6P5.log,F:\$RECYCLE.BIN\S-1-5-21-1942464140-2856953516-1393776520-1001\$IOOK6P5.log,1,3033,2026-09-17T20:12:53.5290000Z,SHA-256全部一致
F:\Documents\楚物志\artifacts\ui-v4-render.log,F:\$Recycle.Bin\S-1-5-21-1942464140-2856953516-1393776520-1001\$RJ6PJCE.log,F:\$RECYCLE.BIN\S-1-5-21-1942464140-2856953516-1393776520-1001\$IJ6PJCE.log,1,44944,2026-09-17T20:12:54.3050000Z,SHA-256全部一致
F:\Documents\楚物志\artifacts\ui-v4-television.log,F:\$Recycle.Bin\S-1-5-21-1942464140-2856953516-1393776520-1001\$RLZDH3N.log,F:\$RECYCLE.BIN\S-1-5-21-1942464140-2856953516-1393776520-1001\$ILZDH3N.log,1,2491,2026-09-17T20:12:54.9790000Z,SHA-256全部一致
F:\Documents\楚物志\artifacts\uiux-audit-20260914,F:\$Recycle.Bin\S-1-5-21-1942464140-2856953516-1393776520-1001\$RFXIOWS,F:\$RECYCLE.BIN\S-1-5-21-1942464140-2856953516-1393776520-1001\$IFXIOWS,49,24139920,2026-09-17T20:12:56.0570000Z,SHA-256全部一致
F:\Documents\楚物志\artifacts\untracked-cleanup-audit.txt,F:\$Recycle.Bin\S-1-5-21-1942464140-2856953516-1393776520-1001\$R3WGSU3.txt,F:\$RECYCLE.BIN\S-1-5-21-1942464140-2856953516-1393776520-1001\$I3WGSU3.txt,1,171613,2026-09-17T20:12:57.3170000Z,SHA-256全部一致
F:\Documents\楚物志\artifacts\update_escort_contact.py,F:\$Recycle.Bin\S-1-5-21-1942464140-2856953516-1393776520-1001\$R87D157.py,F:\$RECYCLE.BIN\S-1-5-21-1942464140-2856953516-1393776520-1001\$I87D157.py,1,1231,2026-09-17T20:12:58.0870000Z,SHA-256全部一致
F:\Documents\楚物志\artifacts\user-minigame-preview.png,F:\$Recycle.Bin\S-1-5-21-1942464140-2856953516-1393776520-1001\$R7REFAR.png,F:\$RECYCLE.BIN\S-1-5-21-1942464140-2856953516-1393776520-1001\$I7REFAR.png,1,417571,2026-09-17T20:12:58.7620000Z,SHA-256全部一致
F:\Documents\楚物志\artifacts\user-preview-check.log,F:\$Recycle.Bin\S-1-5-21-1942464140-2856953516-1393776520-1001\$RTRZU5X.log,F:\$RECYCLE.BIN\S-1-5-21-1942464140-2856953516-1393776520-1001\$ITRZU5X.log,1,75,2026-09-17T20:12:59.4510000Z,SHA-256全部一致
F:\Documents\楚物志\artifacts\user-preview.log,F:\$Recycle.Bin\S-1-5-21-1942464140-2856953516-1393776520-1001\$RJAJNEO.log,F:\$RECYCLE.BIN\S-1-5-21-1942464140-2856953516-1393776520-1001\$IJAJNEO.log,1,1088,2026-09-17T20:13:00.1550000Z,SHA-256全部一致
F:\Documents\楚物志\artifacts\v3-alchemy-preview.log,F:\$Recycle.Bin\S-1-5-21-1942464140-2856953516-1393776520-1001\$R3BEKQW.log,F:\$RECYCLE.BIN\S-1-5-21-1942464140-2856953516-1393776520-1001\$I3BEKQW.log,1,4841,2026-09-17T20:13:00.8350000Z,SHA-256全部一致
F:\Documents\楚物志\artifacts\v3-import.log,F:\$Recycle.Bin\S-1-5-21-1942464140-2856953516-1393776520-1001\$REPIBME.log,F:\$RECYCLE.BIN\S-1-5-21-1942464140-2856953516-1393776520-1001\$IEPIBME.log,1,3968,2026-09-17T20:13:01.5390000Z,SHA-256全部一致
F:\Documents\楚物志\artifacts\verified-recycle.cs,F:\$Recycle.Bin\S-1-5-21-1942464140-2856953516-1393776520-1001\$RFRI53D.cs,F:\$RECYCLE.BIN\S-1-5-21-1942464140-2856953516-1393776520-1001\$IFRI53D.cs,1,2216,2026-09-17T20:13:02.2760000Z,SHA-256全部一致
F:\Documents\楚物志\artifacts\verify,F:\$Recycle.Bin\S-1-5-21-1942464140-2856953516-1393776520-1001\$RDHHV58,F:\$RECYCLE.BIN\S-1-5-21-1942464140-2856953516-1393776520-1001\$IDHHV58,74,350914,2026-09-17T20:13:03.4180000Z,SHA-256全部一致
F:\Documents\楚物志\artifacts\verify-before-puzzle-test-fix,F:\$Recycle.Bin\S-1-5-21-1942464140-2856953516-1393776520-1001\$RX60YZ2,F:\$RECYCLE.BIN\S-1-5-21-1942464140-2856953516-1393776520-1001\$IX60YZ2,4,425692,2026-09-17T20:13:04.7620000Z,SHA-256全部一致
F:\Documents\楚物志\artifacts\verify-v3-final-console.log,F:\$Recycle.Bin\S-1-5-21-1942464140-2856953516-1393776520-1001\$RZ1S4K9.log,F:\$RECYCLE.BIN\S-1-5-21-1942464140-2856953516-1393776520-1001\$IZ1S4K9.log,1,58,2026-09-17T20:13:05.9730000Z,SHA-256全部一致
F:\Documents\楚物志\artifacts\verify-voice-fix-console.log,F:\$Recycle.Bin\S-1-5-21-1942464140-2856953516-1393776520-1001\$R1WX51M.log,F:\$RECYCLE.BIN\S-1-5-21-1942464140-2856953516-1393776520-1001\$I1WX51M.log,1,58,2026-09-17T20:13:06.7950000Z,SHA-256全部一致
F:\Documents\楚物志\artifacts\vocal-preview-engine.log,F:\$Recycle.Bin\S-1-5-21-1942464140-2856953516-1393776520-1001\$RX0K4OC.log,F:\$RECYCLE.BIN\S-1-5-21-1942464140-2856953516-1393776520-1001\$IX0K4OC.log,1,1360,2026-09-17T20:13:07.5990000Z,SHA-256全部一致
F:\Documents\楚物志\artifacts\vocal-result-1280x720.png,F:\$Recycle.Bin\S-1-5-21-1942464140-2856953516-1393776520-1001\$RM1WYDU.png,F:\$RECYCLE.BIN\S-1-5-21-1942464140-2856953516-1393776520-1001\$IM1WYDU.png,1,98483,2026-09-17T20:13:08.3520000Z,SHA-256全部一致
F:\Documents\楚物志\artifacts\vocal-result-1920x1080.png,F:\$Recycle.Bin\S-1-5-21-1942464140-2856953516-1393776520-1001\$RNIG7CO.png,F:\$RECYCLE.BIN\S-1-5-21-1942464140-2856953516-1393776520-1001\$INIG7CO.png,1,125289,2026-09-17T20:13:09.1260000Z,SHA-256全部一致
F:\Documents\楚物志\artifacts\vocal-result-2048x1536.png,F:\$Recycle.Bin\S-1-5-21-1942464140-2856953516-1393776520-1001\$RGIZFS8.png,F:\$RECYCLE.BIN\S-1-5-21-1942464140-2856953516-1393776520-1001\$IGIZFS8.png,1,131466,2026-09-17T20:13:09.8450000Z,SHA-256全部一致
F:\Documents\楚物志\artifacts\vocal-result-2560x1600.png,F:\$Recycle.Bin\S-1-5-21-1942464140-2856953516-1393776520-1001\$RX2IA74.png,F:\$RECYCLE.BIN\S-1-5-21-1942464140-2856953516-1393776520-1001\$IX2IA74.png,1,136357,2026-09-17T20:13:10.5100000Z,SHA-256全部一致
F:\Documents\楚物志\artifacts\vocal-result-3440x1440.png,F:\$Recycle.Bin\S-1-5-21-1942464140-2856953516-1393776520-1001\$RU1I5W9.png,F:\$RECYCLE.BIN\S-1-5-21-1942464140-2856953516-1393776520-1001\$IU1I5W9.png,1,140943,2026-09-17T20:13:11.2300000Z,SHA-256全部一致
F:\Documents\楚物志\artifacts\vocal-v3-combined.log,F:\$Recycle.Bin\S-1-5-21-1942464140-2856953516-1393776520-1001\$RG6D69Z.log,F:\$RECYCLE.BIN\S-1-5-21-1942464140-2856953516-1393776520-1001\$IG6D69Z.log,1,8927,2026-09-17T20:13:12.0560000Z,SHA-256全部一致
F:\Documents\楚物志\artifacts\vocal-v3-full-engine.log,F:\$Recycle.Bin\S-1-5-21-1942464140-2856953516-1393776520-1001\$RUBCC9U.log,F:\$RECYCLE.BIN\S-1-5-21-1942464140-2856953516-1393776520-1001\$IUBCC9U.log,1,81315,2026-09-17T20:13:12.7890000Z,SHA-256全部一致
F:\Documents\楚物志\artifacts\vocal-v3-full.log,F:\$Recycle.Bin\S-1-5-21-1942464140-2856953516-1393776520-1001\$RAN4V5R.log,F:\$RECYCLE.BIN\S-1-5-21-1942464140-2856953516-1393776520-1001\$IAN4V5R.log,1,83764,2026-09-17T20:13:13.5710000Z,SHA-256全部一致
F:\Documents\楚物志\artifacts\vocal-v3-full.xml,F:\$Recycle.Bin\S-1-5-21-1942464140-2856953516-1393776520-1001\$RM5ZNA7.xml,F:\$RECYCLE.BIN\S-1-5-21-1942464140-2856953516-1393776520-1001\$IM5ZNA7.xml,1,114573,2026-09-17T20:13:14.2640000Z,SHA-256全部一致
F:\Documents\楚物志\artifacts\vocal-v3-layout-engine.log,F:\$Recycle.Bin\S-1-5-21-1942464140-2856953516-1393776520-1001\$RSI2KYK.log,F:\$RECYCLE.BIN\S-1-5-21-1942464140-2856953516-1393776520-1001\$ISI2KYK.log,1,3131,2026-09-17T20:13:15.0740000Z,SHA-256全部一致
F:\Documents\楚物志\artifacts\vocal-v3-layout-final-engine.log,F:\$Recycle.Bin\S-1-5-21-1942464140-2856953516-1393776520-1001\$RXLWX94.log,F:\$RECYCLE.BIN\S-1-5-21-1942464140-2856953516-1393776520-1001\$IXLWX94.log,1,3639,2026-09-17T20:13:15.8440000Z,SHA-256全部一致
F:\Documents\楚物志\artifacts\vocal-v3-layout-final.log,F:\$Recycle.Bin\S-1-5-21-1942464140-2856953516-1393776520-1001\$RLLKUF9.log,F:\$RECYCLE.BIN\S-1-5-21-1942464140-2856953516-1393776520-1001\$ILLKUF9.log,1,3834,2026-09-17T20:13:16.5740000Z,SHA-256全部一致
F:\Documents\楚物志\artifacts\vocal-v3-layout.log,F:\$Recycle.Bin\S-1-5-21-1942464140-2856953516-1393776520-1001\$RU5SH6U.log,F:\$RECYCLE.BIN\S-1-5-21-1942464140-2856953516-1393776520-1001\$IU5SH6U.log,1,3298,2026-09-17T20:13:17.4520000Z,SHA-256全部一致
F:\Documents\楚物志\artifacts\vocal-v3-navigation-engine.log,F:\$Recycle.Bin\S-1-5-21-1942464140-2856953516-1393776520-1001\$RQ6B4RK.log,F:\$RECYCLE.BIN\S-1-5-21-1942464140-2856953516-1393776520-1001\$IQ6B4RK.log,1,2450,2026-09-17T20:13:18.1830000Z,SHA-256全部一致
F:\Documents\楚物志\artifacts\vocal-v3-navigation.log,F:\$Recycle.Bin\S-1-5-21-1942464140-2856953516-1393776520-1001\$RGI3MO7.log,F:\$RECYCLE.BIN\S-1-5-21-1942464140-2856953516-1393776520-1001\$IGI3MO7.log,1,2619,2026-09-17T20:13:18.8370000Z,SHA-256全部一致
F:\Documents\楚物志\artifacts\vocal-v3-red.log,F:\$Recycle.Bin\S-1-5-21-1942464140-2856953516-1393776520-1001\$RO9RCOM.log,F:\$RECYCLE.BIN\S-1-5-21-1942464140-2856953516-1393776520-1001\$IO9RCOM.log,1,10293,2026-09-17T20:13:19.5330000Z,SHA-256全部一致
F:\Documents\楚物志\artifacts\vocal-v3-scoring.log,F:\$Recycle.Bin\S-1-5-21-1942464140-2856953516-1393776520-1001\$R39N9JU.log,F:\$RECYCLE.BIN\S-1-5-21-1942464140-2856953516-1393776520-1001\$I39N9JU.log,1,8173,2026-09-17T20:13:20.3110000Z,SHA-256全部一致
F:\Documents\楚物志\artifacts\vocal-v3-ui.log,F:\$Recycle.Bin\S-1-5-21-1942464140-2856953516-1393776520-1001\$RMO6TNO.log,F:\$RECYCLE.BIN\S-1-5-21-1942464140-2856953516-1393776520-1001\$IMO6TNO.log,1,4934,2026-09-17T20:13:20.9990000Z,SHA-256全部一致
F:\Documents\楚物志\artifacts\voice-alignment-red-console.log,F:\$Recycle.Bin\S-1-5-21-1942464140-2856953516-1393776520-1001\$RZHPCJ8.log,F:\$RECYCLE.BIN\S-1-5-21-1942464140-2856953516-1393776520-1001\$IZHPCJ8.log,1,4265,2026-09-17T20:13:21.7420000Z,SHA-256全部一致
F:\Documents\楚物志\artifacts\voice-alignment-red.log,F:\$Recycle.Bin\S-1-5-21-1942464140-2856953516-1393776520-1001\$RFVD5GK.log,F:\$RECYCLE.BIN\S-1-5-21-1942464140-2856953516-1393776520-1001\$IFVD5GK.log,1,4085,2026-09-17T20:13:22.4680000Z,SHA-256全部一致
F:\Documents\楚物志\artifacts\voice-fixes-unit-console.log,F:\$Recycle.Bin\S-1-5-21-1942464140-2856953516-1393776520-1001\$R2G2H10.log,F:\$RECYCLE.BIN\S-1-5-21-1942464140-2856953516-1393776520-1001\$I2G2H10.log,1,4814,2026-09-17T20:13:23.3230000Z,SHA-256全部一致
F:\Documents\楚物志\artifacts\voice-fixes-unit.log,F:\$Recycle.Bin\S-1-5-21-1942464140-2856953516-1393776520-1001\$R6S295M.log,F:\$RECYCLE.BIN\S-1-5-21-1942464140-2856953516-1393776520-1001\$I6S295M.log,1,4615,2026-09-17T20:13:24.1260000Z,SHA-256全部一致
F:\Documents\楚物志\artifacts\voice-reference-new-console.log,F:\$Recycle.Bin\S-1-5-21-1942464140-2856953516-1393776520-1001\$RXQOS4N.log,F:\$RECYCLE.BIN\S-1-5-21-1942464140-2856953516-1393776520-1001\$IXQOS4N.log,1,2681,2026-09-17T20:13:25.0770000Z,SHA-256全部一致
F:\Documents\楚物志\artifacts\voice-reference-new.log,F:\$Recycle.Bin\S-1-5-21-1942464140-2856953516-1393776520-1001\$RBS8R9W.log,F:\$RECYCLE.BIN\S-1-5-21-1942464140-2856953516-1393776520-1001\$IBS8R9W.log,1,2563,2026-09-17T20:13:25.8910000Z,SHA-256全部一致
F:\Documents\楚物志\artifacts\xingshan-followers-gut.log,F:\$Recycle.Bin\S-1-5-21-1942464140-2856953516-1393776520-1001\$RJE0R99.log,F:\$RECYCLE.BIN\S-1-5-21-1942464140-2856953516-1393776520-1001\$IJE0R99.log,1,1899,2026-09-17T20:13:26.6640000Z,SHA-256全部一致
F:\Documents\楚物志\artifacts\xingshan-followers-invariance.log,F:\$Recycle.Bin\S-1-5-21-1942464140-2856953516-1393776520-1001\$RCYEYHE.log,F:\$RECYCLE.BIN\S-1-5-21-1942464140-2856953516-1393776520-1001\$ICYEYHE.log,1,1679,2026-09-17T20:13:27.5170000Z,SHA-256全部一致
F:\Documents\楚物志\tools\promotion-video\remotion\node_modules,F:\$Recycle.Bin\S-1-5-21-1942464140-2856953516-1393776520-1001\$RMPZOUC,F:\$RECYCLE.BIN\S-1-5-21-1942464140-2856953516-1393776520-1001\$IMPZOUC,18821,598109197,2026-09-17T20:17:26.3790000Z,SHA-256全部一致
F:\Documents\楚物志\tools\promotion-video\remotion\public,F:\$Recycle.Bin\S-1-5-21-1942464140-2856953516-1393776520-1001\$R818YCS,F:\$RECYCLE.BIN\S-1-5-21-1942464140-2856953516-1393776520-1001\$I818YCS,23,244494015,2026-09-17T20:17:40.0720000Z,SHA-256全部一致
F:\Documents\楚物志\tools\promotion-video\sample-10s.mp4,F:\$Recycle.Bin\S-1-5-21-1942464140-2856953516-1393776520-1001\$RKL11YR.mp4,F:\$RECYCLE.BIN\S-1-5-21-1942464140-2856953516-1393776520-1001\$IKL11YR.mp4,1,2592087,2026-09-17T20:17:41.6930000Z,SHA-256全部一致
F:\Documents\楚物志\.godot\imported,F:\$Recycle.Bin\S-1-5-21-1942464140-2856953516-1393776520-1001\$RNFGZNI,F:\$RECYCLE.BIN\S-1-5-21-1942464140-2856953516-1393776520-1001\$INFGZNI,2916,791531794,2026-09-17T20:17:45.6140000Z,SHA-256全部一致
F:\Documents\楚物志\.godot\shader_cache,F:\$Recycle.Bin\S-1-5-21-1942464140-2856953516-1393776520-1001\$RQE3PNJ,F:\$RECYCLE.BIN\S-1-5-21-1942464140-2856953516-1393776520-1001\$IQE3PNJ,9,2542789,2026-09-17T20:17:49.3720000Z,SHA-256全部一致
F:\Documents\楚物志\docs\AI三档难度与实战打磨（2026-09-15）.md,F:\$Recycle.Bin\S-1-5-21-1942464140-2856953516-1393776520-1001\$RYDZZ0A.md,F:\$RECYCLE.BIN\S-1-5-21-1942464140-2856953516-1393776520-1001\$IYDZZ0A.md,1,9943,2026-09-17T20:17:50.5590000Z,SHA-256全部一致
F:\Documents\楚物志\docs\AI并行开发与验收隔离（2026-09-15）.md,F:\$Recycle.Bin\S-1-5-21-1942464140-2856953516-1393776520-1001\$RKGJYHH.md,F:\$RECYCLE.BIN\S-1-5-21-1942464140-2856953516-1393776520-1001\$IKGJYHH.md,1,2146,2026-09-17T20:17:51.3310000Z,SHA-256全部一致
F:\Documents\楚物志\docs\AI策略缓存修正与后续对抗（2026-09-15）.md,F:\$Recycle.Bin\S-1-5-21-1942464140-2856953516-1393776520-1001\$RDVOBK1.md,F:\$RECYCLE.BIN\S-1-5-21-1942464140-2856953516-1393776520-1001\$IDVOBK1.md,1,9607,2026-09-17T20:17:52.0640000Z,SHA-256全部一致
F:\Documents\楚物志\docs\主体UI二次校正与实机审查（2026-09-15）.md,F:\$Recycle.Bin\S-1-5-21-1942464140-2856953516-1393776520-1001\$ROBYW7M.md,F:\$RECYCLE.BIN\S-1-5-21-1942464140-2856953516-1393776520-1001\$IOBYW7M.md,1,12596,2026-09-17T20:17:52.7720000Z,SHA-256全部一致
F:\Documents\楚物志\docs\五音乐关教学与像素制作记录（2026-09-13）.md,F:\$Recycle.Bin\S-1-5-21-1942464140-2856953516-1393776520-1001\$R6YOVR9.md,F:\$RECYCLE.BIN\S-1-5-21-1942464140-2856953516-1393776520-1001\$I6YOVR9.md,1,9954,2026-09-17T20:17:53.5720000Z,SHA-256全部一致
F:\Documents\楚物志\docs\传承任务素材处理记录（2026-09-09）.md,F:\$Recycle.Bin\S-1-5-21-1942464140-2856953516-1393776520-1001\$R2J1ELM.md,F:\$RECYCLE.BIN\S-1-5-21-1942464140-2856953516-1393776520-1001\$I2J1ELM.md,1,6567,2026-09-17T20:17:54.3320000Z,SHA-256全部一致
F:\Documents\楚物志\docs\传承小游戏体验复盘与重设计（2026-09-10）.md,F:\$Recycle.Bin\S-1-5-21-1942464140-2856953516-1393776520-1001\$R40AIUM.md,F:\$RECYCLE.BIN\S-1-5-21-1942464140-2856953516-1393776520-1001\$I40AIUM.md,1,29286,2026-09-17T20:17:55.2370000Z,SHA-256全部一致
F:\Documents\楚物志\docs\传承小游戏像素重构与验收记录（2026-09-13）.md,F:\$Recycle.Bin\S-1-5-21-1942464140-2856953516-1393776520-1001\$RJ4VBEZ.md,F:\$RECYCLE.BIN\S-1-5-21-1942464140-2856953516-1393776520-1001\$IJ4VBEZ.md,1,10658,2026-09-17T20:17:56.2970000Z,SHA-256全部一致
F:\Documents\楚物志\docs\传承小游戏动作关像素验证（2026-09-13）.md,F:\$Recycle.Bin\S-1-5-21-1942464140-2856953516-1393776520-1001\$RNK9V7Z.md,F:\$RECYCLE.BIN\S-1-5-21-1942464140-2856953516-1393776520-1001\$INK9V7Z.md,1,11161,2026-09-17T20:17:57.1800000Z,SHA-256全部一致
F:\Documents\楚物志\docs\传承小游戏第三版生成资产与全面实施（2026-09-14）.md,F:\$Recycle.Bin\S-1-5-21-1942464140-2856953516-1393776520-1001\$RGJ6670.md,F:\$RECYCLE.BIN\S-1-5-21-1942464140-2856953516-1393776520-1001\$IGJ6670.md,1,13834,2026-09-17T20:17:58.1120000Z,SHA-256全部一致
F:\Documents\楚物志\docs\传承小游戏第二轮样板与美术返工（2026-09-13）.md,F:\$Recycle.Bin\S-1-5-21-1942464140-2856953516-1393776520-1001\$ROULKGJ.md,F:\$RECYCLE.BIN\S-1-5-21-1942464140-2856953516-1393776520-1001\$IOULKGJ.md,1,8853,2026-09-17T20:17:59.0590000Z,SHA-256全部一致
F:\Documents\楚物志\docs\传承小游戏素材待补与用途（2026-09-14）.md,F:\$Recycle.Bin\S-1-5-21-1942464140-2856953516-1393776520-1001\$R78C99J.md,F:\$RECYCLE.BIN\S-1-5-21-1942464140-2856953516-1393776520-1001\$I78C99J.md,1,2436,2026-09-17T20:17:59.8510000Z,SHA-256全部一致
F:\Documents\楚物志\docs\传承小游戏素材补充清单（2026-09-10）.md,F:\$Recycle.Bin\S-1-5-21-1942464140-2856953516-1393776520-1001\$RUA90TE.md,F:\$RECYCLE.BIN\S-1-5-21-1942464140-2856953516-1393776520-1001\$IUA90TE.md,1,10166,2026-09-17T20:18:00.6760000Z,SHA-256全部一致
F:\Documents\楚物志\docs\传承小游戏重构实现与验收（2026-09-09）.md,F:\$Recycle.Bin\S-1-5-21-1942464140-2856953516-1393776520-1001\$RYUH23Q.md,F:\$RECYCLE.BIN\S-1-5-21-1942464140-2856953516-1393776520-1001\$IYUH23Q.md,1,9174,2026-09-17T20:18:01.5590000Z,SHA-256全部一致
F:\Documents\楚物志\docs\六音游教学与演出分离实施（2026-09-14）.md,F:\$Recycle.Bin\S-1-5-21-1942464140-2856953516-1393776520-1001\$RB4ZF9T.md,F:\$RECYCLE.BIN\S-1-5-21-1942464140-2856953516-1393776520-1001\$IB4ZF9T.md,1,10517,2026-09-17T20:18:02.6290000Z,SHA-256全部一致
F:\Documents\楚物志\docs\六项音乐小游戏第三版接入与验证（2026-09-14）.md,F:\$Recycle.Bin\S-1-5-21-1942464140-2856953516-1393776520-1001\$R9MQ00C.md,F:\$RECYCLE.BIN\S-1-5-21-1942464140-2856953516-1393776520-1001\$I9MQ00C.md,1,8309,2026-09-17T20:18:03.6550000Z,SHA-256全部一致
F:\Documents\楚物志\docs\出生点地图预览与放大修正（2026-09-15）.md,F:\$Recycle.Bin\S-1-5-21-1942464140-2856953516-1393776520-1001\$RTFPR2B.md,F:\$RECYCLE.BIN\S-1-5-21-1942464140-2856953516-1393776520-1001\$ITFPR2B.md,1,2228,2026-09-17T20:18:04.4470000Z,SHA-256全部一致
F:\Documents\楚物志\docs\十五关动作与场景联动复盘（2026-09-13）.md,F:\$Recycle.Bin\S-1-5-21-1942464140-2856953516-1393776520-1001\$REA63O8.md,F:\$RECYCLE.BIN\S-1-5-21-1942464140-2856953516-1393776520-1001\$IEA63O8.md,1,38713,2026-09-17T20:18:05.3370000Z,SHA-256全部一致
F:\Documents\楚物志\docs\参赛宣传视频与PPT方案（2026-09-15）.md,F:\$Recycle.Bin\S-1-5-21-1942464140-2856953516-1393776520-1001\$RHP0DF4.md,F:\$RECYCLE.BIN\S-1-5-21-1942464140-2856953516-1393776520-1001\$IHP0DF4.md,1,25390,2026-09-17T20:18:06.2650000Z,SHA-256全部一致
F:\Documents\楚物志\docs\四关像素表现与电视UI实施记录（2026-09-13）.md,F:\$Recycle.Bin\S-1-5-21-1942464140-2856953516-1393776520-1001\$RIH3ABM.md,F:\$RECYCLE.BIN\S-1-5-21-1942464140-2856953516-1393776520-1001\$IIH3ABM.md,1,7038,2026-09-17T20:18:07.1800000Z,SHA-256全部一致
F:\Documents\楚物志\docs\小游戏图鉴主题统一与加载Logo修正（2026-09-15）.md,F:\$Recycle.Bin\S-1-5-21-1942464140-2856953516-1393776520-1001\$RDIZLEB.md,F:\$RECYCLE.BIN\S-1-5-21-1942464140-2856953516-1393776520-1001\$IDIZLEB.md,1,3289,2026-09-17T20:18:08.1180000Z,SHA-256全部一致
F:\Documents\楚物志\docs\局内信息栏排版修正（2026-09-15）.md,F:\$Recycle.Bin\S-1-5-21-1942464140-2856953516-1393776520-1001\$R0ZK6J3.md,F:\$RECYCLE.BIN\S-1-5-21-1942464140-2856953516-1393776520-1001\$I0ZK6J3.md,1,1433,2026-09-17T20:18:09.0480000Z,SHA-256全部一致
F:\Documents\楚物志\docs\工程清理与提交记录（2026-09-15）.md,F:\$Recycle.Bin\S-1-5-21-1942464140-2856953516-1393776520-1001\$ROP01FE.md,F:\$RECYCLE.BIN\S-1-5-21-1942464140-2856953516-1393776520-1001\$IOP01FE.md,1,7242,2026-09-17T20:18:09.9750000Z,SHA-256全部一致
F:\Documents\楚物志\docs\拼图画质与信息栏修复（2026-09-15）.md,F:\$Recycle.Bin\S-1-5-21-1942464140-2856953516-1393776520-1001\$RYD91M9.md,F:\$RECYCLE.BIN\S-1-5-21-1942464140-2856953516-1393776520-1001\$IYD91M9.md,1,2444,2026-09-17T20:18:10.8800000Z,SHA-256全部一致
F:\Documents\楚物志\docs\清理文件实际去向核查（2026-09-15）.md,F:\$Recycle.Bin\S-1-5-21-1942464140-2856953516-1393776520-1001\$RULOTDL.md,F:\$RECYCLE.BIN\S-1-5-21-1942464140-2856953516-1393776520-1001\$IULOTDL.md,1,4142,2026-09-17T20:18:11.8290000Z,SHA-256全部一致
F:\Documents\楚物志\docs\生成美术动作样板与表现修复（2026-09-14）.md,F:\$Recycle.Bin\S-1-5-21-1942464140-2856953516-1393776520-1001\$RXTO1GM.md,F:\$RECYCLE.BIN\S-1-5-21-1942464140-2856953516-1393776520-1001\$IXTO1GM.md,1,6224,2026-09-17T20:18:12.7100000Z,SHA-256全部一致
F:\Documents\楚物志\docs\电脑AI接入与验收（2026-09-15）.md,F:\$Recycle.Bin\S-1-5-21-1942464140-2856953516-1393776520-1001\$RQJRNIJ.md,F:\$RECYCLE.BIN\S-1-5-21-1942464140-2856953516-1393776520-1001\$IQJRNIJ.md,1,8063,2026-09-17T20:18:13.6620000Z,SHA-256全部一致
F:\Documents\楚物志\docs\短入门教程实施与验收（2026-09-15）.md,F:\$Recycle.Bin\S-1-5-21-1942464140-2856953516-1393776520-1001\$RVX3T2H.md,F:\$RECYCLE.BIN\S-1-5-21-1942464140-2856953516-1393776520-1001\$IVX3T2H.md,1,7712,2026-09-17T20:18:14.6260000Z,SHA-256全部一致
F:\Documents\楚物志\docs\神舟路线容错与小游戏命名（2026-09-15）.md,F:\$Recycle.Bin\S-1-5-21-1942464140-2856953516-1393776520-1001\$RL4YVFS.md,F:\$RECYCLE.BIN\S-1-5-21-1942464140-2856953516-1393776520-1001\$IL4YVFS.md,1,2557,2026-09-17T20:18:15.5920000Z,SHA-256全部一致
F:\Documents\楚物志\docs\著作署名与参赛包替换（2026-09-16）.md,F:\$Recycle.Bin\S-1-5-21-1942464140-2856953516-1393776520-1001\$RFCOLL6.md,F:\$RECYCLE.BIN\S-1-5-21-1942464140-2856953516-1393776520-1001\$IFCOLL6.md,1,1514,2026-09-17T20:18:16.4630000Z,SHA-256全部一致
F:\Documents\楚物志\docs\连续音游与输入画面修订（2026-09-14）.md,F:\$Recycle.Bin\S-1-5-21-1942464140-2856953516-1393776520-1001\$RIJOZ05.md,F:\$RECYCLE.BIN\S-1-5-21-1942464140-2856953516-1393776520-1001\$IIJOZ05.md,1,8600,2026-09-17T20:18:17.2950000Z,SHA-256全部一致
F:\Documents\楚物志\docs\通用设置实施与验收（2026-09-15）.md,F:\$Recycle.Bin\S-1-5-21-1942464140-2856953516-1393776520-1001\$RL7472E.md,F:\$RECYCLE.BIN\S-1-5-21-1942464140-2856953516-1393776520-1001\$IL7472E.md,1,5257,2026-09-17T20:18:18.2270000Z,SHA-256全部一致
F:\Documents\楚物志\docs\键鼠切换与渲染性能优化（2026-09-14）.md,F:\$Recycle.Bin\S-1-5-21-1942464140-2856953516-1393776520-1001\$RYNXBHW.md,F:\$RECYCLE.BIN\S-1-5-21-1942464140-2856953516-1393776520-1001\$IYNXBHW.md,1,5944,2026-09-17T20:18:19.1760000Z,SHA-256全部一致
F:\Documents\楚物志\docs\传承任务原型素材替换清单.md,F:\$Recycle.Bin\S-1-5-21-1942464140-2856953516-1393776520-1001\$RF2FS1G.md,F:\$RECYCLE.BIN\S-1-5-21-1942464140-2856953516-1393776520-1001\$IF2FS1G.md,1,5030,2026-09-17T20:18:20.0990000Z,SHA-256全部一致
F:\Documents\楚物志\tools\promotion-video\fonts,F:\$Recycle.Bin\S-1-5-21-1942464140-2856953516-1393776520-1001\$R59VQVE,F:\$RECYCLE.BIN\S-1-5-21-1942464140-2856953516-1393776520-1001\$I59VQVE,4,23532966,2026-09-17T20:18:21.0950000Z,SHA-256全部一致
F:\Documents\楚物志\tools\package_pixel_release.py,F:\$Recycle.Bin\S-1-5-21-1942464140-2856953516-1393776520-1001\$REP6GHO.py,F:\$RECYCLE.BIN\S-1-5-21-1942464140-2856953516-1393776520-1001\$IEP6GHO.py,1,5334,2026-09-17T20:19:38.6850000Z,SHA-256全部一致
F:\Documents\楚物志\tools\sync_minigame_v3_docs.py,F:\$Recycle.Bin\S-1-5-21-1942464140-2856953516-1393776520-1001\$RYG1UVV.py,F:\$RECYCLE.BIN\S-1-5-21-1942464140-2856953516-1393776520-1001\$IYG1UVV.py,1,23193,2026-09-17T20:19:39.7970000Z,SHA-256全部一致
F:\Documents\楚物志\docs\prototypes\heritage-redesign-20260910.html,F:\$Recycle.Bin\S-1-5-21-1942464140-2856953516-1393776520-1001\$RKF9RDU.html,F:\$RECYCLE.BIN\S-1-5-21-1942464140-2856953516-1393776520-1001\$IKF9RDU.html,1,20550,2026-09-17T20:19:40.8840000Z,SHA-256全部一致
